year,country,sector,M,D,OUT,Mw,Dw,TLS
1995,AGO,B06,1396.227900,431.441300,3644.102900,35.786700,0.073800,2.702700
1995,AGO,B0609,1413.858600,434.868100,3932.018500,35.919100,0.075600,2.704700
1995,AGO,F,2207.944600,730.604600,6530.038600,15.228100,3.428800,6.806900
1995,AGO,F09,2190.313900,727.177800,6242.123000,15.095700,3.427000,6.804900
1995,ARE,B06,3902.552500,3377.673000,19579.456000,121.303700,64.968200,38.462100
1995,ARE,B0609,5177.928900,4473.731900,22368.764900,136.788600,74.292900,52.577400
1995,ARE,F,51209.692900,42598.151500,101037.333400,549.571400,357.250700,635.457600
1995,ARE,F09,49934.316500,41502.092600,98248.024500,534.086500,347.926000,621.342300
1995,ARG,B06,3441.002700,3192.295800,12990.662700,96.992700,3.334100,78.121000
1995,ARG,B0609,4058.234300,3768.564500,14389.167600,103.827500,3.745300,95.273400
1995,ARG,F,166529.509200,157504.235900,402884.911500,543.731900,102.177700,3431.570300
1995,ARG,F09,165912.277600,156927.967200,401486.406600,536.897100,101.766500,3414.417900
1995,AUS,B06,648.280900,581.258800,5608.486300,33.812000,18.002700,12.016200
1995,AUS,B0609,1840.708100,1675.519000,8657.285500,44.467600,24.103600,24.080800
1995,AUS,F,334601.691100,301642.299600,686775.048300,2619.029500,1704.911200,8198.065700
1995,AUS,F09,333409.263900,300548.039400,683726.249100,2608.373900,1698.810300,8186.001100
1995,AUT,B06,165.781800,105.317700,250.472700,0.421100,0.085600,5.884600
1995,AUT,B0609,185.305400,120.532000,294.883300,0.458100,0.092100,6.728500
1995,AUT,F,174880.108400,139112.937000,395838.976500,228.308100,58.607300,4193.819500
1995,AUT,F09,174860.584800,139097.722700,395794.565900,228.271100,58.600800,4192.975600
1995,BEL,B06,0.000000,0.000000,0.000000,0.000000,0.000000,0.000000
1995,BEL,B0609,3.999000,2.998500,42.100600,0.011800,0.003100,0.197900
1995,BEL,F,302262.041500,220614.163800,569688.050200,936.242300,275.707500,7785.297900
1995,BEL,F09,302258.042500,220611.165300,569645.949600,936.230500,275.704400,7785.100000
1995,BGD,B06,109.726200,89.279400,458.300200,15.930300,9.544200,1.053300
1995,BGD,B0609,120.093800,98.306600,485.149400,16.567000,9.932800,1.194300
1995,BGD,F,21422.184000,18894.074300,55893.571100,615.074900,404.270700,395.568100
1995,BGD,F09,21411.816400,18885.047100,55866.721900,614.438200,403.882100,395.427100
1995,BGR,B06,9.715300,8.209700,26.194700,0.393300,0.007500,0.294000
1995,BGR,B0609,9.836600,8.321400,26.368700,0.394600,0.007600,0.298100
1995,BGR,F,16547.999200,14667.900000,34508.798100,127.741400,20.684800,431.057800
1995,BGR,F09,16547.877900,14667.788300,34508.624100,127.740100,20.684700,431.053700
1995,BLR,B06,52.427900,40.099300,125.027900,2.353200,1.884300,2.197600
1995,BLR,B0609,69.239700,53.462000,165.833800,2.651700,2.126900,2.834100
1995,BLR,F,18925.016500,14388.115400,32494.808800,157.755600,132.903800,657.529800
1995,BLR,F09,18908.204700,14374.752700,32454.002900,157.457100,132.661200,656.893300
1995,BRA,B06,8220.022400,7374.767600,14337.933400,267.059100,7.835000,832.187100
1995,BRA,B0609,9031.550600,8146.441700,15884.955200,271.352400,8.115800,902.355900
1995,BRA,F,551431.095000,515382.179100,1244614.373100,2166.432200,486.377500,32883.581300
1995,BRA,F09,550619.566800,514610.505000,1243067.351300,2162.138900,486.096700,32813.412500
1995,BRN,B06,833.472700,667.876600,2772.930400,35.961200,34.978400,-0.432100
1995,BRN,B0609,934.060100,758.504700,3025.546100,37.254800,36.226000,-0.479400
1995,BRN,F,3590.867100,3159.709800,6957.706800,45.176000,42.997700,-4.157400
1995,BRN,F09,3490.279700,3069.081700,6705.091100,43.882400,41.750100,-4.110100
1995,CAN,B06,6549.849800,5413.440400,17345.975700,4.915100,3.680000,29.707500
1995,CAN,B0609,8800.748400,7202.623800,21581.402400,7.682500,5.384600,64.660200
1995,CAN,F,462335.912900,368665.262800,1023020.328900,1762.268000,659.942300,9480.265500
1995,CAN,F09,460085.014300,366876.079400,1018784.902200,1759.500600,658.237700,9445.312800
1995,CHE,B06,0.000000,0.000000,0.000000,0.000000,0.000000,0.000000
1995,CHE,B0609,90.838200,79.538900,175.783900,1.166000,0.650800,0.507400
1995,CHE,F,350466.520500,297077.547900,694549.454300,5804.858600,3420.924700,1739.073800
1995,CHE,F09,350375.682300,296998.009000,694373.670400,5803.692600,3420.273900,1738.566400
1995,CHL,B06,53.672500,44.437600,120.579900,1.311600,0.005300,2.979700
1995,CHL,B0609,119.979500,103.792700,371.133000,1.772900,0.055200,6.063500
1995,CHL,F,57316.629100,49219.246300,125842.213600,741.832900,311.186800,2604.564500
1995,CHL,F09,57250.322100,49159.891200,125591.660500,741.371600,311.136900,2601.480700
1995,CHN,B06,6574.307100,6026.681500,16239.342000,54.835700,39.556600,177.438700
1995,CHN,B0609,7436.335400,6849.768700,17740.403100,56.685900,40.938700,198.726500
1995,CHN,F,1121927.072700,1046400.775400,1823449.478200,7447.325700,5493.934400,20154.485100
1995,CHN,F09,1121065.044400,1045577.688200,1821948.417100,7445.475500,5492.552300,20133.197300
1995,CIV,B06,12.949800,9.112000,20.335400,0.475000,0.001200,0.275400
1995,CIV,B0609,17.639100,12.790000,26.849400,0.525000,0.001800,0.363100
1995,CIV,F,8332.091100,6794.970400,18803.098300,51.947600,7.665000,240.171800
1995,CIV,F09,8327.401800,6791.292400,18796.584300,51.897600,7.664400,240.084100
1995,CMR,B06,218.656000,157.136500,661.617800,1.870200,1.431500,6.529000
1995,CMR,B0609,247.731200,178.355600,736.351500,2.060700,1.583400,7.637200
1995,CMR,F,6143.672200,5386.471000,16152.982600,85.513300,63.573300,238.742500
1995,CMR,F09,6114.597000,5365.251900,16078.248900,85.322800,63.421400,237.634300
1995,COD,B06,57.238600,47.489900,283.602800,3.592900,0.297300,0.143800
1995,COD,B0609,77.267600,64.675400,342.841500,4.221300,0.419700,0.208900
1995,COD,F,4868.154000,4055.045200,13668.366600,110.733700,29.370900,25.327000
1995,COD,F09,4848.125000,4037.859700,13609.127900,110.105300,29.248500,25.261900
1995,COL,B06,1659.955200,1269.149900,5200.056900,247.506600,0.081400,17.051400
1995,COL,B0609,1688.284200,1296.140000,5257.007700,247.687800,0.086200,18.056600
1995,COL,F,76544.415800,66930.795000,162380.755900,445.260900,45.541700,2215.256300
1995,COL,F09,76516.086800,66903.804900,162323.805100,445.079700,45.536900,2214.251100
1995,CRI,B06,0.071200,0.045400,0.251400,0.014700,0.005800,0.004500
1995,CRI,B0609,0.102100,0.067800,0.332200,0.017200,0.006900,0.006900
1995,CRI,F,9103.762400,6660.343500,20071.362000,374.528000,169.118400,369.054200
1995,CRI,F09,9103.731500,6660.321100,20071.281200,374.525500,169.117300,369.051800
1995,CYP,B06,6.040600,5.421000,13.104300,4.109100,4.104500,0.069000
1995,CYP,B0609,6.176800,5.527800,13.324000,4.172400,4.167800,0.071700
1995,CYP,F,9338.605500,6730.427000,18541.275000,1467.603600,1459.885000,143.818200
1995,CYP,F09,9338.469300,6730.320200,18541.055300,1467.540300,1459.821700,143.815500
1995,CZE,B06,25.391200,20.619000,34.522500,0.051200,0.017500,0.762900
1995,CZE,B0609,67.060300,51.180700,102.834600,0.076200,0.034700,3.930400
1995,CZE,F,73962.725000,59060.952700,130803.587900,148.132600,57.803400,2177.587000
1995,CZE,F09,73921.055900,59030.391000,130735.275800,148.107600,57.786200,2174.419500
1995,DEU,B06,4587.723500,4041.103100,5885.275900,18.284800,12.295900,140.733000
1995,DEU,B0609,5412.981000,4750.760400,7397.094000,24.945000,16.900500,176.912100
1995,DEU,F,1971950.992400,1713127.684400,4358594.239000,5575.195100,3955.728400,45222.717800
1995,DEU,F09,1971125.734900,1712418.027100,4357082.420900,5568.534900,3951.123800,45186.538700
1995,DNK,B06,298.777600,241.123900,1545.686100,0.838100,0.707000,11.338100
1995,DNK,B0609,333.152600,268.399600,1609.776700,0.900500,0.757100,14.766700
1995,DNK,F,135232.217000,105916.887900,299275.913100,425.829400,352.443400,5101.907800
1995,DNK,F09,135197.842000,105889.612200,299211.822500,425.767000,352.393300,5098.479200
1995,EGY,B06,629.264900,492.382400,8330.253700,15.101100,3.935800,19.341500
1995,EGY,B0609,691.139300,537.753300,8547.781000,15.810300,4.196300,21.859600
1995,EGY,F,37219.359500,30081.480500,90036.186500,344.367900,197.091300,772.873100
1995,EGY,F09,37157.485100,30036.109600,89818.659200,343.658700,196.830800,770.355000
1995,ESP,B06,6.696700,5.115100,70.010300,0.605400,0.173500,0.293900
1995,ESP,B0609,50.137500,41.241800,183.809400,1.936200,0.559000,2.595100
1995,ESP,F,509540.470500,430551.743600,1087900.835600,4133.953100,1309.386300,9380.693000
1995,ESP,F09,509497.029700,430515.616900,1087787.036500,4132.622300,1309.000800,9378.391800
1995,EST,B06,26.080700,21.471800,58.171100,0.282400,0.164200,0.630900
1995,EST,B0609,54.045000,41.742200,117.602100,0.540100,0.332200,1.767200
1995,EST,F,4446.063000,2947.408900,8033.708500,87.472600,58.469600,151.638300
1995,EST,F09,4418.098700,2927.138500,7974.277500,87.214900,58.301600,150.502000
1995,FIN,B06,0.000000,0.000000,0.000000,0.000000,0.000000,0.000000
1995,FIN,B0609,2.522400,2.033500,4.171000,0.021100,0.007800,0.243000
1995,FIN,F,119275.317800,96688.593900,240849.594100,822.633700,381.738600,4005.034500
1995,FIN,F09,119272.795400,96686.560400,240845.423100,822.612600,381.730800,4004.791500
1995,FRA,B06,52.884500,49.030700,266.494200,0.514300,0.000000,2.905300
1995,FRA,B0609,217.197300,192.958400,443.893200,1.387600,0.000000,13.613100
1995,FRA,F,1231881.842800,1064222.992200,2711716.510700,2403.559100,819.346000,46699.477300
1995,FRA,F09,1231717.530000,1064079.064500,2711539.111700,2402.685800,819.346000,46688.769500
1995,GBR,B06,7369.074000,6466.284700,23346.893400,112.425600,37.444200,246.438000
1995,GBR,B0609,9950.496600,8751.709900,28833.499400,128.781400,43.233800,362.398200
1995,GBR,F,1026966.376000,882709.509800,2262240.068400,3573.558000,1606.429900,31890.057300
1995,GBR,F09,1024384.953400,880424.084600,2256753.462400,3557.202200,1600.640300,31774.097100
1995,GRC,B06,13.460200,10.797300,17.458600,0.649800,0.471900,0.625700
1995,GRC,B0609,23.337400,19.275100,39.537600,0.809000,0.588900,1.252400
1995,GRC,F,103714.320800,90073.766700,230268.407300,876.805100,665.470300,2003.239600
1995,GRC,F09,103704.443600,90065.288900,230246.328300,876.645900,665.353300,2002.612900
1995,HKG,B06,0.000000,0.000000,0.000000,0.000000,0.000000,0.000000
1995,HKG,B0609,85.848200,63.424400,108.328200,6.080500,2.497500,0.774200
1995,HKG,F,152234.083400,126714.679600,294843.062700,7145.912300,3354.311800,1528.053600
1995,HKG,F09,152148.235200,126651.255200,294734.734500,7139.831800,3351.814300,1527.279400
1995,HRV,B06,7.826000,5.537400,91.153700,0.599600,0.527100,1.278000
1995,HRV,B0609,46.443400,34.875200,155.390800,1.934700,1.703000,4.173900
1995,HRV,F,21023.330600,16984.715000,39597.349800,551.079900,488.535400,924.401000
1995,HRV,F09,20984.713200,16955.377200,39533.112700,549.744800,487.359500,921.505100
1995,HUN,B06,39.803600,29.977400,70.340800,0.471100,0.301400,2.481300
1995,HUN,B0609,53.017100,40.202800,108.764800,0.525300,0.335900,3.379500
1995,HUN,F,47994.761300,38781.081500,89077.317200,73.749200,46.109500,1731.580700
1995,HUN,F09,47981.547800,38770.856100,89038.893200,73.695000,46.075000,1730.682500
1995,IDN,B06,2863.829500,2153.889900,13975.795300,6.664300,5.403000,23.651100
1995,IDN,B0609,3639.124100,2824.475900,15855.867900,13.647200,11.318300,32.158600
1995,IDN,F,195690.702100,165492.326100,417794.746700,1227.334700,1089.794700,2951.283200
1995,IDN,F09,194915.407500,164821.740100,415914.674100,1220.351800,1083.879400,2942.775700
1995,IND,B06,3496.238700,3172.711700,7824.358300,36.267700,0.133600,212.513300
1995,IND,B0609,3615.258100,3280.218800,9109.046300,36.777500,0.179500,221.164700
1995,IND,F,355481.345200,328607.230100,686749.087600,830.033500,462.384400,15880.015700
1995,IND,F09,355362.325800,328499.723000,685464.399600,829.523700,462.338500,15871.364300
1995,IRL,B06,20.061700,11.439700,33.988100,1.709800,0.000900,0.637600
1995,IRL,B0609,53.719900,33.741100,79.000200,2.757400,0.002300,1.979600
1995,IRL,F,79485.573500,60771.508800,144068.238900,607.844900,36.966700,2155.840300
1995,IRL,F09,79451.915300,60749.207400,144023.226800,606.797300,36.965300,2154.498300
1995,ISL,B06,0.122200,0.092700,0.386300,0.019300,0.014000,0.009100
1995,ISL,B0609,0.122200,0.092700,0.386300,0.019300,0.014000,0.009100
1995,ISL,F,5777.932600,4711.430800,11921.256800,208.030000,159.348400,304.085900
1995,ISL,F09,5777.932600,4711.430800,11921.256800,208.030000,159.348400,304.085900
1995,ISR,B06,60.024700,39.843300,191.594300,4.375800,1.879300,4.352500
1995,ISR,B0609,84.618100,57.939500,245.648300,5.002100,2.176000,6.050100
1995,ISR,F,65913.133300,49592.259000,161916.359600,895.355900,490.327500,3259.799600
1995,ISR,F09,65888.539900,49574.162800,161862.305600,894.729600,490.030800,3258.102000
1995,ITA,B06,3103.301000,1984.724100,8231.260900,607.377400,4.096800,75.963800
1995,ITA,B0609,3125.604400,2001.124600,8467.805100,611.303200,4.122000,77.282200
1995,ITA,F,1101005.447600,955536.764900,2193024.929300,10811.345200,3501.367700,35541.628000
1995,ITA,F09,1100983.144200,955520.364400,2192788.385100,10807.419400,3501.342500,35540.309600
1995,JOR,B06,23.431400,14.128400,60.785800,1.497700,0.001000,0.646600
1995,JOR,B0609,41.421900,25.673100,107.967900,2.011700,0.002400,1.343500
1995,JOR,F,6460.227500,3995.998000,12531.193800,55.775200,6.812100,246.991000
1995,JOR,F09,6442.237000,3984.453300,12484.011700,55.261200,6.810700,246.294100
1995,JPN,B06,382.751100,373.511300,1023.490000,0.487400,0.480400,12.712100
1995,JPN,B0609,1852.805200,1751.251300,3803.007300,6.088000,3.027700,143.068800
1995,JPN,F,4245780.738400,4022035.896100,9602842.420500,26605.323900,18159.288500,134317.205800
1995,JPN,F09,4244310.684300,4020658.156100,9600062.903200,26599.723300,18156.741200,134186.849100
1995,KAZ,B06,5121.127500,4441.403200,8459.124200,15.820100,10.531200,140.159400
1995,KAZ,B0609,5355.805800,4639.643100,8865.904900,16.245600,10.818000,161.124700
1995,KAZ,F,17727.042600,14384.577500,34709.022600,34.597900,22.873100,469.541500
1995,KAZ,F09,17492.364300,14186.337600,34302.241900,34.172400,22.586300,448.576200
1995,KHM,B06,0.000000,0.000000,0.000000,0.000000,0.000000,0.000000
1995,KHM,B0609,3.034900,2.539900,7.495400,0.038200,0.000400,0.041800
1995,KHM,F,2325.181200,1858.057800,5561.085500,20.900800,2.767500,34.762800
1995,KHM,F09,2322.146300,1855.517900,5553.590100,20.862600,2.767100,34.721000
1995,KOR,B06,31.101500,22.197900,135.507100,6.508900,3.407300,0.804200
1995,KOR,B0609,32.616100,23.424900,147.616000,6.611800,3.462200,0.866500
1995,KOR,F,600540.407400,497169.125700,1133496.841400,10473.145000,6390.264900,17014.931100
1995,KOR,F09,600538.892800,497167.898700,1133484.732500,10473.042100,6390.210000,17014.868800
1995,LAO,B06,1.528800,1.034100,17.101000,0.047300,0.005200,0.028900
1995,LAO,B0609,6.381200,5.205900,34.272300,0.080400,0.009800,0.085300
1995,LAO,F,935.666600,663.151400,2690.604100,7.523100,1.108300,24.506200
1995,LAO,F09,930.814200,658.979600,2673.432800,7.490000,1.103700,24.449800
1995,LTU,B06,8.429200,4.582600,19.386500,0.586000,0.374400,0.396600
1995,LTU,B0609,8.841500,4.835100,22.698200,0.597800,0.382000,0.421900
1995,LTU,F,6707.107200,4956.416500,12954.230700,77.440600,52.140300,273.330800
1995,LTU,F09,6706.694900,4956.164000,12950.919000,77.428800,52.132700,273.305500
1995,LUX,B06,0.000000,0.000000,0.000000,0.000000,0.000000,0.000000
1995,LUX,B0609,0.000000,0.000000,0.000000,0.000000,0.000000,0.000000
1995,LUX,F,19264.925900,9698.237500,38593.873900,67.024800,9.429100,537.606700
1995,LUX,F09,19264.925900,9698.237500,38593.873900,67.024800,9.429100,537.606700
1995,LVA,B06,0.000000,0.000000,0.000000,0.000000,0.000000,0.000000
1995,LVA,B0609,0.012900,0.010600,0.166700,0.000600,0.000600,0.001200
1995,LVA,F,4952.152600,3976.343000,9956.872600,102.877100,88.678100,200.086100
1995,LVA,F09,4952.139700,3976.332400,9956.705900,102.876500,88.677500,200.084900
1995,MAR,B06,1.406300,1.051600,7.339700,0.069600,0.000100,0.099500
1995,MAR,B0609,3.422400,2.647600,29.115200,0.101700,0.000300,0.251100
1995,MAR,F,27966.346800,21804.227300,64241.899900,222.264300,53.905800,1377.946500
1995,MAR,F09,27964.330700,21802.631300,64220.124400,222.232200,53.905600,1377.794900
1995,MEX,B06,2531.743400,2293.148200,20168.703800,36.595200,0.110200,21.714700
1995,MEX,B0609,3150.486800,2860.684800,21227.808200,39.876000,0.185600,28.917600
1995,MEX,F,275251.392200,232663.830400,629620.500100,822.337100,319.179800,3548.246900
1995,MEX,F09,274632.648800,232096.293800,628561.395700,819.056300,319.104400,3541.044000
1995,MLT,B06,1.869100,1.425400,2.905800,0.111500,0.017900,0.031500
1995,MLT,B0609,10.603300,7.868000,19.664100,0.371400,0.068500,0.256300
1995,MLT,F,5283.213500,3858.927400,8704.755600,66.346500,21.019800,119.858000
1995,MLT,F09,5274.479300,3852.484800,8687.997300,66.086600,20.969200,119.633200
1995,MMR,B06,184.527800,112.971300,353.726300,21.334000,9.309100,2.114100
1995,MMR,B0609,186.109100,114.098800,356.904700,21.397400,9.339300,2.130900
1995,MMR,F,6861.323300,6044.724400,13524.941200,70.180000,42.092500,29.705700
1995,MMR,F09,6859.742000,6043.596900,13521.762800,70.116600,42.062300,29.688900
1995,MYS,B06,8227.039100,5842.899700,12888.596800,288.240500,1.535200,39.151200
1995,MYS,B0609,8900.283400,6291.603500,14138.316300,298.402600,2.301400,43.249900
1995,MYS,F,146749.644500,100109.434700,230691.874100,1147.069300,209.864300,561.052100
1995,MYS,F09,146076.400200,99660.730900,229442.154600,1136.907200,209.098100,556.953400
1995,NGA,B06,3789.755400,3031.219900,11187.816100,355.514900,0.539500,56.624900
1995,NGA,B0609,3795.751900,3036.244300,11200.494800,355.722700,0.540600,56.716600
1995,NGA,F,30278.648500,27804.279500,72716.983500,251.940600,13.859900,615.065800
1995,NGA,F09,30272.652000,27799.255100,72704.304800,251.732800,13.858800,614.974100
1995,NLD,B06,1664.783400,1076.615800,10843.769200,15.930900,5.861400,11.120300
1995,NLD,B0609,3013.210200,2006.610100,13969.944100,17.724500,7.318800,40.459700
1995,NLD,F,393871.726200,292099.020900,804759.339900,3697.888200,1778.985100,9316.492700
1995,NLD,F09,392523.299400,291169.026600,801633.165000,3696.094600,1777.527700,9287.153300
1995,NOR,B06,2451.733600,1894.714200,19744.152400,230.436900,79.770800,116.842400
1995,NOR,B0609,2933.654700,2276.046200,20736.757700,249.136700,87.046700,142.988100
1995,NOR,F,110865.784900,88270.853400,230004.209700,4754.140400,2002.192900,4475.148200
1995,NOR,F09,110383.863800,87889.521400,229011.604400,4735.440600,1994.917000,4449.002500
1995,NZL,B06,95.127500,69.602400,267.133100,1.545000,1.200500,1.698800
1995,NZL,B0609,224.257300,167.812900,451.019200,1.683300,1.278500,4.090500
1995,NZL,F,64402.761800,55993.495300,121727.939800,235.274700,191.589800,1195.027500
1995,NZL,F09,64273.632000,55895.284800,121544.053700,235.136400,191.511800,1192.635800
1995,PAK,B06,622.895800,529.788600,1650.497500,31.852400,24.172800,18.352700
1995,PAK,B0609,667.075400,567.972400,1759.700300,32.620700,24.771200,19.724100
1995,PAK,F,53125.411100,49084.284600,117890.652700,523.428100,433.034000,509.776900
1995,PAK,F09,53081.231500,49046.100800,117781.449900,522.659800,432.435600,508.405500
1995,PER,B06,545.944900,487.727700,1465.169900,8.062700,0.474200,24.718700
1995,PER,B0609,832.990900,762.157100,2336.588000,8.204000,0.547100,27.262500
1995,PER,F,42436.456600,38131.209700,91012.604900,133.175800,26.811400,1408.519300
1995,PER,F09,42149.410600,37856.780300,90141.186800,133.034500,26.738500,1405.975500
1995,PHL,B06,139.989800,98.722900,473.068500,18.550300,0.037600,2.245900
1995,PHL,B0609,167.724800,113.810500,526.166000,20.348000,0.050300,2.788600
1995,PHL,F,69249.760700,50586.815500,148555.065400,1954.440100,101.436200,1188.857700
1995,PHL,F09,69222.025700,50571.727900,148501.967900,1952.642400,101.423500,1188.315000
1995,POL,B06,36.154700,30.964400,56.749000,0.689600,0.379800,1.640100
1995,POL,B0609,99.850900,80.915100,190.995500,1.093100,0.606400,4.733600
1995,POL,F,136128.866200,121277.224400,265637.897500,372.497400,219.906500,4016.591200
1995,POL,F09,136065.170000,121227.273700,265503.651000,372.093900,219.679900,4013.497700
1995,PRT,B06,0.000000,0.000000,0.000000,0.000000,0.000000,0.000000
1995,PRT,B0609,3.664300,3.097000,9.112200,0.005200,0.003200,0.175800
1995,PRT,F,119886.902700,98460.282200,227330.349500,141.336600,76.920600,3315.229700
1995,PRT,F09,119883.238400,98457.185200,227321.237300,141.331400,76.917400,3315.053900
1995,ROU,B06,340.145700,301.264700,763.704400,11.108200,6.292100,5.464600
1995,ROU,B0609,542.320900,473.457800,1188.823100,14.216100,8.087600,14.210000
1995,ROU,F,42606.617300,36839.254100,77944.116600,268.533800,170.993200,262.714000
1995,ROU,F09,42404.442100,36667.061000,77518.997900,265.425900,169.197700,253.968600
1995,RUS,B06,2595.482300,2534.913900,26271.304000,10.130000,1.509000,10.836600
1995,RUS,B0609,19343.849600,18177.087300,45604.552600,77.691200,11.961600,1117.858600
1995,RUS,F,285125.335800,257012.807400,580783.345100,1009.173700,313.568500,6957.102600
1995,RUS,F09,268376.968500,241370.634000,561450.096500,941.612500,303.115900,5850.080600
1995,SAU,B06,7898.598300,6795.563500,48085.027100,30.729400,28.089400,55.901500
1995,SAU,B0609,7973.181300,6857.392000,48277.982600,30.909700,28.249600,56.621900
1995,SAU,F,64154.460800,50876.022300,165783.647200,143.069500,122.109400,607.353500
1995,SAU,F09,64079.877800,50814.193800,165590.691700,142.889200,121.949200,606.633100
1995,SEN,B06,1.492000,0.605100,1.785800,0.480400,0.000300,0.033000
1995,SEN,B0609,4.671000,2.564900,5.201500,0.935700,0.002600,0.129600
1995,SEN,F,4208.086200,3360.666400,10300.124400,155.906700,3.024900,92.132800
1995,SEN,F09,4204.907200,3358.706600,10296.708700,155.451400,3.022600,92.036200
1995,SGP,B06,0.000000,0.000000,0.000000,0.000000,0.000000,0.000000
1995,SGP,B0609,0.000000,0.000000,0.000000,0.000000,0.000000,0.000000
1995,SGP,F,132888.704800,89863.262900,216884.571400,9761.763700,5650.866500,2105.483400
1995,SGP,F09,132888.704800,89863.262900,216884.571400,9761.763700,5650.866500,2105.483400
1995,STP,B06,0.121200,0.065000,0.267800,0.045800,0.000100,0.000700
1995,STP,B0609,0.206500,0.128000,0.410200,0.060800,0.000200,0.001100
1995,STP,F,145.913800,124.898400,243.940700,5.704600,0.200500,0.383800
1995,STP,F09,145.828500,124.835400,243.798300,5.689600,0.200400,0.383400
1995,SVK,B06,0.355300,0.237500,0.471600,0.000400,0.000300,0.043600
1995,SVK,B0609,146.820500,110.325900,161.122100,0.472300,0.261000,7.026600
1995,SVK,F,25812.051500,19370.202300,44427.445900,33.531500,17.600100,1246.159300
1995,SVK,F09,25665.586300,19260.113900,44266.795400,33.059600,17.339400,1239.176300
1995,SVN,B06,0.000000,0.000000,0.000000,0.000000,0.000000,0.000000
1995,SVN,B0609,4.502500,3.662000,4.885600,0.011000,0.009900,0.223800
1995,SVN,F,21648.739700,16496.572500,40884.344300,31.545300,24.459400,850.095400
1995,SVN,F09,21644.237200,16492.910500,40879.458700,31.534300,24.449500,849.871600
1995,SWE,B06,21.479400,16.590300,34.828800,0.814000,0.400700,1.194600
1995,SWE,B0609,75.267200,59.421600,124.055900,2.611600,1.301100,4.963000
1995,SWE,F,238562.806000,194316.408100,484207.456800,3550.802200,2066.981300,10762.685000
1995,SWE,F09,238509.018200,194273.576800,484118.229700,3549.004600,2066.080900,10758.916600
1995,THA,B06,2245.284100,1380.701300,3348.956500,3.156700,1.569700,94.157700
1995,THA,B0609,2349.197400,1449.097700,4435.026400,4.327800,1.570600,98.756800
1995,THA,F,185784.048600,141590.807800,344732.352500,2267.259500,679.948700,6618.356900
1995,THA,F09,185680.135300,141522.411400,343646.282600,2266.088400,679.947800,6613.757800
1995,TUN,B06,281.831300,183.903400,911.917200,23.427600,0.012400,4.568900
1995,TUN,B0609,326.228200,214.321600,998.027200,24.810000,0.016600,5.580500
1995,TUN,F,16708.340300,12137.148600,34620.995400,247.947800,41.449300,279.024000
1995,TUN,F09,16663.943400,12106.730400,34534.885400,246.565400,41.445100,278.012400
1995,TUR,B06,91.855300,77.077600,463.584700,2.585500,0.039500,7.002900
1995,TUR,B0609,102.140700,86.039200,588.186700,2.687500,0.045600,7.758000
1995,TUR,F,166087.544100,145768.190400,381815.413200,1060.729600,563.027300,7645.793000
1995,TUR,F09,166077.258700,145759.228800,381690.811200,1060.627600,563.021200,7645.037900
1995,TWN,B06,89.881100,63.762900,275.466500,8.991400,8.482300,0.865400
1995,TWN,B0609,343.334100,248.335800,728.469800,18.851700,17.712200,4.177800
1995,TWN,F,321510.570300,240934.261600,591434.084600,4258.123300,3847.979400,2982.876500
1995,TWN,F09,321257.117300,240749.688700,590981.081300,4248.263000,3838.749500,2979.564100
1995,UKR,B06,1142.545800,770.507400,2110.778700,43.704000,35.253600,41.367200
1995,UKR,B0609,1772.703400,1208.945800,2781.621700,54.090500,43.711900,66.847800
1995,UKR,F,59536.512400,48907.028200,105890.128200,563.925300,467.291800,1032.532000
1995,UKR,F09,58906.354800,48468.589800,105219.285200,553.538800,458.833500,1007.051400
1995,USA,B06,33564.269800,30863.552300,73258.796000,500.875900,305.314500,586.962100
1995,USA,B0609,41611.899700,38458.717800,90200.720400,543.699200,332.033300,802.993200
1995,USA,F,5938880.703900,5559741.429300,13314472.708900,15423.257000,10590.150400,80256.852000
1995,USA,F09,5930833.074000,5552146.263800,13297530.784500,15380.433700,10563.431600,80040.820900
1995,VNM,B06,1388.221100,1184.839500,3647.833400,2.845700,1.426900,56.826300
1995,VNM,B0609,1433.765000,1221.488700,3732.952600,2.952700,1.489300,59.624800
1995,VNM,F,20042.477600,15546.276800,37436.586300,66.326700,45.740100,1076.051500
1995,VNM,F09,19996.933700,15509.627600,37351.467100,66.219700,45.677700,1073.253000
1995,ZAF,B06,720.458500,622.113200,860.027700,36.150800,0.001800,32.447700
1995,ZAF,B0609,995.486100,872.917800,1243.810000,40.634500,0.002600,45.474900
1995,ZAF,F,158051.368300,139929.966900,321863.670800,1120.000500,55.830200,5240.063600
1995,ZAF,F09,157776.340700,139679.162300,321479.888500,1115.516800,55.829400,5227.036400
1995,ROW,B06,43964.003300,39029.390500,131018.471200,1227.104200,324.900000,-12.911100
1995,ROW,B0609,52795.170900,45901.266500,147876.211700,1355.128300,378.232100,24.206900
1995,ROW,F,710160.883100,579834.569100,1457115.759100,9200.562600,5005.209100,4817.792200
1995,ROW,F09,701329.715500,572962.693100,1440258.018600,9072.538500,4951.877000,4780.674200
1996,AGO,B06,1610.880000,643.009600,4781.007600,54.775600,0.104100,10.985000
1996,AGO,B0609,1683.610800,666.643900,5105.173400,55.348300,0.111600,11.224600
1996,AGO,F,3219.727900,1381.677500,8951.463900,32.914700,5.004000,39.220600
1996,AGO,F09,3146.997100,1358.043200,8627.298100,32.342000,4.996500,38.981000
1996,ARE,B06,5053.835500,4128.228700,23684.654900,170.820900,74.021300,61.158400
1996,ARE,B0609,6443.400400,5258.872700,26789.060900,189.067600,83.508900,80.848000
1996,ARE,F,55957.251700,43822.431700,110849.870400,645.955300,373.526800,814.887700
1996,ARE,F09,54567.686800,42691.787700,107745.464400,627.708600,364.039200,795.198100
1996,ARG,B06,3939.723700,3654.386300,15482.004200,105.516300,0.621800,89.890000
1996,ARG,B0609,4662.515800,4326.915900,17148.713500,112.923700,0.890400,109.880200
1996,ARG,F,176857.228800,166382.418400,424063.960300,588.173400,101.580300,3964.589300
1996,ARG,F09,176134.436700,165709.888800,422397.251000,580.766000,101.311700,3944.599100
1996,AUS,B06,678.132600,612.991200,6946.821500,34.617600,18.730400,12.075800
1996,AUS,B0609,2698.318700,2476.382800,10926.090500,49.657200,27.557100,33.523000
1996,AUS,F,374260.160100,338242.347700,767431.591000,2942.262100,1936.052800,9183.986100
1996,AUS,F09,372239.974000,336378.956100,763452.322000,2927.222500,1927.226100,9162.538900
1996,AUT,B06,162.074000,116.461800,266.386900,1.795100,0.484400,5.980500
1996,AUT,B0609,182.229000,131.797800,311.947100,1.870400,0.505900,6.886500
1996,AUT,F,173434.284100,135731.099100,390181.565400,273.935100,94.062600,4539.146000
1996,AUT,F09,173414.129100,135715.763100,390136.005200,273.859800,94.041100,4538.240000
1996,BEL,B06,0.000000,0.000000,0.000000,0.000000,0.000000,0.000000
1996,BEL,B0609,4.746200,3.572300,37.117000,0.028900,0.009100,0.243200
1996,BEL,F,296222.483800,214310.059800,555407.965100,1376.126800,515.966100,8729.731800
1996,BEL,F09,296217.737600,214306.487500,555370.848100,1376.097900,515.957000,8729.488600
1996,BGD,B06,107.290900,84.346100,486.634700,16.592200,9.478800,1.117300
1996,BGD,B0609,116.823000,92.438100,511.717900,17.181200,9.823000,1.258300
1996,BGD,F,23309.096400,20253.374200,60650.968500,714.946200,451.178100,443.473000
1996,BGD,F09,23299.564300,20245.282200,60625.885300,714.357200,450.833900,443.332000
1996,BGR,B06,4.855100,2.868000,18.115800,0.218400,0.000300,0.294400
1996,BGR,B0609,4.925400,2.922400,18.236100,0.219100,0.000300,0.298300
1996,BGR,F,10951.271400,8327.560400,22660.714700,128.493900,12.874300,442.874300
1996,BGR,F09,10951.201100,8327.506000,22660.594400,128.493200,12.874300,442.870400
1996,BLR,B06,41.773500,31.186000,117.580300,1.176100,0.877500,4.551300
1996,BLR,B0609,57.378600,43.339200,157.835000,1.357900,1.018000,6.060700
1996,BLR,F,16755.082800,12917.776400,30799.019300,121.063400,99.773200,1024.337800
1996,BLR,F09,16739.477700,12905.623200,30758.764600,120.881600,99.632700,1022.828400
1996,BRA,B06,7109.367200,6622.928300,14520.566000,137.850800,29.724400,586.389300
1996,BRA,B0609,7766.646500,7247.004300,16088.946600,141.363700,30.598400,638.442400
1996,BRA,F,583595.232200,549071.199700,1351244.266400,1844.611800,681.882700,30967.619600
1996,BRA,F09,582937.952900,548447.123700,1349675.885800,1841.098900,681.008700,30915.566500
1996,BRN,B06,841.534700,669.490400,2930.222800,35.616500,34.676300,-0.525300
1996,BRN,B0609,942.521000,757.503200,3194.929300,36.948600,35.952500,-0.582500
1996,BRN,F,3980.233400,3484.183600,7627.216300,49.183100,46.770700,-4.925000
1996,BRN,F09,3879.247100,3396.170800,7362.509800,47.851000,45.494500,-4.867800
1996,CAN,B06,7837.679300,6466.595200,22111.471800,160.212800,48.145000,97.969100
1996,CAN,B0609,10274.253300,8489.131500,27117.981500,178.026300,53.956400,137.549900
1996,CAN,F,493634.093000,385992.182700,1075366.912800,1656.274300,723.670800,10306.352400
1996,CAN,F09,491197.519000,383969.646400,1070360.403100,1638.460800,717.859400,10266.771600
1996,CHE,B06,0.000000,0.000000,0.000000,0.000000,0.000000,0.000000
1996,CHE,B0609,79.021900,68.676000,159.007800,1.019100,0.554400,0.759300
1996,CHE,F,343986.460700,290989.334300,675726.572000,5907.402100,3308.053500,1506.367000
1996,CHE,F09,343907.438800,290920.658300,675567.564200,5906.383000,3307.499100,1505.607700
1996,CHL,B06,56.611700,43.571300,126.511100,0.444300,0.073100,2.776800
1996,CHL,B0609,125.346700,105.389000,388.746100,0.842000,0.170700,6.053100
1996,CHL,F,60187.064200,51106.028500,132298.144800,945.485800,358.941100,2800.969200
1996,CHL,F09,60118.329200,51044.210800,132035.909800,945.088100,358.843500,2797.692900
1996,CHN,B06,5420.733200,5007.697400,16858.203900,71.775400,0.004600,167.275900
1996,CHN,B0609,6440.433600,5962.500800,18667.135700,76.207900,0.005800,200.686300
1996,CHN,F,1295033.332900,1206411.473100,2115945.273600,4455.732000,2439.032900,27750.196800
1996,CHN,F09,1294013.632500,1205456.669700,2114136.341800,4451.299500,2439.031700,27716.786400
1996,CIV,B06,14.792900,10.191100,22.587800,0.059900,0.002400,0.079200
1996,CIV,B0609,20.111500,14.074100,29.823300,0.073400,0.003700,0.112800
1996,CIV,F,9462.394700,7618.738500,20869.525200,67.361000,12.463200,299.445100
1996,CIV,F09,9457.076100,7614.855500,20862.289700,67.347500,12.461900,299.411500
1996,CMR,B06,320.105000,214.377600,969.336200,1.338200,1.133100,3.717700
1996,CMR,B0609,359.297600,240.383400,1069.157000,1.523000,1.290200,4.673100
1996,CMR,F,6096.214600,4988.510700,16074.164800,75.616000,56.824200,277.487900
1996,CMR,F09,6057.022000,4962.504900,15974.344000,75.431200,56.667100,276.532500
1996,COD,B06,46.387000,32.389000,257.315900,7.473600,0.011800,0.167100
1996,COD,B0609,64.044000,46.927200,310.614300,8.425200,0.095600,0.229500
1996,COD,F,4994.715000,4015.155400,14040.672900,144.839500,27.284600,23.002300
1996,COD,F09,4977.058000,4000.617200,13987.374500,143.887900,27.200800,22.939900
1996,COL,B06,1569.286700,1152.573300,5602.996000,276.192300,0.034800,13.173100
1996,COL,B0609,1598.323600,1180.128000,5664.374600,276.404700,0.038100,14.002200
1996,COL,F,83071.818000,72805.472300,175247.507400,548.118200,51.785200,2134.779000
1996,COL,F09,83042.781100,72777.917600,175186.128800,547.905800,51.781900,2133.949900
1996,CRI,B06,0.081800,0.047900,0.253600,0.017700,0.006100,0.005400
1996,CRI,B0609,0.115000,0.070900,0.335100,0.020300,0.007200,0.008100
1996,CRI,F,9122.956700,6484.792600,20154.449900,397.727500,158.602000,395.545600
1996,CRI,F09,9122.923500,6484.769600,20154.368400,397.724900,158.600900,395.542900
1996,CYP,B06,6.084800,5.689300,13.104900,4.924600,4.918600,0.039300
1996,CYP,B0609,6.222600,5.803000,13.324600,5.004800,4.998800,0.041200
1996,CYP,F,9612.973000,6996.905100,18949.244800,1435.453200,1427.630600,158.394100
1996,CYP,F09,9612.835200,6996.791400,18949.025100,1435.373000,1427.550400,158.392200
1996,CZE,B06,20.584300,16.777000,34.388700,0.055200,0.014100,0.877600
1996,CZE,B0609,57.799700,41.485800,103.365700,0.082100,0.031200,8.296000
1996,CZE,F,80390.796900,64781.693700,144222.620900,185.407100,65.736300,2656.107600
1996,CZE,F09,80353.581500,64756.984900,144153.643900,185.380200,65.719200,2648.689200
1996,DEU,B06,3050.669700,2674.665400,3728.831800,8.722200,7.239700,95.960500
1996,DEU,B0609,3782.793900,3307.553200,4840.901400,77.582600,65.406200,147.403800
1996,DEU,F,1901504.552700,1643131.001900,4221157.732700,9792.457500,8144.114800,56515.884700
1996,DEU,F09,1900772.428500,1642498.114100,4220045.663100,9723.597100,8085.948300,56464.441400
1996,DNK,B06,265.463800,211.762800,2082.009300,1.060200,0.908600,8.668300
1996,DNK,B0609,306.150700,244.280300,2161.145200,1.146800,0.979100,12.758500
1996,DNK,F,136342.782800,106824.906600,301601.833600,495.914700,409.483300,5562.224100
1996,DNK,F09,136302.095900,106792.389100,301522.697700,495.828100,409.412800,5558.133900
1996,EGY,B06,732.307200,588.681600,9501.735000,17.276900,3.980500,25.277700
1996,EGY,B0609,803.376000,642.407200,9750.144900,18.035800,4.246600,28.303000
1996,EGY,F,42346.476400,34801.113700,102540.688300,370.014100,210.638300,882.698000
1996,EGY,F09,42275.407600,34747.388100,102292.278400,369.255200,210.372200,879.672700
1996,ESP,B06,6.114200,4.773000,64.300600,0.285100,0.085300,0.305300
1996,ESP,B0609,50.381900,41.721800,171.911600,1.539400,0.453600,2.729600
1996,ESP,F,539396.409200,456081.099300,1143569.010000,4102.883000,1299.146900,10605.857100
1996,ESP,F09,539352.141500,456044.150500,1143461.399000,4101.628700,1298.778600,10603.432800
1996,EST,B06,32.164900,26.184800,71.232800,0.147700,0.020500,0.896200
1996,EST,B0609,66.693200,51.293300,144.008900,0.306000,0.096400,2.344400
1996,EST,F,5107.540300,3389.351400,9471.097800,54.322300,26.375900,189.848700
1996,EST,F09,5073.012000,3364.242900,9398.321700,54.164000,26.300000,188.400500
1996,FIN,B06,0.000000,0.000000,0.000000,0.000000,0.000000,0.000000
1996,FIN,B0609,1.301600,1.044300,2.532900,0.009500,0.001600,0.122000
1996,FIN,F,119485.153300,96220.129400,239259.364700,907.406200,393.336800,4324.243200
1996,FIN,F09,119483.851700,96219.085100,239256.831800,907.396700,393.335200,4324.121200
1996,FRA,B06,48.657000,41.929000,257.054400,0.521600,0.000100,3.475600
1996,FRA,B0609,202.461300,178.748500,423.185600,0.978800,0.000300,13.488300
1996,FRA,F,1223608.268500,1052963.288600,2705762.956800,2449.268000,653.791900,50098.811400
1996,FRA,F09,1223454.464200,1052826.469100,2705596.825600,2448.810800,653.791700,50088.798700
1996,GBR,B06,6940.272800,6084.406500,26740.159400,110.765800,34.466600,245.001700
1996,GBR,B0609,9687.222800,8506.282800,33048.812300,127.908200,40.260600,369.926100
1996,GBR,F,1085770.209900,928565.009200,2389332.888700,4062.522100,1758.708800,33365.055500
1996,GBR,F09,1083023.259900,926143.132900,2383024.235800,4045.379700,1752.914800,33240.131100
1996,GRC,B06,13.617000,11.017900,17.923600,0.487200,0.370800,0.716100
1996,GRC,B0609,23.284800,19.311900,40.590700,0.600500,0.458100,1.386800
1996,GRC,F,108100.181600,93164.318100,242714.344600,785.395000,622.212400,2576.306200
1996,GRC,F09,108090.513800,93156.024100,242691.677500,785.281700,622.125100,2575.635500
1996,HKG,B06,0.000000,0.000000,0.000000,0.000000,0.000000,0.000000
1996,HKG,B0609,97.906700,73.397900,119.863200,6.843300,2.849700,0.765000
1996,HKG,F,169547.918500,141137.728700,327678.914400,8507.869800,3965.584800,1338.368300
1996,HKG,F09,169450.011800,141064.330800,327559.051200,8501.026500,3962.735100,1337.603300
1996,HRV,B06,14.269400,9.336800,77.335900,0.785100,0.659400,2.515300
1996,HRV,B0609,56.907000,40.256900,139.175500,1.797000,1.512100,4.945500
1996,HRV,F,21740.315700,17414.298600,41358.646800,508.336600,431.888100,840.224800
1996,HRV,F09,21697.678100,17383.378500,41296.807200,507.324700,431.035400,837.794600
1996,HUN,B06,40.984700,30.421200,70.351200,0.788500,0.619900,2.819600
1996,HUN,B0609,55.412500,41.417900,108.780900,0.878400,0.690500,3.813100
1996,HUN,F,49162.506400,39111.112500,90809.057000,145.788100,114.073700,1843.957600
1996,HUN,F09,49148.078600,39100.115800,90770.627300,145.698200,114.003100,1842.964100
1996,IDN,B06,3237.405900,2725.471900,15756.751200,23.982700,18.095700,44.392000
1996,IDN,B0609,4166.496300,3507.426800,17930.381600,28.842600,22.114700,55.571600
1996,IDN,F,225968.561500,192572.102300,475782.421700,1212.782200,1068.887500,3299.534900
1996,IDN,F09,225039.471100,191790.147400,473608.791300,1207.922300,1064.868500,3288.355300
1996,IND,B06,3756.540800,3402.902400,8290.605600,35.795600,0.012900,240.854700
1996,IND,B0609,3882.003500,3515.715200,9649.675600,36.282900,0.072600,250.169100
1996,IND,F,376081.797800,346274.910200,727607.452300,878.367700,501.764700,17306.261200
1996,IND,F09,375956.335100,346162.097400,726248.382300,877.880400,501.705000,17296.946800
1996,IRL,B06,19.688000,10.517400,32.161000,2.118100,0.001500,0.634200
1996,IRL,B0609,53.314400,31.897600,76.638600,3.365100,0.004300,2.016000
1996,IRL,F,84957.767300,63819.513900,155007.890800,888.077000,41.574000,2628.614000
1996,IRL,F09,84924.140900,63798.133700,154963.413200,886.830000,41.571200,2627.232200
1996,ISL,B06,0.094000,0.070100,0.307000,0.013300,0.009500,0.007100
1996,ISL,B0609,0.107000,0.081400,0.343700,0.014000,0.010000,0.008100
1996,ISL,F,6419.568000,5128.356400,12818.577600,239.522100,178.077100,338.672300
1996,ISL,F09,6419.555000,5128.345100,12818.540900,239.521400,178.076600,338.671300
1996,ISR,B06,59.532200,40.917800,202.584100,4.110900,1.851900,4.739300
1996,ISR,B0609,87.804100,62.194300,263.015900,4.753500,2.173700,6.714700
1996,ISR,F,74354.751100,56820.630400,179488.694100,1016.081900,570.728100,3820.535000
1996,ISR,F09,74326.479200,56799.353900,179428.262300,1015.439300,570.406300,3818.559600
1996,ITA,B06,3706.312300,2401.931800,9279.495800,698.974200,4.592100,96.247400
1996,ITA,B0609,3732.034100,2420.940500,9552.501500,703.483700,4.616500,97.790200
1996,ITA,F,1199148.111900,1054356.497800,2421610.767100,10815.028100,3425.868800,38668.155200
1996,ITA,F09,1199122.390100,1054337.489100,2421337.761400,10810.518600,3425.844400,38666.612400
1996,JOR,B06,23.824300,13.163800,61.891600,1.117700,0.000900,0.601300
1996,JOR,B0609,42.115000,23.954700,109.932100,1.503200,0.002000,1.265400
1996,JOR,F,6528.517600,3770.040100,12716.719500,53.656000,7.761300,256.384800
1996,JOR,F09,6510.226900,3759.249200,12668.679000,53.270500,7.760200,255.720700
1996,JPN,B06,352.328400,340.228900,904.771500,0.556800,0.544700,11.612400
1996,JPN,B0609,1693.841000,1584.051200,3361.882200,6.605200,3.144700,111.810900
1996,JPN,F,3776343.975300,3542260.116300,8531790.074000,21719.367000,15033.130000,118546.141300
1996,JPN,F09,3775002.462700,3541016.294000,8529332.963300,21713.318600,15030.530000,118445.942800
1996,KAZ,B06,4461.687700,3976.065000,7878.094800,14.135100,9.379900,145.782700
1996,KAZ,B0609,4665.201200,4152.610700,8256.935100,14.495200,9.625400,166.533300
1996,KAZ,F,15439.972100,12883.816100,32796.521700,31.954800,21.365700,468.288600
1996,KAZ,F09,15236.458600,12707.270400,32417.681400,31.594700,21.120200,447.538000
1996,KHM,B06,0.000000,0.000000,0.000000,0.000000,0.000000,0.000000
1996,KHM,B0609,3.068000,2.626400,7.764200,0.034400,0.000400,0.044700
1996,KHM,F,2449.279000,2000.390800,5840.104600,22.661500,2.912900,36.689600
1996,KHM,F09,2446.211000,1997.764400,5832.340400,22.627100,2.912500,36.644900
1996,KOR,B06,29.747000,22.656100,131.221900,2.526000,1.306900,0.997700
1996,KOR,B0609,31.543200,24.114000,143.312100,2.576300,1.334700,1.075100
1996,KOR,F,654343.004600,538155.913800,1227967.984900,11972.145300,7102.665900,20381.704800
1996,KOR,F09,654341.208400,538154.455900,1227955.894700,11972.095000,7102.638100,20381.627400
1996,LAO,B06,1.603300,1.031900,18.031400,0.069000,0.006500,0.034400
1996,LAO,B0609,7.255300,5.640000,36.699500,0.127700,0.013300,0.117200
1996,LAO,F,983.476000,668.591000,2836.312500,9.780700,1.246500,27.749200
1996,LAO,F09,977.824000,663.982900,2817.644400,9.722000,1.239700,27.666400
1996,LTU,B06,13.244500,8.831000,31.753800,0.993500,0.657700,0.856700
1996,LTU,B0609,13.914100,9.290600,38.967000,1.011900,0.670100,0.905200
1996,LTU,F,8007.068900,5959.194200,15931.523800,85.976300,59.463400,405.231100
1996,LTU,F09,8006.399300,5958.734600,15924.310600,85.957900,59.451000,405.182600
1996,LUX,B06,0.000000,0.000000,0.000000,0.000000,0.000000,0.000000
1996,LUX,B0609,0.000000,0.000000,0.000000,0.000000,0.000000,0.000000
1996,LUX,F,19713.299600,9299.127400,39143.129500,77.750000,9.134500,562.505700
1996,LUX,F09,19713.299600,9299.127400,39143.129500,77.750000,9.134500,562.505700
1996,LVA,B06,0.000000,0.000000,0.000000,0.000000,0.000000,0.000000
1996,LVA,B0609,0.015700,0.011800,0.187900,0.002300,0.001300,0.000900
1996,LVA,F,5557.048300,4243.026100,11105.248600,118.930000,68.584600,232.863100
1996,LVA,F09,5557.032600,4243.014300,11105.060700,118.927700,68.583300,232.862200
1996,MAR,B06,1.494900,1.177600,8.034700,0.058100,0.000400,0.151400
1996,MAR,B0609,3.655100,2.952000,31.872100,0.083400,0.000800,0.364600
1996,MAR,F,30424.730000,24592.428500,70352.139300,198.610700,52.938200,1724.912000
1996,MAR,F09,30422.569800,24590.654100,70328.301900,198.585400,52.937800,1724.698800
1996,MEX,B06,3156.762400,2730.793400,22659.157800,67.936600,1.323600,22.228200
1996,MEX,B0609,3895.660500,3390.040400,23879.855900,72.864000,1.596400,28.158400
1996,MEX,F,327689.454500,271724.368800,733863.145900,1034.462500,339.216600,5122.309700
1996,MEX,F09,326950.556400,271065.121800,732642.447800,1029.535100,338.943800,5116.379500
1996,MLT,B06,1.664500,1.233500,2.719800,0.107200,0.014000,0.025800
1996,MLT,B0609,9.185600,6.706900,18.406800,0.317500,0.048500,0.190700
1996,MLT,F,5125.061600,3711.387300,8672.790000,69.570100,19.654200,93.030500
1996,MLT,F09,5117.540500,3705.913900,8657.103000,69.359800,19.619700,92.865600
1996,MMR,B06,190.924300,117.579900,365.024700,21.690200,10.030400,2.166600
1996,MMR,B0609,192.533800,118.717100,368.267800,21.752400,10.061800,2.183000
1996,MMR,F,7010.622900,6258.376600,13814.881000,78.942800,47.110000,27.561100
1996,MMR,F09,7009.013400,6257.239400,13811.637900,78.880600,47.078600,27.544700
1996,MYS,B06,9332.886800,6785.359100,14621.438300,321.466700,10.463000,41.939000
1996,MYS,B0609,10103.021000,7323.338300,16045.339300,332.157300,11.570000,46.020600
1996,MYS,F,166632.435400,118281.918400,261869.584300,1261.450400,250.548500,575.406100
1996,MYS,F09,165862.301200,117743.939200,260445.683300,1250.759800,249.441500,571.324500
1996,NGA,B06,3340.130000,2739.260200,12264.224500,375.939500,0.272700,24.417900
1996,NGA,B0609,3346.722200,2744.837300,12277.875600,376.263800,0.273500,24.474700
1996,NGA,F,32843.994400,29373.142900,76758.904200,521.562400,14.383400,651.646500
1996,NGA,F09,32837.402200,29367.565800,76745.253100,521.238100,14.382600,651.589700
1996,NLD,B06,1885.805400,1214.247500,12289.504500,16.578800,6.292500,13.088100
1996,NLD,B0609,3381.752900,2263.999300,15794.204400,18.241600,7.607400,40.237400
1996,NLD,F,403821.216800,300602.881300,810996.470900,3750.519500,1823.932500,10604.686300
1996,NLD,F09,402325.269300,299553.129500,807491.771000,3748.856700,1822.617600,10577.537000
1996,NOR,B06,3216.452400,2567.984500,26928.507800,224.260300,61.150100,140.328800
1996,NOR,B0609,3831.078600,3060.904600,28242.373500,242.753300,67.628700,172.886900
1996,NOR,F,117296.131800,92815.878500,240522.230300,4603.739700,1662.829300,4928.204900
1996,NOR,F09,116681.505600,92322.958400,239208.364600,4585.246700,1656.350700,4895.646800
1996,NZL,B06,98.047300,85.550500,309.397000,2.001100,1.705500,2.118200
1996,NZL,B0609,243.344000,212.650300,522.376300,3.045600,2.587400,5.466200
1996,NZL,F,71554.829700,62675.364000,135445.419700,248.295900,205.186800,1246.887300
1996,NZL,F09,71409.533000,62548.264200,135232.440400,247.251400,204.304900,1243.539300
1996,PAK,B06,637.827900,538.760600,1686.360400,31.602800,23.219500,18.528900
1996,PAK,B0609,682.988400,577.479500,1797.891400,32.326300,23.769500,19.848800
1996,PAK,F,54472.535400,50332.323000,120830.608800,537.347300,435.859500,498.703300
1996,PAK,F09,54427.374900,50293.604100,120719.077800,536.623800,435.309500,497.383400
1996,PER,B06,575.618600,528.210200,1519.401000,5.978600,0.160300,17.752700
1996,PER,B0609,873.262900,809.131000,2423.073300,6.787300,0.297600,21.447500
1996,PER,F,44294.776500,39613.700500,94684.548100,131.861400,24.546000,1317.218500
1996,PER,F09,43997.132200,39332.779700,93780.875800,131.052700,24.408700,1313.523700
1996,PHL,B06,144.210100,65.676200,525.892800,42.163700,0.016800,2.269400
1996,PHL,B0609,174.681000,84.405500,585.396800,45.575300,0.024700,2.841200
1996,PHL,F,75926.416700,52153.459400,164408.504500,2867.873700,118.309300,1170.928000
1996,PHL,F09,75895.945800,52134.730100,164349.000500,2864.462100,118.301400,1170.356200
1996,POL,B06,45.734200,38.200600,88.016800,0.538000,0.243400,2.352000
1996,POL,B0609,109.739700,85.057900,226.396900,0.791700,0.371600,7.390200
1996,POL,F,153595.316600,134241.600900,299540.243800,297.862700,154.467700,5043.936700
1996,POL,F09,153531.311100,134194.743600,299401.863700,297.609000,154.339500,5038.898500
1996,PRT,B06,0.000000,0.000000,0.000000,0.000000,0.000000,0.000000
1996,PRT,B0609,3.014800,2.555300,8.420800,0.004200,0.002300,0.147900
1996,PRT,F,126410.441700,103722.086400,237792.245500,145.487600,77.954400,3660.120300
1996,PRT,F09,126407.426900,103719.531100,237783.824700,145.483400,77.952100,3659.972400
1996,ROU,B06,355.541100,308.959000,744.484600,11.428300,5.605500,6.483700
1996,ROU,B0609,556.127400,476.000100,1149.215300,14.263100,7.051500,14.419800
1996,ROU,F,46334.286400,39635.440800,81462.358400,293.803700,171.036300,369.277300
1996,ROU,F09,46133.700100,39468.399700,81057.627700,290.968900,169.590300,361.341200
1996,RUS,B06,3158.441500,3085.855900,32114.600600,14.375200,3.012100,27.674400
1996,RUS,B0609,22668.568000,21680.729600,55742.304500,80.281000,19.560500,2338.687000
1996,RUS,F,345609.527200,315275.364800,709796.878300,1055.455200,401.435400,11212.969100
1996,RUS,F09,326099.400700,296680.491100,686169.174400,989.549400,384.887000,8901.956500
1996,SAU,B06,9722.423900,8446.504900,59023.242800,34.350000,31.199000,61.944000
1996,SAU,B0609,9814.743900,8523.534800,59260.753600,34.544800,31.372000,62.783000
1996,SAU,F,69948.974200,55567.170100,177467.909700,136.716600,115.689300,673.209800
1996,SAU,F09,69856.654200,55490.140200,177230.398900,136.521800,115.516300,672.370800
1996,SEN,B06,1.517000,0.639700,1.830500,0.472300,0.000300,0.045800
1996,SEN,B0609,4.748400,2.675600,5.331700,0.887900,0.001800,0.173000
1996,SEN,F,4303.032200,3445.378900,10570.555400,153.527700,2.503000,109.948800
1996,SEN,F09,4299.800800,3443.343000,10567.054200,153.112100,2.501500,109.821600
1996,SGP,B06,0.000000,0.000000,0.000000,0.000000,0.000000,0.000000
1996,SGP,B0609,0.000000,0.000000,0.000000,0.000000,0.000000,0.000000
1996,SGP,F,147687.235200,101507.920900,240818.558300,10937.832800,6516.627100,2823.981000
1996,SGP,F09,147687.235200,101507.920900,240818.558300,10937.832800,6516.627100,2823.981000
1996,STP,B06,0.163500,0.092300,0.353300,0.058300,0.000200,0.000800
1996,STP,B0609,0.281800,0.181600,0.544800,0.076700,0.000400,0.001300
1996,STP,F,190.270800,163.469900,318.181100,7.270300,0.253400,0.563000
1996,STP,F09,190.152500,163.380600,317.989600,7.251900,0.253200,0.562500
1996,SVK,B06,0.318400,0.186300,0.467100,0.000600,0.000400,0.074100
1996,SVK,B0609,65.527000,50.083700,70.026700,0.252800,0.121300,3.306100
1996,SVK,F,28413.092300,21153.432200,48943.281000,34.014300,17.729100,1544.675700
1996,SVK,F09,28347.883700,21103.534800,48873.721400,33.762100,17.608200,1541.443700
1996,SVN,B06,0.000000,0.000000,0.000000,0.000000,0.000000,0.000000
1996,SVN,B0609,4.099500,3.408800,4.463300,0.019000,0.017700,0.218500
1996,SVN,F,21838.224700,16330.565300,41266.871700,42.400300,34.595200,908.884100
1996,SVN,F09,21834.125200,16327.156500,41262.408400,42.381300,34.577500,908.665600
1996,SWE,B06,23.646600,18.384700,35.392200,0.919600,0.472600,1.272500
1996,SWE,B0609,81.424700,64.501300,118.126300,2.830500,1.476800,5.441200
1996,SWE,F,256740.503400,210195.287900,525705.158600,3700.177400,2215.726700,11256.066100
1996,SWE,F09,256682.725300,210149.171300,525622.424500,3698.266500,2214.722500,11251.897400
1996,THA,B06,2433.515200,1838.437100,3586.459400,95.713500,0.008000,88.616300
1996,THA,B0609,2546.104000,1923.291600,4788.204800,97.412000,0.008600,96.172600
1996,THA,F,206813.156800,160771.250200,379190.266200,2038.982000,702.146800,7641.048000
1996,THA,F09,206700.568000,160686.395700,377988.520800,2037.283500,702.146200,7633.491700
1996,TUN,B06,279.894200,200.902700,964.669500,19.236300,0.013200,3.972300
1996,TUN,B0609,328.047600,236.783000,1058.031900,20.409200,0.018900,4.879100
1996,TUN,F,18217.725100,13942.952100,37656.986800,248.463400,46.521700,280.873500
1996,TUN,F09,18169.571700,13907.071800,37563.624400,247.290500,46.516000,279.966700
1996,TUR,B06,100.762800,83.221000,506.087300,5.870700,1.582000,6.986300
1996,TUR,B0609,112.089200,93.019400,642.169100,6.125000,1.679000,7.716100
1996,TUR,F,182450.509400,158052.839800,416886.793000,1675.262100,893.797900,7241.205300
1996,TUR,F09,182439.183000,158043.041400,416750.711200,1675.007800,893.700900,7240.475500
1996,TWN,B06,86.266900,33.306700,281.580700,0.417800,0.371100,0.776100
1996,TWN,B0609,338.437000,162.400300,744.638800,2.556800,2.148000,4.996000
1996,TWN,F,320774.955500,240168.194100,604687.028000,4403.507400,3986.058300,2781.834000
1996,TWN,F09,320522.785400,240039.100500,604223.969900,4401.368400,3984.281400,2777.614100
1996,UKR,B06,991.717400,664.207900,1869.733900,31.661700,23.776100,57.634100
1996,UKR,B0609,1540.517700,1040.476500,2463.968600,39.160900,29.507800,89.609500
1996,UKR,F,52252.981900,42886.272400,93810.106300,468.713000,368.091300,1346.967700
1996,UKR,F09,51704.181600,42510.003800,93215.871600,461.213800,362.359600,1314.992300
1996,USA,B06,40459.550700,37317.575000,88994.889500,602.992000,373.382300,713.468300
1996,USA,B0609,50339.209500,46656.212500,108829.560700,651.833000,404.429600,973.024700
1996,USA,F,6276963.631600,5873379.616000,14069710.939600,16443.462600,11408.603100,83744.322800
1996,USA,F09,6267083.972800,5864040.978500,14049876.268400,16394.621600,11377.555800,83484.766400
1996,VNM,B06,1443.508300,1101.579100,4070.970200,3.915600,1.312300,81.241600
1996,VNM,B0609,1496.687300,1139.478900,4171.796900,4.070600,1.387100,85.129800
1996,VNM,F,23947.781200,17264.484700,44829.579300,84.263500,52.047600,1357.990800
1996,VNM,F09,23894.602200,17226.584900,44728.752600,84.108500,51.972800,1354.102600
1996,ZAF,B06,676.128700,579.091300,807.476800,34.373500,0.004000,30.264000
1996,ZAF,B0609,934.296200,812.274800,1167.808600,38.467500,0.006300,42.095500
1996,ZAF,F,148283.588000,129571.912800,304172.913300,1117.739200,57.777800,4852.741400
1996,ZAF,F09,148025.420500,129338.729300,303812.581500,1113.645200,57.775500,4840.909900
1996,ROW,B06,46144.080200,40558.252400,144726.260700,1252.136100,323.448500,158.899100
1996,ROW,B0609,55225.630600,47780.291600,162466.492600,1385.577900,380.105800,217.539700
1996,ROW,F,754600.786500,620100.892800,1543206.216700,10181.341700,5551.069100,7546.937100
1996,ROW,F09,745519.236100,612878.853600,1525465.984800,10047.899900,5494.411800,7488.296500
1997,AGO,B06,1665.045200,644.875100,5157.911600,57.299800,0.051900,8.344500
1997,AGO,B0609,1738.492500,661.789000,5650.207900,58.126700,0.056700,8.697700
1997,AGO,F,3812.265100,1553.071400,10374.059000,55.607700,4.560500,30.964000
1997,AGO,F09,3738.817800,1536.157500,9881.762700,54.780800,4.555700,30.610800
1997,ARE,B06,5258.261300,4364.913900,25166.960300,154.122400,56.185600,65.278200
1997,ARE,B0609,6639.228900,5458.414500,28361.567200,174.059300,65.486300,88.926300
1997,ARE,F,59889.798800,47099.840300,118663.056200,746.056700,385.899000,895.341400
1997,ARE,F09,58508.831200,46006.339700,115468.449300,726.119800,376.598300,871.693300
1997,ARG,B06,4333.971600,3937.839100,16713.378900,255.187100,0.062700,57.268200
1997,ARG,B0609,5117.339300,4669.128600,18512.651400,259.677100,0.151100,79.079600
1997,ARG,F,190675.106200,177758.706200,456169.848100,595.997400,106.701300,4587.593200
1997,ARG,F09,189891.738500,177027.416700,454370.575600,591.507400,106.612900,4565.781800
1997,AUS,B06,701.094000,633.479200,7179.972200,32.403900,18.549300,12.065400
1997,AUS,B0609,3236.492500,2957.398300,11712.020900,43.661400,25.961200,43.193200
1997,AUS,F,375131.251700,338836.221600,768773.865000,2971.706800,2016.670500,9071.196500
1997,AUS,F09,372595.853200,336512.302500,764241.816300,2960.449300,2009.258600,9040.068700
1997,AUT,B06,118.443700,75.209100,243.523700,0.521400,0.049000,4.695900
1997,AUT,B0609,141.540300,93.070300,291.471300,0.557900,0.053600,5.733900
1997,AUT,F,158259.600300,123038.595200,352067.592100,205.585700,47.096400,4320.929700
1997,AUT,F09,158236.503700,123020.734000,352019.644500,205.549200,47.091800,4319.891700
1997,BEL,B06,0.000000,0.000000,0.000000,0.000000,0.000000,0.000000
1997,BEL,B0609,4.634500,3.448200,36.900300,0.017500,0.002400,0.216800
1997,BEL,F,276052.091000,198981.990100,510068.537600,1314.211100,253.434200,7794.587100
1997,BEL,F09,276047.456500,198978.541900,510031.637300,1314.193600,253.431800,7794.370300
1997,BGD,B06,127.988500,100.654400,521.683900,14.411300,8.417400,1.238100
1997,BGD,B0609,138.513300,109.536200,551.137800,14.974400,8.753900,1.403600
1997,BGD,F,24342.289200,21224.076900,63251.296800,712.114700,456.974400,457.744500
1997,BGD,F09,24331.764400,21215.195100,63221.842900,711.551600,456.637900,457.579000
1997,BGR,B06,6.345600,4.490200,24.499600,0.201900,0.000400,0.272100
1997,BGR,B0609,6.423600,4.555300,24.625800,0.202400,0.000400,0.275500
1997,BGR,F,13104.346000,10737.788400,23790.540100,117.846200,15.753600,367.121700
1997,BGR,F09,13104.268000,10737.723300,23790.413900,117.845700,15.753600,367.118300
1997,BLR,B06,47.233000,30.484100,123.041900,0.736600,0.362900,7.481100
1997,BLR,B0609,62.820000,41.113900,162.411600,0.859900,0.433800,9.368700
1997,BLR,F,17843.797100,12854.974800,31671.834200,92.284000,64.713600,1365.367600
1997,BLR,F09,17828.210100,12844.345000,31632.464500,92.160700,64.642700,1363.480000
1997,BRA,B06,7214.695200,6114.415700,15167.884800,750.532500,248.770600,809.337900
1997,BRA,B0609,7914.150400,6782.091300,16805.262000,752.290000,249.457800,848.053100
1997,BRA,F,606110.201500,567074.804400,1404893.240400,2293.164100,1040.191000,29721.504200
1997,BRA,F09,605410.746300,566407.128800,1403255.863200,2291.406600,1039.503800,29682.789000
1997,BRN,B06,848.376300,668.841900,2969.805500,32.886400,31.995700,0.776700
1997,BRN,B0609,947.005400,749.246300,3234.759300,34.397300,33.439100,0.856800
1997,BRN,F,4016.193100,3522.677400,7709.055100,51.960800,49.636900,1.525100
1997,BRN,F09,3917.564000,3442.273000,7444.101300,50.449900,48.193500,1.445000
1997,CAN,B06,8461.055500,6767.780900,23361.133600,7.019300,5.232800,48.897300
1997,CAN,B0609,11329.393800,8976.882700,29282.751800,11.819300,8.259000,108.759800
1997,CAN,F,524137.544200,398798.677000,1126293.491100,1950.224500,728.252900,9971.253500
1997,CAN,F09,521269.205900,396589.575200,1120371.872900,1945.424500,725.226700,9911.391000
1997,CHE,B06,0.000000,0.000000,0.000000,0.000000,0.000000,0.000000
1997,CHE,B0609,74.454900,64.214500,124.168900,0.720500,0.362000,1.087800
1997,CHE,F,301424.817100,251169.572500,588988.306600,4327.645100,2184.022300,1805.995100
1997,CHE,F09,301350.362200,251105.358000,588864.137700,4326.924600,2183.660300,1804.907300
1997,CHL,B06,59.461100,48.834800,135.224100,1.869800,0.017600,3.073400
1997,CHL,B0609,130.561100,111.027800,415.573000,2.559900,0.054200,6.317900
1997,CHL,F,64308.621700,54354.172600,142674.357800,1110.031400,340.440600,2717.476600
1997,CHL,F09,64237.521700,54291.979600,142394.008900,1109.341300,340.404000,2714.232100
1997,CHN,B06,5599.434300,5192.364200,18592.490100,13.261000,3.200200,251.455100
1997,CHN,B0609,6712.542100,6247.480600,20587.515400,15.008000,3.204100,278.873300
1997,CHN,F,1421622.883100,1324992.689700,2334790.033600,4631.552600,1217.754000,33537.595400
1997,CHN,F09,1420509.775300,1323937.573300,2332795.008300,4629.805600,1217.750100,33510.177200
1997,CIV,B06,13.961300,9.620300,21.888700,0.066300,0.002200,0.067400
1997,CIV,B0609,19.053100,13.341900,28.892100,0.081300,0.003400,0.099200
1997,CIV,F,9076.337500,7219.286800,20229.122300,74.107700,12.060700,240.035700
1997,CIV,F09,9071.245700,7215.565200,20222.118900,74.092700,12.059500,240.003900
1997,CMR,B06,257.614600,156.795200,816.886600,1.707700,1.129300,7.508700
1997,CMR,B0609,292.282500,177.554600,911.035700,1.903800,1.267900,8.891800
1997,CMR,F,5571.280600,4533.947400,15306.976100,74.204100,47.264700,286.549300
1997,CMR,F09,5536.612700,4513.188000,15212.827000,74.008000,47.126100,285.166200
1997,COD,B06,54.049900,48.868400,267.723400,1.416200,0.415100,0.231700
1997,COD,B0609,70.575100,63.685400,321.996800,1.691700,0.545800,0.330500
1997,COD,F,5076.018200,4526.306200,14241.464500,87.731100,39.673100,51.505600
1997,COD,F09,5059.493000,4511.489200,14187.191100,87.455600,39.542400,51.406800
1997,COL,B06,1741.851400,1281.797900,6233.970100,318.392900,0.025600,16.204500
1997,COL,B0609,1774.083800,1312.264100,6302.277100,318.699200,0.028700,17.196300
1997,COL,F,92559.311100,81094.899100,195501.158700,668.654600,50.358600,2512.671200
1997,COL,F09,92527.078700,81064.432900,195432.851700,668.348300,50.355500,2511.679400
1997,CRI,B06,0.089800,0.053000,0.276900,0.015700,0.005400,0.006500
1997,CRI,B0609,0.126000,0.077900,0.365900,0.018100,0.006400,0.009500
1997,CRI,F,9952.859800,6991.034300,21885.982600,404.860300,161.934000,423.265300
1997,CRI,F09,9952.823600,6991.009400,21885.893600,404.857900,161.933000,423.262300
1997,CYP,B06,5.392500,4.999800,11.538900,4.263700,4.257500,0.035900
1997,CYP,B0609,5.520400,5.100700,11.745700,4.328500,4.322300,0.038100
1997,CYP,F,9088.994200,6509.915900,18028.534700,1344.032600,1336.365900,148.820200
1997,CYP,F09,9088.866300,6509.815000,18028.327900,1343.967800,1336.301100,148.818000
1997,CZE,B06,14.550100,11.766800,29.304700,0.048800,0.014500,0.575400
1997,CZE,B0609,50.828700,36.889500,92.043400,0.072100,0.027300,4.516400
1997,CZE,F,78367.247100,62628.212300,137378.623500,165.866100,59.689200,2319.282800
1997,CZE,F09,78330.968500,62603.089600,137315.884800,165.842800,59.676400,2315.341800
1997,DEU,B06,2769.430300,2389.020400,3444.435500,12.625000,8.664400,84.196200
1997,DEU,B0609,3358.708700,2885.670100,4314.202300,17.173000,11.874100,108.691000
1997,DEU,F,1723695.148100,1473882.838200,3770094.971200,5058.700400,3593.521200,40386.562100
1997,DEU,F09,1723105.869700,1473386.188500,3769225.204400,5054.152400,3590.311500,40362.067300
1997,DNK,B06,262.284900,211.519100,2130.725300,15.446800,15.031300,7.275300
1997,DNK,B0609,303.196300,244.188000,2210.162700,15.624000,15.191000,11.239100
1997,DNK,F,126592.246500,98049.432200,278972.087500,1291.743600,1190.730500,5241.909300
1997,DNK,F09,126551.335100,98016.763300,278892.650100,1291.566400,1190.570800,5237.945500
1997,EGY,B06,810.294600,639.934700,10599.161200,20.420100,5.178100,28.101900
1997,EGY,B0609,889.358100,697.073700,10875.893100,21.415500,5.522400,31.188600
1997,EGY,F,47007.846400,38235.216100,114076.646500,514.526000,276.362700,1019.410900
1997,EGY,F09,46928.782900,38178.077100,113799.914600,513.530600,276.018400,1016.324200
1997,ESP,B06,5.905500,4.545200,40.483000,0.431900,0.112200,0.310400
1997,ESP,B0609,48.435700,39.836300,128.986200,1.530300,0.401100,2.682100
1997,ESP,F,505458.859100,421154.574100,1058642.605200,3906.442600,1122.103700,10582.893700
1997,ESP,F09,505416.328900,421119.283000,1058554.102000,3905.344200,1121.814800,10580.522000
1997,EST,B06,36.547600,28.189000,78.827200,0.098300,0.084400,1.011500
1997,EST,B0609,68.863200,51.777900,146.626900,0.197600,0.118300,2.145500
1997,EST,F,5733.939300,3692.966400,10445.891000,64.528600,26.248000,228.614500
1997,EST,F09,5701.623700,3669.377500,10378.091300,64.429300,26.214100,227.480500
1997,FIN,B06,0.000000,0.000000,0.000000,0.000000,0.000000,0.000000
1997,FIN,B0609,0.986600,0.797600,2.123900,0.007700,0.001100,0.078000
1997,FIN,F,115751.283400,92844.005000,230482.730900,953.466500,404.396600,4630.287900
1997,FIN,F09,115750.296800,92843.207400,230480.607000,953.458800,404.395500,4630.209900
1997,FRA,B06,45.617700,41.613100,233.992200,0.700600,0.000000,2.779500
1997,FRA,B0609,185.079800,163.161900,385.218600,1.553900,0.000200,12.450500
1997,FRA,F,1121055.388200,957913.343000,2463235.852300,2875.457600,819.800600,45392.683900
1997,FRA,F09,1120915.926100,957791.794200,2463084.625900,2874.604300,819.800400,45383.012900
1997,GBR,B06,8069.075700,7217.121100,29517.102700,71.421900,16.694200,121.671800
1997,GBR,B0609,10865.148300,9631.430600,35465.208100,77.233400,19.112600,212.778100
1997,GBR,F,1218791.213300,1054451.157200,2645298.035200,4215.399500,1655.195700,36823.979400
1997,GBR,F09,1215995.140700,1052036.847700,2639349.929800,4209.588000,1652.777300,36732.873100
1997,GRC,B06,12.873200,10.411500,17.170500,0.463500,0.332500,0.743600
1997,GRC,B0609,21.829100,18.074400,38.840100,0.580200,0.417800,1.387600
1997,GRC,F,100758.869800,86563.008400,232479.333400,1011.784400,765.146100,2643.969600
1997,GRC,F09,100749.913900,86555.345500,232457.663800,1011.667700,765.060800,2643.325600
1997,HKG,B06,0.000000,0.000000,0.000000,0.000000,0.000000,0.000000
1997,HKG,B0609,105.658800,79.983200,130.510900,7.246000,3.053900,1.697200
1997,HKG,F,183940.622300,153525.709900,358105.946500,9741.538100,4523.544800,2807.592500
1997,HKG,F09,183834.963500,153445.726700,357975.435600,9734.292100,4520.490900,2805.895300
1997,HRV,B06,13.456900,9.600900,77.075600,0.344700,0.271100,3.651400
1997,HRV,B0609,113.766700,84.707300,227.412100,1.895100,1.500700,8.045000
1997,HRV,F,21919.918100,16887.793500,41301.105700,452.687300,362.448800,822.136100
1997,HRV,F09,21819.608300,16812.687100,41150.769200,451.136900,361.219200,817.742500
1997,HUN,B06,38.677000,28.306000,71.110800,0.465000,0.254000,2.804200
1997,HUN,B0609,51.097200,37.578500,109.472100,0.518600,0.283000,3.605700
1997,HUN,F,50108.376400,37637.437700,92954.193100,92.011500,47.617600,1952.825700
1997,HUN,F09,50095.956200,37628.165200,92915.831800,91.957900,47.588600,1952.024200
1997,IDN,B06,3279.984400,2720.814100,15152.336300,33.593200,26.125000,38.740400
1997,IDN,B0609,4191.794000,3464.869300,17245.563000,39.236900,30.704900,50.199700
1997,IDN,F,219198.172700,185047.901800,456986.124900,1345.590000,1170.892600,3869.110900
1997,IDN,F09,218286.363100,184303.846600,454892.898200,1339.946300,1166.312700,3857.651600
1997,IND,B06,4174.391700,3800.082900,9174.576900,39.835700,0.014900,238.724300
1997,IND,B0609,4322.238300,3933.029400,10760.687000,40.449200,0.062200,248.567000
1997,IND,F,414189.576100,380582.051500,799099.726200,1088.419100,555.593300,17865.870600
1997,IND,F09,414041.729500,380449.105000,797513.616100,1087.805600,555.546000,17856.027900
1997,IRL,B06,21.998800,11.809600,35.598900,1.858300,0.001500,0.654400
1997,IRL,B0609,66.546300,39.799600,97.681800,3.332100,0.004700,2.382100
1997,IRL,F,94440.341000,69550.746900,171094.031100,1037.024900,38.599100,2828.034100
1997,IRL,F09,94395.793500,69522.756900,171031.948200,1035.551100,38.595900,2826.306400
1997,ISL,B06,0.155800,0.112400,0.462000,0.017800,0.010600,0.008700
1997,ISL,B0609,0.167200,0.122300,0.498800,0.018300,0.010900,0.009400
1997,ISL,F,5778.140900,4543.317800,12541.080700,208.030600,137.078700,218.924000
1997,ISL,F09,5778.129500,4543.307900,12541.043900,208.030100,137.078400,218.923300
1997,ISR,B06,71.842800,51.385400,222.953400,3.975200,1.744800,6.108900
1997,ISR,B0609,101.487300,74.418800,286.219700,4.572600,2.037200,8.097400
1997,ISR,F,75315.623800,58167.713400,184690.776300,1036.918400,567.300900,4029.386800
1997,ISR,F09,75285.979300,58144.680000,184627.510000,1036.321000,567.008500,4027.398300
1997,ITA,B06,3728.422300,2329.508800,9337.008100,811.503900,4.378900,98.777400
1997,ITA,B0609,3754.030600,2348.398100,9608.801900,816.103600,4.399100,100.313800
1997,ITA,F,1159356.558000,1015102.117500,2312195.980400,10794.159700,3161.798100,38948.983100
1997,ITA,F09,1159330.949700,1015083.228200,2311924.186600,10789.560000,3161.777900,38947.446700
1997,JOR,B06,24.048300,15.731600,64.870200,0.836300,0.000900,0.566200
1997,JOR,B0609,42.565400,28.046800,115.273600,1.181500,0.002200,1.204000
1997,JOR,F,6728.089800,4114.122100,13318.641600,52.698700,7.415300,223.781400
1997,JOR,F09,6709.572700,4101.806900,13268.238200,52.353500,7.414000,223.143600
1997,JPN,B06,322.666800,311.820900,826.193100,0.517400,0.507800,10.971100
1997,JPN,B0609,1558.089400,1459.688600,3069.906300,5.825200,2.724100,95.301700
1997,JPN,F,3482043.524700,3253451.549200,7816471.432900,21649.952700,14644.694500,112978.268800
1997,JPN,F09,3480808.102100,3252303.681500,7814227.719700,21644.644900,14642.478200,112893.938200
1997,KAZ,B06,4921.169700,4411.688500,8521.761000,15.873900,8.511300,152.315800
1997,KAZ,B0609,5149.184200,4603.791000,8931.553800,16.385100,8.802600,171.123000
1997,KAZ,F,17165.569500,14246.093500,35438.878300,43.505100,24.264400,467.765100
1997,KAZ,F09,16937.555000,14053.991000,35029.085500,42.993900,23.973100,448.957900
1997,KHM,B06,0.000000,0.000000,0.000000,0.000000,0.000000,0.000000
1997,KHM,B0609,2.903700,2.514400,7.562000,0.026800,0.000300,0.041300
1997,KHM,F,2414.663100,1939.731600,5789.197400,23.027000,2.656800,38.626600
1997,KHM,F09,2411.759400,1937.217200,5781.635400,23.000200,2.656500,38.585300
1997,KOR,B06,29.807000,21.609400,123.412300,1.759200,0.708000,1.047800
1997,KOR,B0609,31.682000,23.135000,134.782900,1.801300,0.726700,1.131000
1997,KOR,F,608265.076600,492647.445000,1144055.495200,10558.708800,5244.407200,19512.554500
1997,KOR,F09,608263.201600,492645.919400,1144044.124600,10558.666700,5244.388500,19512.471300
1997,LAO,B06,1.497100,1.081900,16.847600,0.114400,0.005200,0.026900
1997,LAO,B0609,5.817300,4.474000,33.334300,0.226700,0.011300,0.103500
1997,LAO,F,923.647900,644.267500,2653.151000,17.628700,1.109400,23.322500
1997,LAO,F09,919.327700,640.875400,2636.664300,17.516400,1.103300,23.245900
1997,LTU,B06,13.494900,8.125000,33.243000,0.735300,0.259000,1.309300
1997,LTU,B0609,14.044300,8.466800,39.368400,0.746800,0.263400,1.362300
1997,LTU,F,8447.366300,5792.705400,17895.574100,85.213800,36.854000,598.341100
1997,LTU,F09,8446.816900,5792.363600,17889.448700,85.202300,36.849600,598.288100
1997,LUX,B06,0.000000,0.000000,0.000000,0.000000,0.000000,0.000000
1997,LUX,B0609,0.000000,0.000000,0.000000,0.000000,0.000000,0.000000
1997,LUX,F,19843.904800,8627.905000,38062.254600,80.154200,9.002400,622.390800
1997,LUX,F09,19843.904800,8627.905000,38062.254600,80.154200,9.002400,622.390800
1997,LVA,B06,0.000000,0.000000,0.000000,0.000000,0.000000,0.000000
1997,LVA,B0609,0.016200,0.013800,0.206200,0.000400,0.000300,0.001300
1997,LVA,F,6361.448000,5014.889600,12408.705900,97.165300,55.073700,247.595000
1997,LVA,F09,6361.431800,5014.875800,12408.499700,97.164900,55.073400,247.593700
1997,MAR,B06,1.343300,1.051500,7.290200,0.054800,0.000400,0.151400
1997,MAR,B0609,3.293400,2.637800,28.919100,0.081400,0.000900,0.354000
1997,MAR,F,27478.823300,21922.992900,63876.464200,210.453300,45.896000,1670.989800
1997,MAR,F09,27476.873200,21921.406600,63854.835300,210.426700,45.895500,1670.787200
1997,MEX,B06,3825.364500,3435.832500,28782.269900,57.191600,1.250400,29.688000
1997,MEX,B0609,5171.944600,4641.870800,30970.216300,65.321100,1.745600,43.872100
1997,MEX,F,401752.365400,333647.441200,890492.554600,1257.257800,385.922800,6647.091300
1997,MEX,F09,400405.785300,332441.402900,888304.608200,1249.128300,385.427600,6632.907200
1997,MLT,B06,1.553500,1.201900,2.591900,0.076700,0.021600,0.023600
1997,MLT,B0609,7.945300,5.918500,17.030300,0.253300,0.076800,0.181900
1997,MLT,F,4848.335900,3565.738100,8343.894000,83.455100,32.857500,98.700300
1997,MLT,F09,4841.944100,3561.021500,8329.455600,83.278500,32.802300,98.542000
1997,MMR,B06,191.542900,121.866700,365.668300,25.999900,10.312100,2.002000
1997,MMR,B0609,193.170400,123.005100,368.952000,26.086900,10.349700,2.019500
1997,MMR,F,7024.205500,6325.353300,13838.034900,95.556200,50.247800,25.642700
1997,MMR,F09,7022.578000,6324.214900,13834.751200,95.469200,50.210200,25.625200
1997,MYS,B06,9251.498000,6855.504400,14503.993200,297.872200,3.650800,41.877300
1997,MYS,B0609,10013.056100,7392.037200,15915.128100,309.069800,4.445400,46.110300
1997,MYS,F,165508.744100,117106.213500,260121.255800,1374.379400,237.619000,588.961500
1997,MYS,F09,164747.186000,116569.680700,258710.120900,1363.181800,236.824400,584.728500
1997,NGA,B06,2918.756700,1817.802100,10988.151600,564.935500,0.568800,50.505500
1997,NGA,B0609,2925.268900,1822.464700,11002.097900,565.388200,0.570200,50.617800
1997,NGA,F,34964.042800,30604.213600,82240.133100,479.009200,16.989700,663.787200
1997,NGA,F09,34957.530600,30599.551000,82226.186800,478.556500,16.988300,663.674900
1997,NLD,B06,1828.713500,1092.909300,10948.531400,16.505600,6.169900,12.195200
1997,NLD,B0609,3128.066600,1977.634400,13920.675600,18.164800,7.450300,41.867800
1997,NLD,F,378628.761800,281692.449700,755800.118100,3646.619200,1753.042900,10275.707000
1997,NLD,F09,377329.408700,280807.724600,752827.973900,3644.960000,1751.762500,10246.034400
1997,NOR,B06,2834.831100,2334.290200,25968.679500,147.933100,32.905800,103.298900
1997,NOR,B0609,3665.959600,2997.187600,27752.914300,171.536900,40.164700,144.845700
1997,NOR,F,118561.757500,93094.505600,240478.542800,4761.209800,1468.195200,4968.823000
1997,NOR,F09,117730.629000,92431.608200,238694.308000,4737.606000,1460.936300,4927.276200
1997,NZL,B06,100.124700,88.137500,308.954500,1.620600,1.373000,2.070600
1997,NZL,B0609,245.921100,214.939600,521.629200,2.599800,2.195200,5.372300
1997,NZL,F,72307.106900,63303.400600,137567.213900,249.944300,205.570000,1221.925000
1997,NZL,F09,72161.310500,63176.598500,137354.539200,248.965100,204.747800,1218.623300
1997,PAK,B06,648.825200,547.379700,1707.335500,29.468000,21.618500,15.951700
1997,PAK,B0609,693.949400,585.634400,1819.286300,30.202900,22.176500,17.102400
1997,PAK,F,55266.629000,50839.175900,122380.834600,578.402300,466.213700,409.573600
1997,PAK,F09,55221.504800,50800.921200,122268.883800,577.667400,465.655700,408.422900
1997,PER,B06,608.050500,558.668000,1598.124100,6.242000,1.092100,19.739500
1997,PER,B0609,921.807600,850.117500,2548.617400,7.500400,1.406000,25.326000
1997,PER,F,46559.981500,41413.861100,99565.233300,165.046600,46.484200,1399.595900
1997,PER,F09,46246.224400,41122.411600,98614.740000,163.788200,46.170300,1394.009400
1997,PHL,B06,162.796800,65.275400,542.261400,52.166700,0.018000,2.355300
1997,PHL,B0609,192.541500,81.614600,600.834200,56.369000,0.024900,2.891600
1997,PHL,F,75618.562700,47912.538300,163587.235900,3827.446800,107.121100,1149.084300
1997,PHL,F09,75588.818000,47896.199100,163528.663100,3823.244500,107.114200,1148.548000
1997,POL,B06,44.706400,36.286100,84.542500,0.466700,0.172000,2.380500
1997,POL,B0609,106.918900,79.377400,217.436600,0.716400,0.283400,8.131100
1997,POL,F,154426.140300,131646.102400,300278.656200,338.802400,151.901200,5298.345100
1997,POL,F09,154363.927800,131603.011100,300145.762100,338.552700,151.789800,5292.594500
1997,PRT,B06,0.000000,0.000000,0.000000,0.000000,0.000000,0.000000
1997,PRT,B0609,2.895600,2.430200,8.469000,0.004700,0.002800,0.137600
1997,PRT,F,120129.003800,97686.205800,226633.112200,155.266100,86.217900,3529.393700
1997,PRT,F09,120126.108200,97683.775600,226624.643200,155.261400,86.215100,3529.256100
1997,ROU,B06,371.335300,326.601000,799.896800,8.875500,3.975400,8.206700
1997,ROU,B0609,578.641500,500.434000,1230.429100,11.526100,5.219500,17.242500
1997,ROU,F,41537.188200,35217.338800,75046.585700,269.288500,148.300600,655.302800
1997,ROU,F09,41329.882000,35043.505800,74616.053400,266.637900,147.056500,646.267000
1997,RUS,B06,3244.558300,3184.528700,33087.187200,8.698500,1.451900,24.425800
1997,RUS,B0609,23107.073700,22112.671200,56848.149500,63.873600,13.509700,2060.748600
1997,RUS,F,339120.956200,308004.513300,715019.565100,1047.357900,367.902200,11972.165000
1997,RUS,F09,319258.440800,289076.370800,691258.602800,992.182800,355.844400,9935.842200
1997,SAU,B06,9989.368000,9034.900700,61674.936000,26.843400,24.627100,45.615200
1997,SAU,B0609,10085.298400,9115.275700,61923.123800,27.045600,24.805700,46.481000
1997,SAU,F,73406.577500,58627.383200,185774.230500,150.688700,128.362200,691.512600
1997,SAU,F09,73310.647100,58547.008200,185526.042700,150.486500,128.183600,690.646800
1997,SEN,B06,1.326600,0.524200,1.619600,0.411200,0.000300,0.054600
1997,SEN,B0609,4.143900,2.250000,4.717400,0.837700,0.001600,0.207100
1997,SEN,F,3777.101600,2971.901900,9353.679900,179.101900,2.171700,129.045400
1997,SEN,F09,3774.284300,2970.176100,9350.582100,178.675400,2.170400,128.892900
1997,SGP,B06,0.000000,0.000000,0.000000,0.000000,0.000000,0.000000
1997,SGP,B0609,0.000000,0.000000,0.000000,0.000000,0.000000,0.000000
1997,SGP,F,153453.908400,106885.443000,250531.882100,11832.158200,7033.577200,3128.126700
1997,SGP,F09,153453.908400,106885.443000,250531.882100,11832.158200,7033.577200,3128.126700
1997,STP,B06,0.101600,0.056500,0.231200,0.036100,0.000100,0.000500
1997,STP,B0609,0.182800,0.114900,0.363100,0.050000,0.000200,0.000900
1997,STP,F,129.269300,106.360000,216.447900,6.227200,0.200800,0.534600
1997,STP,F09,129.188100,106.301600,216.316000,6.213300,0.200700,0.534200
1997,SVK,B06,0.316000,0.190800,0.467200,0.000400,0.000300,0.075900
1997,SVK,B0609,65.958800,50.661200,70.050100,0.169500,0.071700,3.024400
1997,SVK,F,28728.856700,21732.291800,49429.466500,24.752000,12.088600,1417.797300
1997,SVK,F09,28663.213900,21681.821400,49359.883600,24.582900,12.017200,1414.848800
1997,SVN,B06,0.000000,0.000000,0.000000,0.000000,0.000000,0.000000
1997,SVN,B0609,3.978500,3.211400,4.287800,0.010300,0.009200,0.169200
1997,SVN,F,20902.676400,15686.039200,39760.356300,34.575400,26.616400,724.012400
1997,SVN,F09,20898.697900,15682.827800,39756.068500,34.565100,26.607200,723.843200
1997,SWE,B06,21.864200,16.967600,32.734000,0.665500,0.319700,1.198000
1997,SWE,B0609,78.833300,61.981700,116.620200,2.105900,1.035800,5.168900
1997,SWE,F,240655.749300,194642.737300,488221.326700,3478.323000,1960.125200,10401.825300
1997,SWE,F09,240598.780200,194597.723200,488137.440500,3476.882600,1959.409100,10397.854400
1997,THA,B06,1631.616800,1240.670000,3002.044900,43.207800,0.005900,46.486300
1997,THA,B0609,1720.399400,1306.559600,3930.727700,44.271100,0.006500,50.538300
1997,THA,F,171699.978100,130165.671000,313497.232900,1627.219300,571.145400,7081.862700
1997,THA,F09,171611.195500,130099.781400,312568.550100,1626.156000,571.144800,7077.810700
1997,TUN,B06,303.237400,218.894000,954.504400,14.115600,0.015600,5.115700
1997,TUN,B0609,348.396600,251.740100,1042.837900,14.929800,0.020900,6.242200
1997,TUN,F,17239.774000,12952.695800,35734.554200,200.867000,40.606300,279.419900
1997,TUN,F09,17194.614800,12919.849700,35646.220700,200.052800,40.601000,278.293400
1997,TUR,B06,111.396500,91.612300,534.948400,3.007600,0.102000,8.035800
1997,TUR,B0609,123.406600,101.832400,677.088400,3.132300,0.115700,8.792000
1997,TUR,F,194316.391700,166416.334300,439127.952600,1160.322400,458.315000,7808.595700
1997,TUR,F09,194304.381600,166406.114200,438985.812600,1160.197700,458.301300,7807.839500
1997,TWN,B06,90.224600,63.507500,291.417600,6.216100,5.821900,0.706700
1997,TWN,B0609,353.601600,255.815700,770.652400,14.162100,13.210800,3.574600
1997,TWN,F,331142.582700,246435.951500,626356.283100,4593.445400,4143.059000,2665.958700
1997,TWN,F09,330879.205700,246243.643300,625877.048300,4585.499400,4135.670100,2663.090800
1997,UKR,B06,1156.135500,811.209400,2132.934000,35.442200,26.299600,76.653900
1997,UKR,B0609,1781.143400,1284.998300,2811.015600,44.587300,33.249400,114.960500
1997,UKR,F,60548.613400,50963.404000,106724.741700,563.556900,441.137200,1832.794200
1997,UKR,F09,59923.605500,50489.615100,106046.660100,554.411800,434.187400,1794.487600
1997,USA,B06,42725.005700,36765.586200,94543.815100,321.397300,199.013500,731.571300
1997,USA,B0609,51189.636800,44777.514600,116620.963800,325.286300,202.386200,888.167800
1997,USA,F,6696341.115800,6266753.053800,14979517.861300,17227.417100,11629.599000,75962.244900
1997,USA,F09,6687876.484700,6258741.125400,14957440.712600,17223.528100,11626.226300,75805.648400
1997,VNM,B06,1580.940800,1165.018400,4227.094700,5.768100,0.853700,105.011200
1997,VNM,B0609,1632.867900,1198.900100,4331.427400,5.945100,0.917800,109.404000
1997,VNM,F,26032.816800,18765.304100,49014.808800,93.947500,55.346400,1490.445300
1997,VNM,F09,25980.889700,18731.422400,48910.476100,93.770500,55.282300,1486.052500
1997,ZAF,B06,701.185200,607.292500,838.947500,29.429700,0.004100,33.219800
1997,ZAF,B0609,969.588100,848.859300,1213.322900,33.444700,0.006500,45.768100
1997,ZAF,F,154469.792900,134872.805400,315876.757300,1214.387000,60.939600,5123.817900
1997,ZAF,F09,154201.390000,134631.238600,315502.381900,1210.372000,60.937200,5111.269600
1997,ROW,B06,50678.479600,44321.405500,151398.664900,1294.228100,325.466100,246.950800
1997,ROW,B0609,59022.754000,50882.235700,168778.070100,1428.070300,375.639600,322.974700
1997,ROW,F,786675.918700,644785.283700,1615357.806300,11011.548300,5644.045800,9245.580500
1997,ROW,F09,778331.644300,638224.453500,1597978.401100,10877.706100,5593.872300,9169.556600
1998,AGO,B06,1285.092200,629.216700,3712.445500,37.654200,0.031700,8.878300
1998,AGO,B0609,1445.295200,684.251300,4206.641700,40.009900,0.038500,10.118000
1998,AGO,F,3239.770500,1596.393900,9294.698800,49.412200,4.881800,43.811200
1998,AGO,F09,3079.567500,1541.359300,8800.502600,47.056500,4.875000,42.571500
1998,ARE,B06,4224.427900,3656.354100,21623.271500,95.955900,33.777600,28.276000
1998,ARE,B0609,5742.843400,4882.099500,24907.681500,121.628400,44.542200,45.153600
1998,ARE,F,59728.715700,47729.913100,118183.463900,745.167500,365.473700,672.120300
1998,ARE,F09,58210.300200,46504.167700,114899.053900,719.495000,354.709100,655.242700
1998,ARG,B06,4242.758900,3944.928400,16947.671100,95.345700,0.038900,90.434400
1998,ARG,B0609,5026.616600,4662.728000,18772.166200,106.622300,0.048500,113.393100
1998,ARG,F,191804.296200,178394.169100,463265.709300,854.598500,90.745100,4405.380600
1998,ARG,F09,191020.438500,177676.369500,461441.214200,843.321900,90.735500,4382.421900
1998,AUS,B06,1057.410700,965.880900,5591.432200,37.348200,20.066700,20.874900
1998,AUS,B0609,2860.019400,2608.968700,8929.763900,51.070800,27.973700,39.311800
1998,AUS,F,339355.189000,305259.898400,692786.784400,2496.403900,1630.215900,7943.940000
1998,AUS,F09,337552.580300,303616.810600,689448.452700,2482.681300,1622.308900,7925.503100
1998,AUT,B06,85.375500,61.654700,186.318800,0.544700,0.087300,3.342700
1998,AUT,B0609,108.421500,79.159700,233.258800,0.620200,0.101300,4.328100
1998,AUT,F,163356.795200,126043.170900,362505.527300,256.082700,74.113900,4519.746600
1998,AUT,F09,163333.749200,126025.665900,362458.587300,256.007200,74.099900,4518.761200
1998,BEL,B06,0.000000,0.000000,0.000000,0.000000,0.000000,0.000000
1998,BEL,B0609,4.835200,3.629200,34.517700,0.027100,0.002700,0.229700
1998,BEL,F,285748.630300,206964.385100,525398.523900,1337.086200,301.132000,8364.936200
1998,BEL,F09,285743.795100,206960.755900,525364.006200,1337.059100,301.129300,8364.706500
1998,BGD,B06,183.997800,148.962600,597.245700,13.837200,7.907900,1.582700
1998,BGD,B0609,195.866300,159.020900,628.533900,14.430200,8.252300,1.769500
1998,BGD,F,25535.422600,22129.000900,65941.997300,664.744300,419.794300,542.680000
1998,BGD,F09,25523.554100,22118.942600,65910.709100,664.151300,419.449900,542.493200
1998,BGR,B06,7.654900,5.890900,30.522700,0.266100,0.114900,0.486900
1998,BGR,B0609,7.753000,5.976400,30.682900,0.267500,0.115700,0.492900
1998,BGR,F,15866.668500,13245.027900,29866.168300,191.449300,92.453100,623.296700
1998,BGR,F09,15866.570400,13244.942400,29866.008100,191.447900,92.452300,623.290700
1998,BLR,B06,50.101300,33.481500,129.701900,0.460000,0.007500,6.711900
1998,BLR,B0609,67.750400,45.555100,174.721200,0.563200,0.011800,8.580100
1998,BLR,F,19159.736300,13692.679400,33810.520800,84.051100,37.262000,1264.066400
1998,BLR,F09,19142.087200,13680.605800,33765.501500,83.947900,37.257700,1262.198200
1998,BRA,B06,6877.447500,5819.022200,14627.379200,695.999000,220.285200,769.608400
1998,BRA,B0609,7542.518700,6454.401500,16207.093500,697.930900,221.002200,805.630500
1998,BRA,F,582651.852300,546032.993300,1364829.204800,2332.179300,1016.377000,29200.328800
1998,BRA,F09,581986.781100,545397.614000,1363249.490500,2330.247400,1015.660000,29164.306700
1998,BRN,B06,737.686100,574.373600,2396.215200,24.245300,23.530700,0.104200
1998,BRN,B0609,830.071600,648.837700,2618.628900,25.900700,25.124600,0.121500
1998,BRN,F,3041.646100,2619.283500,5908.488600,43.176700,41.462400,-0.962000
1998,BRN,F09,2949.260600,2544.819400,5686.074900,41.521300,39.868500,-0.979300
1998,CAN,B06,8191.510900,6292.742300,18294.201400,8.248500,6.250700,70.724900
1998,CAN,B0609,10882.603900,8274.276600,23629.411400,13.243300,9.375100,127.942300
1998,CAN,F,510725.752800,382048.167500,1097564.534800,1896.905200,555.683300,9886.077900
1998,CAN,F09,508034.659800,380066.633200,1092229.324800,1891.910400,552.558900,9828.860500
1998,CHE,B06,0.000000,0.000000,0.000000,0.000000,0.000000,0.000000
1998,CHE,B0609,76.437700,65.210200,127.876700,0.924600,0.392400,1.212800
1998,CHE,F,311229.248500,258180.404800,606831.616400,5060.164300,2213.720300,1994.853800
1998,CHE,F09,311152.810800,258115.194600,606703.739700,5059.239700,2213.327900,1993.641000
1998,CHL,B06,57.012000,46.755900,129.009500,1.534300,0.013100,2.960700
1998,CHL,B0609,125.228900,105.441400,396.148800,2.336700,0.027100,6.229800
1998,CHL,F,61945.833900,52134.952900,136520.152000,1045.949900,249.816700,2613.149900
1998,CHL,F09,61877.617000,52076.267400,136253.012700,1045.147500,249.802700,2609.880800
1998,CHN,B06,9529.017800,8893.252100,26377.105800,146.332800,22.122000,450.352500
1998,CHN,B0609,10827.751900,10113.719200,28641.187500,158.009700,24.995300,512.472400
1998,CHN,F,1551142.883400,1452394.675200,2525089.662600,8118.860000,4360.575600,40152.755300
1998,CHN,F09,1549844.149300,1451174.208100,2522825.580900,8107.183100,4357.702300,40090.635400
1998,CIV,B06,14.896500,10.789200,23.854400,0.058400,0.002200,0.091000
1998,CIV,B0609,20.378900,15.022100,31.486000,0.072900,0.003400,0.128900
1998,CIV,F,9937.348200,7948.102300,22014.513300,68.256100,13.795200,242.497700
1998,CIV,F09,9931.865800,7943.869400,22006.881700,68.241600,13.794000,242.459800
1998,CMR,B06,246.908600,164.909600,758.909600,1.432000,0.990900,7.525200
1998,CMR,B0609,286.028100,191.068900,860.544300,1.641500,1.144600,9.146200
1998,CMR,F,6006.400000,4968.088300,16228.578500,87.560300,56.930200,318.904400
1998,CMR,F09,5967.280500,4941.929000,16126.943800,87.350800,56.776500,317.283400
1998,COD,B06,77.347900,56.136300,300.847900,4.798000,0.062500,0.858100
1998,COD,B0609,97.761100,70.537400,363.892400,5.671800,0.143500,1.166400
1998,COD,F,5198.692900,3812.411000,14836.476400,176.114100,25.101200,106.621500
1998,COD,F09,5178.279700,3798.009900,14773.431900,175.240300,25.020200,106.313200
1998,COL,B06,1619.882000,1186.326800,5895.485300,309.916400,0.022000,12.964700
1998,COL,B0609,1650.126000,1214.904000,5960.077000,310.271200,0.025100,13.901200
1998,COL,F,88336.057200,77289.706700,186025.053900,738.006500,46.868000,2152.495600
1998,COL,F09,88305.813200,77261.129500,185960.462200,737.651700,46.864900,2151.559100
1998,CRI,B06,0.092700,0.052000,0.296000,0.013300,0.003500,0.007300
1998,CRI,B0609,0.129500,0.075900,0.391100,0.016100,0.004300,0.010400
1998,CRI,F,10560.793700,7225.335700,23535.230100,421.855400,139.472600,445.681700
1998,CRI,F09,10560.756900,7225.311800,23535.135000,421.852600,139.471800,445.678600
1998,CYP,B06,6.088900,5.490000,13.385800,4.355100,4.348700,0.058600
1998,CYP,B0609,6.227300,5.597400,13.610200,4.421100,4.414700,0.060900
1998,CYP,F,9738.394100,7170.781200,19366.681500,1409.254400,1401.133500,125.167800
1998,CYP,F09,9738.255700,7170.673800,19366.457100,1409.188400,1401.067500,125.165500
1998,CZE,B06,13.088700,10.711200,31.569400,0.054700,0.018300,0.736400
1998,CZE,B0609,48.862500,37.116000,92.022500,0.073500,0.028200,3.666300
1998,CZE,F,82719.173400,66128.529900,146125.423500,162.569700,61.791800,2413.375200
1998,CZE,F09,82683.399600,66102.125100,146064.970400,162.550900,61.781900,2410.445300
1998,DEU,B06,2648.375400,2276.822800,3327.949300,9.493100,5.629700,80.592100
1998,DEU,B0609,3196.866300,2739.479700,4143.458500,13.019100,7.799900,104.174600
1998,DEU,F,1770198.607400,1509865.770100,3841118.668600,4362.968800,2813.135600,42117.993900
1998,DEU,F09,1769650.116500,1509403.113200,3840303.159400,4359.442800,2810.965400,42094.411400
1998,DNK,B06,237.807000,191.236900,1648.827100,0.700400,0.574700,7.908600
1998,DNK,B0609,273.251000,219.398200,1718.487700,0.780500,0.640500,11.796900
1998,DNK,F,128914.550700,99560.752300,284105.155100,460.640400,375.646300,5779.788900
1998,DNK,F09,128879.106700,99532.591000,284035.494500,460.560300,375.580500,5775.900600
1998,EGY,B06,879.145800,722.859800,11356.916800,17.077200,4.900400,30.200700
1998,EGY,B0609,966.407800,788.227000,11656.530600,18.281100,5.320500,34.281600
1998,EGY,F,51335.523800,42232.688000,123135.943100,579.987900,320.861600,1181.985500
1998,EGY,F09,51248.261800,42167.320800,122836.329300,578.784000,320.441500,1177.904600
1998,ESP,B06,8.219200,6.271700,70.078700,0.567500,0.146000,0.477800
1998,ESP,B0609,49.791100,40.043800,154.557000,1.606300,0.417200,2.954300
1998,ESP,F,536470.358800,447505.559200,1114285.445100,3936.482100,1134.308600,12349.771900
1998,ESP,F09,536428.786900,447471.787100,1114200.966800,3935.443300,1134.037400,12347.295400
1998,EST,B06,39.534200,31.233900,84.819300,0.192300,0.000500,1.143800
1998,EST,B0609,67.456200,49.712200,144.437700,0.350000,0.033500,2.246700
1998,EST,F,6495.358300,4169.120700,11716.244400,83.923500,25.928200,208.718700
1998,EST,F09,6467.436300,4150.642400,11656.626000,83.765800,25.895200,207.615800
1998,FIN,B06,0.000000,0.000000,0.000000,0.000000,0.000000,0.000000
1998,FIN,B0609,0.975900,0.796700,2.178300,0.007300,0.001100,0.082100
1998,FIN,F,120159.524100,97165.950800,241562.426900,974.471800,409.600400,4835.738100
1998,FIN,F09,120158.548200,97165.154100,241560.248600,974.464500,409.599300,4835.656000
1998,FRA,B06,47.731400,40.635500,243.269800,0.192000,0.000100,3.336400
1998,FRA,B0609,192.904600,168.145600,399.610300,0.451400,0.000400,12.333100
1998,FRA,F,1163096.478700,990203.743900,2551726.310600,1817.889500,672.854200,46592.957700
1998,FRA,F09,1162951.305500,990076.233800,2551569.970100,1817.630100,672.853900,46583.961000
1998,GBR,B06,8246.277500,7388.798600,25403.900900,58.590500,7.243100,131.991300
1998,GBR,B0609,10838.216700,9669.143500,30315.276900,72.042800,9.420200,236.881900
1998,GBR,F,1301561.920300,1134658.370000,2816648.196100,3839.739700,1235.334300,41957.133500
1998,GBR,F09,1298969.981100,1132378.025100,2811736.820100,3826.287400,1233.157200,41852.242900
1998,GRC,B06,12.898700,8.850900,16.845800,0.287100,0.217300,0.595800
1998,GRC,B0609,21.885700,15.919800,38.621200,0.396800,0.301300,1.142200
1998,GRC,F,100468.867400,84327.139100,233682.154300,953.574500,751.476600,2436.757800
1998,GRC,F09,100459.880400,84320.070200,233660.378900,953.464800,751.392600,2436.211400
1998,HKG,B06,0.000000,0.000000,0.000000,0.000000,0.000000,0.000000
1998,HKG,B0609,99.180000,74.915000,123.329700,8.009100,3.243700,1.983300
1998,HKG,F,173566.619500,143789.068600,338598.882900,9824.350600,4396.169900,3110.595800
1998,HKG,F09,173467.439500,143714.153600,338475.553200,9816.341500,4392.926200,3108.612500
1998,HRV,B06,10.185800,8.023300,77.750900,0.232200,0.175900,3.222100
1998,HRV,B0609,112.011300,87.982400,229.395900,2.047400,1.561300,9.400500
1998,HRV,F,20672.251400,16520.869600,41559.985200,368.581300,285.419900,968.893400
1998,HRV,F09,20570.425900,16440.910500,41408.340200,366.766100,284.034500,962.715000
1998,HUN,B06,33.304400,20.824000,55.635200,0.022000,0.008800,2.036400
1998,HUN,B0609,45.674900,29.707400,85.654900,1.174700,0.535900,2.739700
1998,HUN,F,52392.785700,37353.187500,96532.703400,86.108900,37.218400,2078.670300
1998,HUN,F09,52380.415200,37344.304100,96502.683700,84.956200,36.691300,2077.967000
1998,IDN,B06,1526.187600,1137.177000,6791.510300,14.601100,10.284300,29.283600
1998,IDN,B0609,1937.237100,1424.585600,7728.970800,17.536900,12.368700,38.015000
1998,IDN,F,99202.996400,73866.726800,204663.266400,628.487000,487.704300,1977.395200
1998,IDN,F09,98791.946900,73579.318200,203725.805900,625.551200,485.619900,1968.663800
1998,IND,B06,4265.366500,3862.274900,9236.417500,46.696100,0.015200,232.819000
1998,IND,B0609,4400.881500,3983.535900,10687.473800,47.516000,0.015900,241.778300
1998,IND,F,416618.740800,381704.143600,802944.752800,1305.712100,547.454200,17461.314000
1998,IND,F09,416483.225800,381582.882600,801493.696500,1304.892200,547.453500,17452.354700
1998,IRL,B06,25.084900,18.555600,39.627700,0.048500,0.011200,0.447400
1998,IRL,B0609,64.360900,33.471600,89.940700,0.075900,0.012800,1.144700
1998,IRL,F,105738.012100,73265.488200,190147.361200,1638.910800,43.264200,2781.013700
1998,IRL,F09,105698.736100,73250.572200,190097.048200,1638.883400,43.262600,2780.316400
1998,ISL,B06,0.198200,0.141000,0.541900,0.021800,0.012700,0.011100
1998,ISL,B0609,0.213300,0.153300,0.585300,0.022600,0.013300,0.011900
1998,ISL,F,6339.829300,4904.036200,13959.995700,236.800600,152.516700,240.852100
1998,ISL,F09,6339.814200,4904.023900,13959.952300,236.799800,152.516100,240.851300
1998,ISR,B06,98.536000,71.503500,255.336200,4.244000,1.774800,8.405800
1998,ISR,B0609,127.834300,94.296600,319.203100,4.876000,2.063100,10.363500
1998,ISR,F,74976.686600,58583.232200,185900.014800,1030.215700,534.011900,3884.780200
1998,ISR,F09,74947.388300,58560.439100,185836.147900,1029.583700,533.723600,3882.822500
1998,ITA,B06,3945.590300,2861.781000,8636.914500,461.338700,5.080000,120.803400
1998,ITA,B0609,3969.193700,2880.305800,8889.408900,464.124000,5.098300,122.417400
1998,ITA,F,1193397.025800,1044899.197300,2368832.427800,7283.152200,2951.771000,40686.471900
1998,ITA,F09,1193373.422400,1044880.672500,2368579.933400,7280.366900,2951.752700,40684.857900
1998,JOR,B06,21.542600,14.332900,65.003100,0.780800,0.000800,0.616400
1998,JOR,B0609,38.351500,25.320400,115.811900,1.247400,0.002000,1.359500
1998,JOR,F,6422.300600,3945.132200,13470.285000,65.447400,6.471600,269.731100
1998,JOR,F09,6405.491700,3934.144700,13419.476200,64.980800,6.470400,268.988000
1998,JPN,B06,285.908100,270.102300,743.077500,0.535400,0.513100,9.761900
1998,JPN,B0609,1382.877200,1288.506300,2761.071700,5.873500,2.987000,88.693300
1998,JPN,F,3072647.153500,2886004.021000,7016208.337700,21442.612200,14523.172000,107502.532100
1998,JPN,F09,3071550.184400,2884985.617000,7014190.343500,21437.274100,14520.698100,107423.600700
1998,KAZ,B06,4564.414400,4197.891100,8098.074900,10.574400,5.638800,133.028700
1998,KAZ,B0609,4770.575900,4376.536200,8487.493600,11.064400,5.906500,155.565800
1998,KAZ,F,15730.178800,13253.417800,33832.032100,46.393400,24.630500,558.293500
1998,KAZ,F09,15524.017300,13074.772700,33442.613400,45.903400,24.362800,535.756400
1998,KHM,B06,0.000000,0.000000,0.000000,0.000000,0.000000,0.000000
1998,KHM,B0609,2.856300,2.485500,7.132500,0.039600,0.000300,0.038800
1998,KHM,F,2197.621200,1779.356400,5270.975300,26.984100,2.320400,33.875600
1998,KHM,F09,2194.764900,1776.870900,5263.842800,26.944500,2.320100,33.836800
1998,KOR,B06,22.752000,14.782900,86.541100,5.351200,0.532300,0.410800
1998,KOR,B0609,24.244800,15.933700,94.514600,5.520100,0.549900,0.445800
1998,KOR,F,437248.005400,355516.142500,801919.376300,6704.351100,2044.907200,13098.951600
1998,KOR,F09,437246.512600,355514.991700,801911.402800,6704.182200,2044.889600,13098.916600
1998,LAO,B06,1.107500,0.820700,12.546100,0.057000,0.002900,0.017300
1998,LAO,B0609,4.808800,3.454800,25.336300,0.168700,0.009500,0.094900
1998,LAO,F,697.250800,446.562100,1988.388600,15.562600,1.049300,18.631600
1998,LAO,F09,693.549500,443.928000,1975.598400,15.450900,1.042700,18.554000
1998,LTU,B06,14.950200,9.530500,35.756700,0.672500,0.351600,1.477700
1998,LTU,B0609,15.897400,10.140700,42.053900,0.695700,0.364100,1.568500
1998,LTU,F,9075.631900,6365.477600,19522.790600,97.093700,55.487600,615.047600
1998,LTU,F09,9074.684700,6364.867400,19516.493400,97.070500,55.475100,614.956800
1998,LUX,B06,0.000000,0.000000,0.000000,0.000000,0.000000,0.000000
1998,LUX,B0609,0.000000,0.000000,0.000000,0.000000,0.000000,0.000000
1998,LUX,F,23418.378800,9891.185700,42173.613100,121.773000,8.450900,704.974800
1998,LUX,F09,23418.378800,9891.185700,42173.613100,121.773000,8.450900,704.974800
1998,LVA,B06,0.000000,0.000000,0.000000,0.000000,0.000000,0.000000
1998,LVA,B0609,0.016700,0.014100,0.224200,0.000900,0.000400,0.001900
1998,LVA,F,7035.626000,5406.286200,13701.743200,113.182800,49.515700,340.880600
1998,LVA,F09,7035.609300,5406.272100,13701.519000,113.181900,49.515300,340.878700
1998,MAR,B06,1.309500,1.106600,7.463900,0.028800,0.001000,0.214100
1998,MAR,B0609,3.403000,2.922700,29.589900,0.037500,0.001600,0.322900
1998,MAR,F,27996.077300,22145.954700,65312.499200,221.695300,69.713100,1840.285500
1998,MAR,F09,27993.983800,22144.138600,65290.373200,221.686600,69.712500,1840.176700
1998,MEX,B06,3034.709900,2780.085400,26102.281800,19.843300,0.736000,22.851300
1998,MEX,B0609,4432.752900,4031.054400,28384.993700,25.534800,1.128800,39.826000
1998,MEX,F,426089.276500,349537.573800,948277.821300,1046.605400,396.930900,7628.188100
1998,MEX,F09,424691.233500,348286.604800,945995.109400,1040.913900,396.538100,7611.213400
1998,MLT,B06,1.685900,1.321200,2.800800,0.070100,0.013100,0.019400
1998,MLT,B0609,8.998100,6.640600,19.006700,0.326800,0.066400,0.173500
1998,MLT,F,5136.062200,3790.497200,8870.192200,92.400400,27.335700,93.335800
1998,MLT,F09,5128.750000,3785.177800,8853.986300,92.143700,27.282400,93.181700
1998,MMR,B06,121.229400,77.885500,232.325700,13.800200,5.614700,1.329700
1998,MMR,B0609,122.201900,78.531500,234.267100,13.859900,5.640600,1.341300
1998,MMR,F,4495.146800,4001.337000,8857.268400,57.399700,31.228900,17.521000
1998,MMR,F09,4494.174300,4000.691000,8855.327000,57.340000,31.203000,17.509400
1998,MYS,B06,6668.060300,5039.931300,10468.423400,181.350300,0.138000,41.096100
1998,MYS,B0609,7201.779700,5419.696400,11471.507500,189.955200,0.155200,45.047300
1998,MYS,F,119387.461900,83677.790500,187956.392700,1049.828900,136.315300,474.394000
1998,MYS,F09,118853.742500,83298.025400,186953.308600,1041.224000,136.298100,470.442800
1998,NGA,B06,2073.262600,1351.688600,7399.553700,340.902000,0.388700,43.332100
1998,NGA,B0609,2078.834100,1355.726200,7411.324700,341.338200,0.389800,43.452600
1998,NGA,F,37249.609800,32917.377000,89299.338000,620.272400,15.174800,675.673200
1998,NGA,F09,37244.038300,32913.339400,89287.567000,619.836200,15.173700,675.552700
1998,NLD,B06,1871.208100,1215.790700,10004.593400,21.525600,8.064900,16.814000
1998,NLD,B0609,3107.861600,2099.807700,12743.036200,23.447600,9.562500,52.694800
1998,NLD,F,395213.530400,297736.005000,792846.839700,3895.238300,1875.360700,10978.021900
1998,NLD,F09,393976.876900,296851.988000,790108.396900,3893.316300,1873.863100,10942.141100
1998,NOR,B06,2793.251000,2297.479900,17673.308500,127.487600,9.278100,104.975500
1998,NOR,B0609,4034.060500,3272.365000,19716.234200,168.672300,15.927800,167.036900
1998,NOR,F,120805.358800,94387.228500,244237.024300,4576.556100,833.112300,4902.956200
1998,NOR,F09,119564.549300,93412.343400,242194.098600,4535.371400,826.462600,4840.894800
1998,NZL,B06,77.515100,67.366800,240.419000,0.958100,0.797800,1.498900
1998,NZL,B0609,190.940400,164.545000,405.916000,1.777300,1.476300,3.940800
1998,NZL,F,62605.875000,54452.249900,119385.391700,213.622100,173.943000,991.499300
1998,NZL,F09,62492.449700,54355.071700,119219.894700,212.802900,173.264500,989.057400
1998,PAK,B06,671.567400,579.144500,1761.783900,25.186600,20.042100,13.727900
1998,PAK,B0609,710.304300,612.604300,1858.718000,25.894200,20.613700,14.600100
1998,PAK,F,57065.448400,52915.118300,126527.745000,613.301700,517.188500,397.889800
1998,PAK,F09,57026.711500,52881.658500,126430.810900,612.594100,516.616900,397.017600
1998,PER,B06,580.074600,535.569900,1524.246700,4.242300,0.657000,18.337300
1998,PER,B0609,879.023600,811.588900,2430.801100,5.600500,0.945200,23.735800
1998,PER,F,44458.625600,39461.311300,94969.005600,159.923700,40.482500,1287.264300
1998,PER,F09,44159.676600,39185.292300,94062.451200,158.565500,40.194300,1281.865800
1998,PHL,B06,175.732100,83.285200,477.371200,42.010100,0.023000,3.175700
1998,PHL,B0609,199.650900,96.894600,524.176000,45.058600,0.028400,3.670400
1998,PHL,F,59737.831400,38970.358500,129426.780500,2584.959300,91.056800,963.926000
1998,PHL,F09,59713.912600,38956.749100,129379.975700,2581.910800,91.051400,963.431300
1998,POL,B06,38.376000,28.994200,74.809200,0.415500,0.101000,2.413600
1998,POL,B0609,90.396600,59.937200,192.467500,0.683400,0.194900,8.902900
1998,POL,F,169931.641500,141200.736000,330630.404600,478.972200,153.831700,5666.516400
1998,POL,F09,169879.620900,141169.793000,330512.746300,478.704300,153.737800,5660.027100
1998,PRT,B06,0.000000,0.000000,0.000000,0.000000,0.000000,0.000000
1998,PRT,B0609,2.853300,2.375600,8.501200,0.005800,0.003300,0.149200
1998,PRT,F,124672.859600,101680.674400,237011.115900,174.598600,91.627100,3968.338500
1998,PRT,F09,124670.006300,101678.298800,237002.614700,174.592800,91.623800,3968.189300
1998,ROU,B06,272.962200,238.302200,619.605300,4.755700,1.334200,9.678600
1998,ROU,B0609,424.148100,363.544500,957.206500,6.730000,1.935700,21.193100
1998,ROU,F,41186.925100,34654.374300,79765.209300,243.473100,104.683300,1312.184200
1998,ROU,F09,41035.739200,34529.132000,79427.608100,241.498800,104.081800,1300.669700
1998,RUS,B06,2144.307200,2095.148600,22048.797000,3.963800,0.388800,13.892200
1998,RUS,B0609,14979.689200,14084.532700,36924.344700,39.250900,5.749900,811.906000
1998,RUS,F,200836.667400,177508.414700,449260.943600,582.325300,187.648800,5671.945800
1998,RUS,F09,188001.285400,165519.030600,434385.395900,547.038200,182.287700,4873.932000
1998,SAU,B06,8937.119500,8740.946600,54052.492800,12.253500,11.841000,11.575500
1998,SAU,B0609,9022.016700,8821.410900,54269.937100,12.380300,11.960200,11.892100
1998,SAU,F,64701.088000,53917.272100,164291.078000,135.737600,118.473400,588.028800
1998,SAU,F09,64616.190800,53836.807800,164073.633700,135.610800,118.354200,587.712200
1998,SEN,B06,1.396200,0.537800,1.709600,0.425200,0.000300,0.061700
1998,SEN,B0609,4.371300,2.210100,4.979500,1.010000,0.001600,0.221300
1998,SEN,F,3993.011300,3060.461000,9894.345400,234.746200,2.188800,137.696500
1998,SEN,F09,3990.036200,3058.788700,9891.075500,234.161400,2.187500,137.536900
1998,SGP,B06,0.000000,0.000000,0.000000,0.000000,0.000000,0.000000
1998,SGP,B0609,0.000000,0.000000,0.000000,0.000000,0.000000,0.000000
1998,SGP,F,133481.934500,94510.898000,216998.827800,11244.944600,6308.712600,2141.947700
1998,SGP,F09,133481.934500,94510.898000,216998.827800,11244.944600,6308.712600,2141.947700
1998,STP,B06,0.084700,0.054700,0.179400,0.021500,0.000100,0.000500
1998,STP,B0609,0.148700,0.101500,0.283600,0.031600,0.000200,0.000900
1998,STP,F,101.502800,84.398100,170.123500,4.167500,0.158600,0.487800
1998,STP,F09,101.438800,84.351300,170.019300,4.157400,0.158500,0.487400
1998,SVK,B06,0.348200,0.226500,0.485000,0.000600,0.000400,0.058200
1998,SVK,B0609,66.417600,51.716500,72.714900,0.211000,0.081800,2.787600
1998,SVK,F,29648.363100,22934.137100,50953.542500,27.306800,12.814600,1197.452500
1998,SVK,F09,29582.293700,22882.647100,50881.312600,27.096400,12.733200,1194.723100
1998,SVN,B06,0.000000,0.000000,0.000000,0.000000,0.000000,0.000000
1998,SVN,B0609,4.200600,3.354500,4.527200,0.010600,0.009200,0.183600
1998,SVN,F,22028.867800,16442.986900,42063.320400,33.106900,24.095700,782.765400
1998,SVN,F09,22024.667200,16439.632400,42058.793200,33.096300,24.086500,782.581800
1998,SWE,B06,22.004200,17.052400,33.089400,0.686300,0.330300,1.293900
1998,SWE,B0609,74.779000,58.495900,111.703700,1.997700,0.985200,5.297700
1998,SWE,F,241506.334800,194021.282100,491544.883800,3467.529900,1963.788400,10729.772400
1998,SWE,F09,241453.560000,193979.838600,491466.269500,3466.218500,1963.133500,10725.768600
1998,THA,B06,1148.959400,763.676200,2363.890800,1.235300,0.909100,20.234400
1998,THA,B0609,1202.170500,800.360600,2895.903000,1.391900,0.918500,22.113000
1998,THA,F,128086.840600,97626.386100,235712.092200,802.454400,399.200600,5847.982300
1998,THA,F09,128033.629500,97589.701700,235180.080000,802.297800,399.191200,5846.103700
1998,TUN,B06,363.949900,252.449300,953.962700,14.820900,0.015800,6.877600
1998,TUN,B0609,410.762300,284.126100,1046.082000,15.867100,0.020500,8.297100
1998,TUN,F,17806.191200,13044.281900,37205.457600,223.908400,44.169600,309.557800
1998,TUN,F09,17759.378800,13012.605100,37113.338300,222.862200,44.164900,308.138300
1998,TUR,B06,123.295000,111.232700,576.169300,0.821800,0.001000,8.080600
1998,TUR,B0609,136.628600,122.964700,728.526400,0.912500,0.002200,8.613500
1998,TUR,F,210465.205700,183831.458600,471817.228400,1119.268800,323.018100,7649.440900
1998,TUR,F09,210451.872100,183819.726600,471664.871300,1119.178100,323.016900,7648.908000
1998,TWN,B06,78.659100,53.425600,264.158000,3.654200,3.351300,0.621100
1998,TWN,B0609,313.975200,221.314400,698.564500,10.635200,9.718900,3.299700
1998,TWN,F,295541.790900,217120.908800,567820.719200,3859.016800,3399.634700,2551.584700
1998,TWN,F09,295306.474800,216953.020000,567386.312700,3852.035800,3393.267100,2548.906100
1998,UKR,B06,953.446400,641.541500,1758.594800,31.178200,19.195300,68.290700
1998,UKR,B0609,1465.225200,1031.206300,2317.590900,41.797500,25.934700,103.418600
1998,UKR,F,49932.290900,42158.931400,87776.670000,574.321400,384.088900,1729.121600
1998,UKR,F09,49420.512100,41769.266600,87217.673900,563.702100,377.349500,1693.993700
1998,USA,B06,33162.468700,29508.101900,69789.631700,264.111300,154.752000,540.072200
1998,USA,B0609,42787.195500,38621.296300,93171.265700,268.410500,158.434000,719.711700
1998,USA,F,7042443.139700,6610120.917200,15812073.734800,18742.025500,12103.658000,77827.021400
1998,USA,F09,7032818.412900,6601007.722800,15788692.100800,18737.726300,12099.976000,77647.381900
1998,VNM,B06,1819.744600,1322.218700,4244.366600,6.437000,1.032800,131.840500
1998,VNM,B0609,1875.813200,1358.232100,4354.667500,6.648700,1.099800,136.841400
1998,VNM,F,26146.598500,18700.301300,49735.565600,98.523400,55.622100,1516.583300
1998,VNM,F09,26090.529900,18664.287900,49625.264700,98.311700,55.555100,1511.582400
1998,ZAF,B06,655.260100,570.883500,784.265700,22.359500,0.004500,34.611800
1998,ZAF,B0609,907.686800,795.904800,1134.239700,26.723400,0.007100,47.803800
1998,ZAF,F,148125.853500,129195.258300,294051.655300,1185.319700,59.688900,5136.912900
1998,ZAF,F09,147873.426800,128970.237000,293701.681300,1180.955800,59.686300,5123.720900
1998,ROW,B06,57919.169200,52438.611600,155032.789200,1053.909100,266.647600,424.102700
1998,ROW,B0609,66035.422400,59536.272400,172115.694600,1225.743100,320.916400,500.017600
1998,ROW,F,768100.554800,639774.479700,1604843.193300,12594.854000,5663.216900,9667.667400
1998,ROW,F09,759984.301600,632676.818900,1587760.287900,12423.020000,5608.948100,9591.752500
1999,AGO,B06,1483.291300,388.412900,4762.123100,52.968100,0.044900,6.895000
1999,AGO,B0609,1522.865100,394.341200,5132.449800,53.793500,0.047900,7.102400
1999,AGO,F,2913.013900,588.599800,7815.374700,63.783000,4.226800,17.204500
1999,AGO,F09,2873.440100,582.671500,7445.048000,62.957600,4.223800,16.997100
1999,ARE,B06,4074.744400,3572.546600,22755.978300,77.607700,32.782000,40.476800
1999,ARE,B0609,5714.450300,4956.570400,26364.683900,98.166000,42.958200,59.504700
1999,ARE,F,67001.090300,55183.826800,132625.865100,819.099700,434.683800,818.663800
1999,ARE,F09,65361.384400,53799.803000,129017.159500,798.541400,424.507600,799.635900
1999,ARG,B06,3742.249600,3524.412000,15773.423000,50.555200,0.015500,68.000300
1999,ARG,B0609,4456.585700,4180.881300,17471.504900,58.316400,0.022200,86.613800
1999,ARG,F,176793.602800,165197.686700,435486.967900,680.804600,95.757900,3616.308500
1999,ARG,F09,176079.266700,164541.217400,433788.886000,673.043400,95.751200,3597.695000
1999,AUS,B06,856.044900,768.294600,8793.858200,46.660900,28.590000,16.053300
1999,AUS,B0609,2379.615600,2158.452600,12136.278100,54.578600,33.943900,35.251400
1999,AUS,F,378229.370200,340126.874100,760279.061100,2655.417700,1899.523500,8699.018500
1999,AUS,F09,376705.799500,338736.716100,756936.641200,2647.500000,1894.169600,8679.820400
1999,AUT,B06,129.130600,79.499400,268.802000,0.376800,0.011800,5.489500
1999,AUT,B0609,151.049400,96.886000,314.389200,0.402200,0.013200,6.507200
1999,AUT,F,162906.246400,126339.918900,360752.583800,221.033700,47.933100,4811.896900
1999,AUT,F09,162884.327600,126322.532300,360706.996600,221.008300,47.931700,4810.879200
1999,BEL,B06,0.000000,0.000000,0.000000,0.000000,0.000000,0.000000
1999,BEL,B0609,6.317900,4.674900,33.503900,0.020400,0.001900,0.313000
1999,BEL,F,289652.041400,211539.330800,528516.982800,1122.972200,202.455500,8467.728300
1999,BEL,F09,289645.723500,211534.655900,528483.478900,1122.951800,202.453600,8467.415300
1999,BGD,B06,136.622100,110.812500,568.745800,8.205300,4.896700,1.073100
1999,BGD,B0609,150.550800,122.796000,604.394700,8.942500,5.337300,1.291800
1999,BGD,F,26867.747700,23406.873500,69064.965600,724.030400,468.825900,511.074300
1999,BGD,F09,26853.819000,23394.890000,69029.316700,723.293200,468.385300,510.855600
1999,BGR,B06,6.513400,3.175300,27.223600,0.080100,0.011600,0.809200
1999,BGR,B0609,6.597000,3.233700,27.366000,0.080700,0.011700,0.816500
1999,BGR,F,13696.365300,10260.866900,26471.947100,123.460400,24.107900,698.853800
1999,BGR,F09,13696.281700,10260.808500,26471.804700,123.459800,24.107800,698.846500
1999,BLR,B06,42.605200,27.963300,106.373400,0.346800,0.006800,5.231300
1999,BLR,B0609,57.169400,38.318500,141.610600,0.437600,0.011000,6.497200
1999,BLR,F,16046.829800,11441.677500,27707.514900,74.996500,33.037400,937.587400
1999,BLR,F09,16032.265600,11431.322300,27672.277700,74.905700,33.033200,936.321500
1999,BRA,B06,4976.646700,4094.360900,10379.136500,467.942300,122.669000,592.394300
1999,BRA,B0609,5464.295100,4555.277700,11499.846600,469.448300,123.164800,620.001900
1999,BRA,F,416677.245000,383139.504300,954279.971100,1987.201600,778.276800,23144.269000
1999,BRA,F09,416189.596600,382678.587500,953159.261000,1985.695600,777.781000,23116.661400
1999,BRN,B06,746.179200,591.513000,2657.607800,22.885200,22.246700,-8.509000
1999,BRN,B0609,843.985100,677.752000,2905.242700,24.344400,23.662800,-9.192300
1999,BRN,F,3612.952700,3219.943000,6866.773400,52.323700,50.678000,-47.450800
1999,BRN,F09,3515.146800,3133.704000,6619.138500,50.864500,49.261900,-46.767500
1999,CAN,B06,10135.066100,7663.751000,25172.668200,10.710100,8.207100,113.611300
1999,CAN,B0609,12499.055600,9371.374700,29869.866500,14.750700,10.605200,169.831700
1999,CAN,F,556087.277700,413536.665400,1180486.687900,2042.535300,489.661000,10851.614900
1999,CAN,F09,553723.288200,411829.041700,1175789.489600,2038.494700,487.262900,10795.394500
1999,CHE,B06,0.000000,0.000000,0.000000,0.000000,0.000000,0.000000
1999,CHE,B0609,78.626800,65.809100,126.298700,1.218100,0.569300,1.389400
1999,CHE,F,307893.749000,253996.019700,596803.183000,5945.694100,2842.989200,3013.817000
1999,CHE,F09,307815.122200,253930.210600,596676.884300,5944.476000,2842.419900,3012.427600
1999,CHL,B06,53.685400,43.676200,120.912600,1.626400,0.009300,2.591900
1999,CHL,B0609,118.109800,99.555400,371.233100,2.568200,0.018700,5.318600
1999,CHL,F,58263.424000,49225.049000,127488.090000,1148.799400,191.246400,2349.781500
1999,CHL,F09,58198.999600,49169.169800,127237.769500,1147.857600,191.237000,2347.054800
1999,CHN,B06,10358.835900,9607.126600,28302.840700,129.844200,1.832800,538.336600
1999,CHN,B0609,11753.965300,10905.812800,30732.218300,142.072300,3.368000,613.842700
1999,CHN,F,1679045.419400,1561923.501100,2708954.225200,8762.095300,4256.394100,47102.452700
1999,CHN,F09,1677650.290000,1560624.814900,2706524.847600,8749.867200,4254.858900,47026.946600
1999,CIV,B06,14.191500,11.133600,23.645100,0.047800,0.008100,0.066900
1999,CIV,B0609,19.489200,15.509100,31.199800,0.059700,0.010900,0.100200
1999,CIV,F,9596.354500,7942.459800,21843.820100,54.708700,17.870300,157.881900
1999,CIV,F09,9591.056800,7938.084300,21836.265400,54.696800,17.867500,157.848600
1999,CMR,B06,207.038700,131.582600,647.849000,1.857300,1.306600,10.164300
1999,CMR,B0609,242.495900,155.408400,737.711500,2.072200,1.466600,11.892700
1999,CMR,F,6288.537600,5341.888700,16811.980400,88.223100,62.166600,303.216800
1999,CMR,F09,6253.080400,5318.062900,16722.117900,88.008200,62.006600,301.488400
1999,COD,B06,48.972200,43.041200,248.550500,1.261600,0.314000,0.148200
1999,COD,B0609,68.848400,60.464300,307.642600,1.674000,0.478300,0.220300
1999,COD,F,4784.625700,4199.611000,13365.384800,89.340900,32.151400,26.205500
1999,COD,F09,4764.749500,4182.187900,13306.292700,88.928500,31.987100,26.133400
1999,COL,B06,1350.857800,988.200000,5154.623000,243.809700,0.030600,8.589300
1999,COL,B0609,1377.214900,1013.476100,5211.102500,244.014900,0.034000,8.964200
1999,COL,F,78697.239000,69700.732700,165370.801600,656.738700,46.485600,1795.065700
1999,COL,F09,78670.881900,69675.456600,165314.322100,656.533500,46.482200,1794.690800
1999,CRI,B06,0.095200,0.056400,0.305200,0.011000,0.002400,0.007600
1999,CRI,B0609,0.126900,0.077100,0.403300,0.013100,0.003000,0.010500
1999,CRI,F,11022.610900,7711.680000,24491.955200,415.286300,116.156000,483.407700
1999,CRI,F09,11022.579200,7711.659300,24491.857100,415.284200,116.155400,483.404800
1999,CYP,B06,6.093700,5.671300,13.544300,4.949800,4.942600,0.043100
1999,CYP,B0609,6.232500,5.784200,13.771300,5.028700,5.021500,0.045100
1999,CYP,F,9789.796500,7149.611500,19638.686600,1332.866500,1324.389300,139.732400
1999,CYP,F09,9789.657700,7149.498600,19638.459600,1332.787600,1324.310400,139.730400
1999,CZE,B06,11.431300,8.970400,34.520300,0.062400,0.024600,0.843000
1999,CZE,B0609,43.882200,32.077100,90.069200,0.080800,0.033000,3.533700
1999,CZE,F,79191.273000,62285.419500,140569.382800,134.177600,56.101200,2161.220500
1999,CZE,F09,79158.822100,62262.312800,140513.833900,134.159200,56.092800,2158.529800
1999,DEU,B06,1428.733600,1110.807200,2031.994400,7.064100,4.384500,37.960400
1999,DEU,B0609,1812.725400,1432.093300,2653.491800,9.904000,6.211700,56.312400
1999,DEU,F,1793382.400400,1521435.492000,3817071.623500,4876.425100,3252.235000,45513.317100
1999,DEU,F09,1792998.408600,1521114.205900,3816450.126100,4873.585200,3250.407800,45494.965100
1999,DNK,B06,256.207200,202.353500,2408.696800,5.342100,5.153200,7.871300
1999,DNK,B0609,332.532400,262.971200,2531.902500,5.826500,5.599200,16.596200
1999,DNK,F,130560.377900,101808.565000,286324.345900,1253.232700,1156.711700,6076.922100
1999,DNK,F09,130484.052700,101747.947300,286201.140200,1252.748300,1156.265700,6068.197200
1999,EGY,B06,984.695900,823.625100,12385.656700,31.690900,20.839000,34.093100
1999,EGY,B0609,1082.803100,897.862600,12715.301400,34.237100,22.543900,39.034500
1999,EGY,F,57256.144000,47560.915200,135399.732900,1006.205700,745.412200,1401.594800
1999,EGY,F09,57158.036800,47486.677700,135070.088200,1003.659500,743.707300,1396.653400
1999,ESP,B06,14.772900,11.346500,73.665000,0.236500,0.104000,0.727400
1999,ESP,B0609,56.563800,45.165900,156.705600,0.828500,0.349900,3.296500
1999,ESP,F,566105.343600,468729.694500,1156833.153200,2748.932900,1180.310900,13737.919300
1999,ESP,F09,566063.552700,468695.875100,1156750.112600,2748.340900,1180.065000,13735.350200
1999,EST,B06,38.422200,30.814600,84.236400,0.297900,0.070000,1.017500
1999,EST,B0609,65.534200,49.739500,143.399300,0.572200,0.182100,1.920200
1999,EST,F,6173.231200,4069.322100,11505.739300,123.203100,43.058900,188.327700
1999,EST,F09,6146.119200,4050.397200,11446.576400,122.928800,42.946800,187.425000
1999,FIN,B06,0.000000,0.000000,0.000000,0.000000,0.000000,0.000000
1999,FIN,B0609,0.967100,0.795100,2.129300,0.010700,0.000700,0.087800
1999,FIN,F,120881.237400,97883.681400,243677.014400,1078.247400,428.318000,5103.773800
1999,FIN,F09,120880.270300,97882.886300,243674.885100,1078.236700,428.317300,5103.686000
1999,FRA,B06,117.451400,107.869600,315.726700,0.599000,0.534300,7.413400
1999,FRA,B0609,262.776600,234.353500,472.908000,1.223400,1.078400,17.115100
1999,FRA,F,1191266.338100,1015800.403900,2571053.623400,1827.954500,1458.829200,46181.930200
1999,FRA,F09,1191121.012900,1015673.920000,2570896.442100,1827.330100,1458.285100,46172.228500
1999,GBR,B06,8303.439900,7278.767600,27625.124900,80.716200,20.784900,168.399900
1999,GBR,B0609,10833.528700,9483.944500,32207.309700,92.720900,24.261800,299.532800
1999,GBR,F,1323354.623700,1151716.371400,2865033.467400,4569.688300,1788.599500,46109.061600
1999,GBR,F09,1320824.534900,1149511.194500,2860451.282600,4557.683600,1785.122600,45977.928700
1999,GRC,B06,11.555300,7.541600,15.417200,0.200700,0.068600,0.618800
1999,GRC,B0609,20.605200,14.626000,37.579700,0.306500,0.108900,1.248100
1999,GRC,F,101640.588500,83392.981200,238613.180000,1332.804800,517.224900,3237.068300
1999,GRC,F09,101631.538600,83385.896800,238591.017500,1332.699000,517.184600,3236.439000
1999,HKG,B06,0.000000,0.000000,0.000000,0.000000,0.000000,0.000000
1999,HKG,B0609,96.239900,72.702900,120.320700,6.798300,2.641100,2.303400
1999,HKG,F,169625.575700,141007.448600,331779.080100,9090.537300,3933.624100,3200.444800
1999,HKG,F09,169529.335800,140934.745700,331658.759400,9083.739000,3930.983000,3198.141400
1999,HRV,B06,8.854900,6.421600,75.698600,0.138300,0.076500,3.105100
1999,HRV,B0609,113.773400,87.553400,232.081700,1.577700,0.878200,9.246300
1999,HRV,F,19937.604100,15694.494100,40644.098900,250.210800,146.356600,977.381400
1999,HRV,F09,19832.685600,15613.362300,40487.715800,248.771400,145.554900,971.240200
1999,HUN,B06,26.748000,15.691600,41.218400,0.030600,0.018500,1.859400
1999,HUN,B0609,38.520100,23.733000,68.128700,1.688600,0.698700,2.550900
1999,HUN,F,55124.788800,37966.970200,99495.953000,98.106600,40.155900,2221.380000
1999,HUN,F09,55113.016700,37958.928800,99469.042700,96.448600,39.475700,2220.688500
1999,IDN,B06,2385.918900,1927.907400,10111.603100,21.125300,17.105900,47.843600
1999,IDN,B0609,3010.757200,2418.779900,11508.087800,26.008300,21.116300,60.402100
1999,IDN,F,149429.677500,123431.624900,303955.035400,1010.771800,868.174100,2732.170200
1999,IDN,F09,148804.839200,122940.752400,302558.550700,1005.888800,864.163700,2719.611700
1999,IND,B06,4561.032100,4105.047300,9947.394500,32.081300,0.014300,276.792600
1999,IND,B0609,4728.920900,4251.196500,11764.704600,32.865200,0.015100,290.076600
1999,IND,F,442114.256400,401114.207000,856972.973700,1246.700700,600.716800,21185.270800
1999,IND,F09,441946.367600,400968.057800,855155.663600,1245.916800,600.716000,21171.986800
1999,IRL,B06,26.283100,13.739900,42.548700,0.575700,0.000600,0.852800
1999,IRL,B0609,63.257300,35.555700,89.744800,1.061900,0.002300,2.268200
1999,IRL,F,112958.485500,79094.536400,204406.793200,528.000200,38.812000,3354.654900
1999,IRL,F09,112921.511300,79072.720600,204359.597100,527.514000,38.810300,3353.239500
1999,ISL,B06,0.170600,0.125000,0.521300,0.014300,0.008400,0.010700
1999,ISL,B0609,0.183100,0.135400,0.562300,0.014900,0.008800,0.011500
1999,ISL,F,6939.975900,5426.940900,14922.890700,243.591400,155.137300,289.135400
1999,ISL,F09,6939.963400,5426.930500,14922.849700,243.590800,155.136900,289.134600
1999,ISR,B06,69.961900,44.831700,227.556200,2.390200,0.907900,7.123000
1999,ISR,B0609,98.569800,65.429400,291.312300,3.002400,1.158400,9.085900
1999,ISR,F,75303.988500,56633.349100,187019.551700,1024.130700,476.833700,3957.392200
1999,ISR,F09,75275.380600,56612.751400,186955.795600,1023.518500,476.583200,3955.429300
1999,ITA,B06,4108.593600,2940.198400,8750.351400,521.201800,5.279000,118.056500
1999,ITA,B0609,4132.705900,2958.553800,9008.474200,524.580900,5.299900,119.724900
1999,ITA,F,1204064.895100,1053125.923900,2361614.027100,7887.544600,3046.410200,40898.512600
1999,ITA,F09,1204040.782800,1053107.568500,2361355.904300,7884.165500,3046.389300,40896.844200
1999,JOR,B06,20.555700,12.864900,64.665400,0.694900,0.000800,0.601000
1999,JOR,B0609,36.659100,23.743800,115.243500,1.178400,0.002000,1.303500
1999,JOR,F,6344.105200,3886.483500,13578.328300,69.268400,6.235000,283.734900
1999,JOR,F09,6328.001800,3875.604600,13527.750200,68.784900,6.233800,283.032400
1999,JPN,B06,317.558000,307.943200,835.061100,0.393900,0.385300,12.423100
1999,JPN,B0609,1542.105300,1451.807100,3102.857300,5.388200,2.756500,104.243300
1999,JPN,F,3439560.394800,3237409.158600,7893092.128600,20532.779700,14361.076400,126278.998700
1999,JPN,F09,3438335.847500,3236265.294700,7890824.332400,20527.785400,14358.705200,126187.178500
1999,KAZ,B06,4005.871900,3501.545400,6740.636500,10.791200,5.281100,126.315500
1999,KAZ,B0609,4192.062800,3651.790000,7064.778900,11.348300,5.562900,140.981500
1999,KAZ,F,13982.221500,11344.161700,27841.757200,40.506600,20.078200,390.389900
1999,KAZ,F09,13796.030600,11193.917100,27517.614800,39.949500,19.796400,375.723900
1999,KHM,B06,0.000000,0.000000,0.000000,0.000000,0.000000,0.000000
1999,KHM,B0609,3.491400,2.959700,8.292600,0.063500,0.000400,0.056700
1999,KHM,F,2407.001200,1769.733500,5806.565300,40.059900,2.840000,57.819100
1999,KHM,F09,2403.509800,1766.773800,5798.272700,39.996400,2.839600,57.762400
1999,KOR,B06,26.908300,20.957600,109.883300,1.194600,0.553700,1.162700
1999,KOR,B0609,28.627400,22.389300,120.007400,1.239300,0.575100,1.248300
1999,KOR,F,551989.142500,456001.562300,1019915.099400,10259.904200,5417.145500,17428.894300
1999,KOR,F09,551987.423400,456000.130600,1019904.975300,10259.859500,5417.124100,17428.808700
1999,LAO,B06,1.228200,0.838600,13.942100,0.047000,0.003600,0.029100
1999,LAO,B0609,4.437100,3.486300,27.209000,0.088200,0.007600,0.079300
1999,LAO,F,770.711000,501.692700,2211.799600,11.542300,1.168600,23.785800
1999,LAO,F09,767.502100,499.045000,2198.532700,11.501100,1.164600,23.735600
1999,LTU,B06,16.148500,10.190200,38.505900,0.477600,0.237700,1.636600
1999,LTU,B0609,17.693700,11.246200,47.680700,0.509600,0.253800,1.779400
1999,LTU,F,8077.462300,5882.625900,18222.049300,71.920600,39.323200,521.029800
1999,LTU,F09,8075.917100,5881.569900,18212.874500,71.888600,39.307100,520.887000
1999,LUX,B06,0.000000,0.000000,0.000000,0.000000,0.000000,0.000000
1999,LUX,B0609,0.000000,0.000000,0.000000,0.000000,0.000000,0.000000
1999,LUX,F,26844.255300,11272.247300,47265.204400,182.079300,9.645100,823.901500
1999,LUX,F09,26844.255300,11272.247300,47265.204400,182.079300,9.645100,823.901500
1999,LVA,B06,0.000000,0.000000,0.000000,0.000000,0.000000,0.000000
1999,LVA,B0609,0.018500,0.016000,0.238200,0.000400,0.000300,0.001500
1999,LVA,F,7069.111500,5667.825400,14070.007900,103.240100,56.156800,280.137200
1999,LVA,F09,7069.093000,5667.809400,14069.769700,103.239700,56.156500,280.135700
1999,MAR,B06,0.927600,0.772600,6.532800,0.021800,0.000700,0.130900
1999,MAR,B0609,3.015100,2.569600,28.527500,0.032000,0.001200,0.232000
1999,MAR,F,28403.003200,22083.663200,65414.517600,237.297100,68.163400,1800.754200
1999,MAR,F09,28400.915700,22081.866200,65392.522900,237.286900,68.162900,1800.653100
1999,MEX,B06,4194.309600,3958.121100,35187.292900,15.489300,0.606100,28.920400
1999,MEX,B0609,5797.857700,5404.853700,37821.429700,21.327300,0.984800,51.186300
1999,MEX,F,472665.402000,386198.693400,1056251.220600,1127.629200,410.527900,7348.428700
1999,MEX,F09,471061.853900,384751.960800,1053617.083800,1121.791200,410.149200,7326.162800
1999,MLT,B06,1.730400,1.336200,2.861600,0.064000,0.011400,0.027300
1999,MLT,B0609,9.764900,7.058300,19.514800,0.324900,0.063000,0.231500
1999,MLT,F,5226.206400,3806.139200,9021.449100,90.124600,25.302600,118.259600
1999,MLT,F09,5218.171900,3800.417100,9004.795900,89.863700,25.251000,118.055400
1999,MMR,B06,137.889400,74.581500,265.664300,8.468200,2.673700,2.027600
1999,MMR,B0609,139.163100,75.365800,268.208800,8.512400,2.690400,2.045600
1999,MMR,F,5205.642200,4419.417600,10271.297700,62.472100,29.940900,27.811900
1999,MMR,F09,5204.368500,4418.633300,10268.753200,62.427900,29.924200,27.793900
1999,MYS,B06,7300.591700,5530.195400,11462.435400,173.106800,0.142200,44.892400
1999,MYS,B0609,7886.354800,5940.668700,12562.477500,182.865600,0.165800,49.223400
1999,MYS,F,130951.893000,92420.731600,206127.228900,1208.829500,146.010800,508.702800
1999,MYS,F09,130366.129900,92010.258300,205027.186800,1199.070700,145.987200,504.371800
1999,NGA,B06,2673.763800,2163.161600,9167.756300,219.189400,0.534200,44.036900
1999,NGA,B0609,2679.863600,2168.219100,9180.311400,219.496200,0.535400,44.147700
1999,NGA,F,37380.895400,34759.326000,89483.344800,324.250000,15.766700,759.423600
1999,NGA,F09,37374.795600,34754.268500,89470.789700,323.943200,15.765500,759.312800
1999,NLD,B06,1464.765900,845.280100,9008.460500,19.226600,7.623500,14.264700
1999,NLD,B0609,2577.189400,1587.659900,11347.955400,20.730200,8.821800,50.524600
1999,NLD,F,406604.554100,307077.678900,811514.494900,3931.518500,1922.637200,11972.166200
1999,NLD,F09,405492.130600,306335.299100,809175.000000,3930.014900,1921.438900,11935.906300
1999,NOR,B06,2665.974900,2225.519300,23140.313800,96.317300,8.109600,105.955500
1999,NOR,B0609,3789.361800,3124.204800,24995.316000,129.788300,13.451000,163.247000
1999,NOR,F,123454.949900,98424.014800,249322.210400,4460.904800,769.604800,5309.873100
1999,NOR,F09,122331.563000,97525.329300,247467.208200,4427.433800,764.263400,5252.581600
1999,NZL,B06,84.165700,71.841400,242.434000,0.836400,0.698900,1.681100
1999,NZL,B0609,200.423500,171.295100,409.318000,1.602300,1.335500,4.159300
1999,NZL,F,62924.814700,54467.970500,118805.247800,205.581900,167.976500,926.679100
1999,NZL,F09,62808.556900,54368.516800,118638.363800,204.816000,167.339900,924.200900
1999,PAK,B06,675.248800,595.744300,1773.848200,21.596800,17.976200,14.364400
1999,PAK,B0609,724.986700,639.436800,1897.261600,22.546600,18.773900,15.433200
1999,PAK,F,57477.439400,53627.862800,127189.794800,621.865700,540.081600,302.674100
1999,PAK,F09,57427.701500,53584.170300,127066.381400,620.915900,539.283900,301.605300
1999,PER,B06,519.268200,479.848800,1386.207100,3.373900,0.919500,17.282200
1999,PER,B0609,787.806800,733.705800,2210.661600,4.258300,1.217400,20.541500
1999,PER,F,40464.610100,36068.744700,86394.449900,147.969400,51.162800,1158.609300
1999,PER,F09,40196.071500,35814.887700,85569.995400,147.085000,50.864900,1155.350000
1999,PHL,B06,144.676900,75.824100,495.554800,25.146500,0.022100,2.466600
1999,PHL,B0609,171.991900,92.438700,549.529000,28.063000,0.029000,2.990400
1999,PHL,F,68898.123800,50360.543300,149177.256300,2728.700200,149.240500,889.122900
1999,PHL,F09,68870.808800,50343.928700,149123.282100,2725.783700,149.233600,888.599100
1999,POL,B06,34.076500,25.828800,66.343500,0.422100,0.080700,2.029700
1999,POL,B0609,81.930300,56.557900,170.727800,0.738100,0.163600,6.215800
1999,POL,F,165456.144000,137941.996700,320816.022100,582.492400,149.587700,5829.630500
1999,POL,F09,165408.290200,137911.267600,320711.637800,582.176400,149.504800,5825.444400
1999,PRT,B06,0.000000,0.000000,0.000000,0.000000,0.000000,0.000000
1999,PRT,B0609,2.807000,2.360800,8.282100,0.006600,0.004200,0.154700
1999,PRT,F,124088.662600,100781.461400,239365.670000,189.960800,114.014300,4195.825200
1999,PRT,F09,124085.855600,100779.100600,239357.387900,189.954200,114.010100,4195.670500
1999,ROU,B06,320.527600,279.854600,659.375100,3.050800,0.131600,11.938500
1999,ROU,B0609,507.488400,433.855600,1033.887200,4.654400,0.279600,24.832600
1999,ROU,F,37220.702900,31170.758000,70346.385200,168.730000,50.770200,1223.397900
1999,ROU,F09,37033.742100,31016.757000,69971.873100,167.126400,50.622200,1210.503800
1999,RUS,B06,1544.164300,1489.193800,15801.666000,2.821000,0.254700,10.733500
1999,RUS,B0609,11039.325900,10179.433500,26459.612500,26.590600,3.638700,283.813000
1999,RUS,F,143403.046800,123095.421700,321454.074000,393.534100,128.466000,4287.853100
1999,RUS,F09,133907.885200,114405.182000,310796.127500,369.764500,125.082000,4014.773600
1999,SAU,B06,9989.682800,9711.330500,60204.501500,14.688600,14.148900,15.407100
1999,SAU,B0609,10084.087600,9796.958400,60446.756200,14.874700,14.320100,16.089500
1999,SAU,F,71359.330800,59689.850100,180938.085000,155.980700,137.034700,629.733000
1999,SAU,F09,71264.926000,59604.222200,180695.830300,155.794600,136.863500,629.050600
1999,SEN,B06,1.506900,1.139100,1.774100,0.198300,0.004200,0.008300
1999,SEN,B0609,4.716500,4.124900,5.167500,0.222000,0.015600,0.054500
1999,SEN,F,4153.656600,3213.907300,10306.502200,241.566500,2.536200,149.095900
1999,SEN,F09,4150.447000,3210.921500,10303.108800,241.542800,2.524800,149.049700
1999,SGP,B06,0.000000,0.000000,0.000000,0.000000,0.000000,0.000000
1999,SGP,B0609,0.000000,0.000000,0.000000,0.000000,0.000000,0.000000
1999,SGP,F,132674.473900,87117.182200,216352.588500,12021.309000,5820.289300,2545.506100
1999,SGP,F09,132674.473900,87117.182200,216352.588500,12021.309000,5820.289300,2545.506100
1999,STP,B06,0.088200,0.054600,0.193800,0.021900,0.000100,0.000500
1999,STP,B0609,0.156800,0.101800,0.305400,0.034100,0.000200,0.000900
1999,STP,F,109.524500,88.239300,182.924800,5.121400,0.183000,0.478700
1999,STP,F09,109.455900,88.192100,182.813200,5.109200,0.182900,0.478300
1999,SVK,B06,0.311500,0.203500,0.427700,0.000900,0.000400,0.045300
1999,SVK,B0609,30.950400,24.321900,64.132600,0.184200,0.042800,1.339100
1999,SVK,F,25861.207000,20358.889000,45289.139700,23.986000,9.842200,1009.751400
1999,SVK,F09,25830.568100,20334.770600,45225.434800,23.802700,9.799800,1008.457600
1999,SVN,B06,0.000000,0.000000,0.000000,0.000000,0.000000,0.000000
1999,SVN,B0609,4.202000,3.362700,4.518600,0.007700,0.006100,0.183400
1999,SVN,F,21901.405900,16400.022200,42278.829700,25.935200,16.808800,755.072700
1999,SVN,F09,21897.203900,16396.659500,42274.311100,25.927500,16.802700,754.889300
1999,SWE,B06,22.422800,17.121800,33.671800,0.686200,0.331400,1.295900
1999,SWE,B0609,71.489300,55.429900,104.709500,2.442300,1.176800,4.968400
1999,SWE,F,244927.673800,195462.289900,498046.795800,3160.681900,1825.228700,10719.570400
1999,SWE,F09,244878.607300,195423.981800,497975.758100,3158.925800,1824.383300,10715.897900
1999,THA,B06,866.922300,648.831200,2224.756600,7.472000,0.097600,22.579800
1999,THA,B0609,920.807500,689.246800,2789.456800,7.884800,0.144800,25.149500
1999,THA,F,139168.018200,102937.747400,258638.780000,893.429300,418.754800,6063.985200
1999,THA,F09,139114.133000,102897.331800,258074.079800,893.016500,418.707600,6061.415500
1999,TUN,B06,305.351200,225.452600,997.671300,10.045800,0.015200,3.781700
1999,TUN,B0609,354.208800,260.438700,1093.790000,11.093200,0.021500,4.922000
1999,TUN,F,18798.238200,14190.966700,39071.453100,240.788400,47.160400,262.688500
1999,TUN,F09,18749.380600,14155.980600,38975.334400,239.741000,47.154100,261.548200
1999,TUR,B06,125.932700,104.929800,543.653400,2.264100,0.026400,8.400000
1999,TUR,B0609,137.968700,115.215200,683.841600,2.396100,0.029400,9.107700
1999,TUR,F,204370.832700,178629.880500,445714.388800,1435.736200,584.874600,7762.417500
1999,TUR,F09,204358.796700,178619.595100,445574.200600,1435.604200,584.871600,7761.709800
1999,TWN,B06,82.481800,54.743900,284.403800,2.856700,2.610200,0.606400
1999,TWN,B0609,333.665800,237.377200,752.104500,9.417600,8.575600,3.253400
1999,TWN,F,315846.572500,232890.225000,612098.118400,3763.095200,3304.506100,2474.048900
1999,TWN,F09,315595.388500,232707.591700,611630.417700,3756.534300,3298.540700,2471.401900
1999,UKR,B06,717.886100,400.446100,1312.561600,16.289300,8.039300,48.501300
1999,UKR,B0609,1099.461200,655.568700,1729.784600,23.903000,11.970700,75.183700
1999,UKR,F,37090.973200,30587.895300,65291.617500,459.294300,252.137000,1544.137000
1999,UKR,F09,36709.398100,30332.772700,64874.394500,451.680600,248.205600,1517.454600
1999,USA,B06,40717.765800,35099.080900,82675.436400,356.199600,177.487900,688.463100
1999,USA,B0609,47010.832400,41073.313700,100170.277100,359.142200,180.056100,790.252800
1999,USA,F,7520420.491800,7034899.381300,16841300.318100,20830.758000,11701.840100,77727.330100
1999,USA,F09,7514127.425200,7028925.148500,16823805.477400,20827.815400,11699.271900,77625.540400
1999,VNM,B06,1608.581000,1119.823700,4476.210800,5.872700,0.989200,130.188700
1999,VNM,B0609,1670.483500,1156.805700,4595.778700,6.137300,1.065800,136.639500
1999,VNM,F,27733.549800,19476.650400,52412.240200,106.030000,56.907900,1737.578000
1999,VNM,F09,27671.647300,19439.668400,52292.672300,105.765400,56.831300,1731.127200
1999,ZAF,B06,678.718600,597.200300,807.425600,19.312400,0.005100,34.990800
1999,ZAF,B0609,941.989700,834.632800,1167.734500,23.605800,0.008100,48.277100
1999,ZAF,F,155973.818800,137892.952700,300675.613700,1217.308300,63.136800,5415.559300
1999,ZAF,F09,155710.547700,137655.520200,300315.304800,1213.014900,63.133800,5402.273000
1999,ROW,B06,54478.433500,47162.146500,163263.717300,1121.262100,278.405600,689.107000
1999,ROW,B0609,63286.863500,54954.713300,181439.612900,1281.079300,338.746300,768.270000
1999,ROW,F,799625.969200,677385.985800,1657919.696800,12273.752900,6047.047900,10323.806500
1999,ROW,F09,790817.539200,669593.419000,1639743.801200,12113.935700,5986.707200,10244.643500
2000,AGO,B06,2253.783000,1252.835600,7090.819100,38.526200,0.058000,15.271100
2000,AGO,B0609,2448.004800,1322.765300,7841.315500,40.976200,0.068200,16.903100
2000,AGO,F,4497.440400,2397.958200,11765.394400,50.873900,7.504900,41.968200
2000,AGO,F09,4303.218600,2328.028500,11014.898000,48.423900,7.494700,40.336200
2000,ARE,B06,5355.628800,4694.279100,29687.367700,91.636800,43.523400,90.139800
2000,ARE,B0609,7287.518000,6345.862600,34005.618000,113.534500,55.298400,123.306800
2000,ARE,F,81270.221200,68271.026900,160684.648900,948.686400,531.519300,1250.222200
2000,ARE,F09,79338.332000,66619.443400,156366.398600,926.788700,519.744300,1217.055200
2000,ARG,B06,3762.600700,3553.740600,15769.940200,27.759600,0.008400,67.597000
2000,ARG,B0609,4479.358100,4210.560400,17467.647200,32.867900,0.147100,85.303700
2000,ARG,F,177344.356200,165254.191700,436815.070000,547.973600,102.878400,3726.552500
2000,ARG,F09,176627.598800,164597.371900,435117.363000,542.865300,102.739700,3708.845800
2000,AUS,B06,980.638000,897.026600,10116.466900,34.091500,30.682800,22.498000
2000,AUS,B0609,2116.820700,1939.336700,13158.047100,40.613000,36.543000,40.195300
2000,AUS,F,369031.132900,331653.051900,732992.672200,1970.668600,1789.952300,9072.340800
2000,AUS,F09,367894.950200,330610.741800,729951.092000,1964.147100,1784.092100,9054.643500
2000,AUT,B06,160.700500,98.149100,292.912900,0.489500,0.127200,6.047500
2000,AUT,B0609,178.858500,112.440700,332.713300,0.513500,0.133400,6.899100
2000,AUT,F,154246.440800,116582.976700,334641.433100,184.067400,54.463700,4366.971900
2000,AUT,F09,154228.282800,116568.685100,334601.632700,184.043400,54.457500,4366.120300
2000,BEL,B06,0.000000,0.000000,0.000000,0.000000,0.000000,0.000000
2000,BEL,B0609,8.384900,5.980500,32.714600,0.033700,0.012600,0.338500
2000,BEL,F,272208.408700,189575.801600,491015.650500,1108.663600,296.776600,7645.550900
2000,BEL,F09,272200.023800,189569.821100,490982.935900,1108.629900,296.764000,7645.212400
2000,BGD,B06,161.240700,136.578400,608.091300,7.694200,4.560600,1.309400
2000,BGD,B0609,174.287300,147.877300,641.182700,8.343000,4.944000,1.537300
2000,BGD,F,27432.165900,23849.118700,71012.448500,739.665600,472.416900,501.874600
2000,BGD,F09,27419.119300,23837.819800,70979.357100,739.016800,472.033500,501.646700
2000,BGR,B06,6.566300,4.791800,23.341300,0.090200,0.000900,0.760400
2000,BGR,B0609,6.655100,4.864200,23.484500,0.090500,0.001000,0.765400
2000,BGR,F,14209.087100,11250.191500,26541.227700,130.745500,19.392400,729.356100
2000,BGR,F09,14208.998300,11250.119100,26541.084500,130.745200,19.392300,729.351100
2000,BLR,B06,37.247100,19.005900,93.194400,0.207000,0.005500,6.503400
2000,BLR,B0609,49.701400,27.663400,123.150300,0.274400,0.009000,7.865200
2000,BLR,F,14061.154300,9677.693000,24081.206200,66.377600,30.119700,977.784500
2000,BLR,F09,14048.700000,9669.035500,24051.250300,66.310200,30.116200,976.422700
2000,BRA,B06,6489.790400,5684.431800,12390.290600,321.190400,104.014600,642.551900
2000,BRA,B0609,7129.256900,6285.833600,13728.491200,322.538300,104.542300,679.460300
2000,BRA,F,540184.270800,497325.319300,1128883.196100,2157.454800,977.525300,30212.327600
2000,BRA,F09,539544.804300,496723.917500,1127544.995500,2156.106900,976.997600,30175.419200
2000,BRN,B06,930.199500,738.872400,3449.158300,26.976600,26.389000,-19.530200
2000,BRN,B0609,1055.064500,849.962800,3771.448400,28.864700,28.236800,-21.107000
2000,BRN,F,4851.466100,4422.613000,9080.742200,72.817400,71.223300,-117.576500
2000,BRN,F09,4726.601100,4311.522600,8758.452100,70.929300,69.375500,-115.999700
2000,CAN,B06,14591.978800,11557.710700,45088.513500,12.925200,9.967200,145.293500
2000,CAN,B0609,17585.600100,13655.776500,51253.133700,18.475300,13.355000,218.262700
2000,CAN,F,633279.590500,474927.821700,1306895.611900,2276.999000,534.221100,12266.153500
2000,CAN,F09,630285.969200,472829.755900,1300730.991700,2271.448900,530.833300,12193.184300
2000,CHE,B06,0.000000,0.000000,0.000000,0.000000,0.000000,0.000000
2000,CHE,B0609,81.631100,66.579000,123.398500,1.194200,0.506700,1.674300
2000,CHE,F,284178.820800,228458.975800,554563.202600,5491.919900,2359.570700,3461.759200
2000,CHE,F09,284097.189700,228392.396800,554439.804100,5490.725700,2359.064000,3460.084900
2000,CHL,B06,58.730300,47.117900,129.719700,1.229000,0.009900,2.801200
2000,CHL,B0609,130.943200,109.521600,398.191000,2.066900,0.021400,5.820000
2000,CHL,F,62758.120000,52292.303400,134461.837800,1152.181700,234.837600,2515.332000
2000,CHL,F09,62685.907100,52229.899700,134193.366500,1151.343800,234.826100,2512.313200
2000,CHN,B06,11475.353600,10664.391800,31750.730200,55.915500,39.834800,697.828500
2000,CHN,B0609,13067.668600,12116.766600,34476.058100,69.800300,47.943600,752.466900
2000,CHN,F,1900079.519500,1746562.014900,3039814.277200,18178.090300,11930.026700,56720.447500
2000,CHN,F09,1898487.204500,1745109.640100,3037088.949300,18164.205500,11921.917900,56665.809100
2000,CIV,B06,12.005900,8.491100,20.040400,0.046700,0.002000,0.051000
2000,CIV,B0609,16.447800,11.805600,26.442300,0.058400,0.003100,0.076500
2000,CIV,F,8099.255900,6454.088300,18511.402300,57.336000,12.904800,134.154000
2000,CIV,F09,8094.814000,6450.773800,18505.000400,57.324300,12.903700,134.128500
2000,CMR,B06,282.533200,160.585400,893.459300,1.162900,0.920900,5.019200
2000,CMR,B0609,318.632100,181.905700,986.432600,1.329300,1.056200,6.132800
2000,CMR,F,5437.739300,4432.599300,14767.084900,54.902400,39.882600,276.586900
2000,CMR,F09,5401.640400,4411.279000,14674.111600,54.736000,39.747300,275.473300
2000,COD,B06,51.910800,49.601300,238.780200,0.810100,0.331100,0.055400
2000,COD,B0609,67.429100,64.153200,284.381400,1.132300,0.505200,0.088400
2000,COD,F,4537.256400,4136.526000,12626.116100,82.493900,38.761400,14.757500
2000,COD,F09,4521.738100,4121.974100,12580.514900,82.171700,38.587300,14.724500
2000,COL,B06,1739.857000,1606.863400,5497.049300,42.887000,0.049000,11.321400
2000,COL,B0609,1769.547800,1632.480300,5557.254200,43.223500,0.050000,12.473700
2000,COL,F,79175.202200,69645.891800,163733.924300,765.691300,53.775900,2008.093600
2000,COL,F09,79145.511400,69620.274900,163673.719400,765.354800,53.774900,2006.941300
2000,CRI,B06,0.100200,0.065000,0.317500,0.008900,0.002800,0.007600
2000,CRI,B0609,0.130900,0.085800,0.419500,0.010600,0.003400,0.010100
2000,CRI,F,11636.834100,8223.131600,25767.332300,427.520200,156.033000,524.846900
2000,CRI,F09,11636.803400,8223.110800,25767.230300,427.518500,156.032400,524.844400
2000,CYP,B06,5.867500,4.551700,12.837900,2.457300,2.410200,0.101400
2000,CYP,B0609,5.996400,4.636800,13.053100,2.489600,2.442000,0.106400
2000,CYP,F,9411.430800,6770.117700,18701.318800,1250.338800,1222.088700,218.599700
2000,CYP,F09,9411.301900,6770.032600,18701.103600,1250.306500,1222.056900,218.594700
2000,CZE,B06,17.287100,13.148600,47.899800,0.069200,0.029900,1.300100
2000,CZE,B0609,51.578300,35.432900,103.146000,0.096300,0.039400,3.807500
2000,CZE,F,78988.949700,60185.985300,137589.916200,119.026900,52.636800,2271.641300
2000,CZE,F09,78954.658500,60163.701000,137534.670000,118.999800,52.627300,2269.133900
2000,DEU,B06,1546.508600,1251.617600,2354.177600,9.046800,6.200500,46.452600
2000,DEU,B0609,1826.822000,1489.350800,2841.306200,10.672300,7.328800,60.884100
2000,DEU,F,1675413.292800,1391286.674900,3475622.741100,5727.424000,4067.533100,44435.609700
2000,DEU,F09,1675132.979400,1391048.941700,3475135.612500,5725.798500,4066.404800,44421.178200
2000,DNK,B06,445.883100,346.406900,4569.305400,35.009400,34.429100,10.986800
2000,DNK,B0609,491.297500,382.299500,4648.562000,35.388900,34.788900,15.470600
2000,DNK,F,125425.031900,93861.629100,268353.087000,1679.995300,1588.992700,5619.549000
2000,DNK,F09,125379.617500,93825.736500,268273.830400,1679.615800,1588.632900,5615.065200
2000,EGY,B06,1017.815300,835.622100,13086.803800,24.150600,14.653200,27.395500
2000,EGY,B0609,1118.866400,909.331300,13432.175700,26.245400,15.952000,31.667900
2000,EGY,F,59527.732400,49304.853700,142226.074300,921.953100,645.355700,1394.017700
2000,EGY,F09,59426.681300,49231.144500,141880.702400,919.858300,644.056900,1389.745300
2000,ESP,B06,11.295900,9.031500,39.095300,0.364800,0.152600,0.685600
2000,ESP,B0609,51.045900,41.758700,115.591500,1.358300,0.566000,3.008700
2000,ESP,F,561136.906100,455752.038600,1118035.543700,2623.248500,1139.315600,12928.616100
2000,ESP,F09,561097.156100,455719.311400,1117959.047500,2622.255000,1138.902200,12926.293000
2000,EST,B06,39.741300,30.193700,86.979900,0.189600,0.162600,1.219700
2000,EST,B0609,64.046700,48.462900,137.598500,0.344600,0.273500,1.987500
2000,EST,F,6444.045100,4615.655800,11679.484500,130.583400,48.385500,197.681900
2000,EST,F09,6419.739700,4597.386600,11628.865900,130.428400,48.274600,196.914100
2000,FIN,B06,0.000000,0.000000,0.000000,0.000000,0.000000,0.000000
2000,FIN,B0609,0.854000,0.678300,1.845800,0.004600,0.001600,0.059000
2000,FIN,F,121722.015200,95628.790200,236333.072900,865.427300,392.905300,4348.816300
2000,FIN,F09,121721.161200,95628.111900,236331.227100,865.422700,392.903700,4348.757300
2000,FRA,B06,155.134200,140.093200,268.514700,0.366400,0.249600,8.446300
2000,FRA,B0609,288.311500,255.740900,415.929300,0.732100,0.498900,17.100300
2000,FRA,F,1154814.764800,964355.369900,2422518.146200,2144.405800,1477.565000,42782.723700
2000,FRA,F09,1154681.587500,964239.722200,2422370.731600,2144.040100,1477.315700,42774.069700
2000,GBR,B06,8723.224700,7502.446200,36925.964700,150.387400,64.482300,234.702900
2000,GBR,B0609,10863.223200,9341.387900,40909.287700,168.105700,72.264200,296.513100
2000,GBR,F,1292227.963900,1118982.460200,2803846.315300,4948.477300,2559.511800,45458.821200
2000,GBR,F09,1290087.965400,1117143.518500,2799862.992300,4930.759000,2551.729900,45397.011000
2000,GRC,B06,12.340800,9.798000,16.405900,0.318100,0.163400,0.623000
2000,GRC,B0609,20.790300,16.982600,36.455500,0.650900,0.315100,1.237500
2000,GRC,F,94825.094700,74953.506000,215821.876700,3264.824100,1682.240000,3330.120200
2000,GRC,F09,94816.645200,74946.321400,215801.827100,3264.491300,1682.088300,3329.505700
2000,HKG,B06,0.000000,0.000000,0.000000,0.000000,0.000000,0.000000
2000,HKG,B0609,98.048600,70.946000,122.454100,8.138300,2.517700,2.286100
2000,HKG,F,176465.637500,144786.874900,344374.445600,11009.367400,3917.218900,3041.113600
2000,HKG,F09,176367.588900,144715.928900,344251.991500,11001.229100,3914.701200,3038.827500
2000,HRV,B06,8.571900,6.318400,69.985800,0.151500,0.103100,2.477500
2000,HRV,B0609,143.923500,112.475400,267.732100,2.302400,1.565700,12.355900
2000,HRV,F,18220.383800,13978.280400,37468.142100,284.252800,198.251000,1019.340800
2000,HRV,F09,18085.032200,13872.123400,37270.395800,282.101900,196.788400,1009.462400
2000,HUN,B06,16.663200,8.738000,24.285700,0.016700,0.006700,1.214200
2000,HUN,B0609,26.905400,15.787300,47.381400,0.171300,0.080400,1.757600
2000,HUN,F,55772.348300,34651.502300,98377.709200,99.506000,38.008400,2316.764300
2000,HUN,F09,55762.106100,34644.453000,98354.613500,99.351400,37.934700,2316.220900
2000,IDN,B06,2853.931100,2407.934000,11162.267800,13.805600,11.628100,31.452200
2000,IDN,B0609,3473.170400,2861.119300,12612.272300,17.145400,14.372300,43.903000
2000,IDN,F,164125.845400,134139.376200,329999.655600,976.326400,838.078200,3067.072000
2000,IDN,F09,163506.606100,133686.190900,328549.651100,972.986600,835.334000,3054.621200
2000,IND,B06,4790.394800,4227.695500,10411.432400,32.655700,0.013800,290.737100
2000,IND,B0609,4984.053600,4394.911400,12509.655000,33.673700,0.014700,306.494500
2000,IND,F,455315.359300,409412.661300,885256.940900,1462.280000,645.897600,23271.363600
2000,IND,F09,455121.700500,409245.445400,883158.718300,1461.262000,645.896700,23255.606200
2000,IRL,B06,26.093900,12.834700,42.946900,0.030300,0.015000,1.249800
2000,IRL,B0609,65.317500,31.593000,93.159400,0.092100,0.043800,2.368000
2000,IRL,F,113622.891800,75268.661400,206329.041600,148.131900,70.902900,3387.853700
2000,IRL,F09,113583.668200,75249.903100,206278.829100,148.070100,70.874100,3386.735500
2000,ISL,B06,0.197000,0.144200,0.555400,0.011100,0.006200,0.011900
2000,ISL,B0609,0.207700,0.153200,0.595200,0.011600,0.006500,0.012600
2000,ISL,F,7440.733500,5750.996000,15549.751700,239.296600,143.351700,297.931000
2000,ISL,F09,7440.722800,5750.987000,15549.711900,239.296100,143.351400,297.930300
2000,ISR,B06,94.739100,61.463100,277.450200,2.372600,0.838200,8.736600
2000,ISR,B0609,126.914200,85.068500,349.673500,2.922400,1.043000,10.683700
2000,ISR,F,87544.519500,65719.704100,213648.945500,1060.890600,460.893900,4164.433400
2000,ISR,F09,87512.344400,65696.098700,213576.722200,1060.340800,460.689100,4162.486300
2000,ITA,B06,3832.911700,2797.110900,8230.543400,411.382100,18.704200,113.892800
2000,ITA,B0609,3854.065100,2813.739700,8455.594600,413.750800,18.791500,115.217300
2000,ITA,F,1158666.481700,991836.027800,2220251.268500,7102.669400,3136.366400,38389.887000
2000,ITA,F09,1158645.328300,991819.399000,2220026.217300,7100.300700,3136.279100,38388.562500
2000,JOR,B06,22.539200,13.007100,68.911400,0.750900,0.001500,0.522100
2000,JOR,B0609,40.279100,24.635100,122.810600,1.329200,0.003800,1.092100
2000,JOR,F,6804.402500,3994.978100,14415.502300,88.019100,7.653700,230.534600
2000,JOR,F09,6786.662600,3983.350100,14361.603100,87.440800,7.651400,229.964600
2000,JPN,B06,351.638300,340.548200,910.340200,0.500200,0.487800,13.495400
2000,JPN,B0609,1716.144700,1616.068000,3382.573900,7.642600,2.104600,96.423800
2000,JPN,F,3759304.156500,3517216.232000,8538608.710500,21727.763100,13157.439600,131499.697300
2000,JPN,F09,3757939.650100,3515940.712200,8536136.476800,21720.620700,13155.822800,131416.768900
2000,KAZ,B06,4513.977100,3500.270100,7481.935300,27.032200,6.952200,170.260600
2000,KAZ,B0609,4729.548800,3653.670400,7841.725100,28.190600,7.281900,182.255000
2000,KAZ,F,15895.686500,12079.661100,30805.123400,71.181600,20.881100,463.127900
2000,KAZ,F09,15680.114800,11926.260800,30445.333600,70.023200,20.551400,451.133500
2000,KHM,B06,0.000000,0.000000,0.000000,0.000000,0.000000,0.000000
2000,KHM,B0609,3.554100,2.613000,8.119700,0.075800,0.000600,0.062000
2000,KHM,F,2551.930200,1639.003800,6112.444100,46.313000,3.736600,61.369200
2000,KHM,F09,2548.376100,1636.390800,6104.324400,46.237200,3.736000,61.307200
2000,KOR,B06,32.270200,22.351700,128.169200,8.715000,3.637200,0.860800
2000,KOR,B0609,34.347400,23.931900,139.978100,9.087700,3.793100,0.931000
2000,KOR,F,646899.061500,517377.563100,1187933.095800,11546.216200,6165.598700,21232.898100
2000,KOR,F09,646896.984300,517375.982900,1187921.286900,11545.843500,6165.442800,21232.827900
2000,LAO,B06,1.953100,1.442800,17.595000,0.013900,0.002400,0.026800
2000,LAO,B0609,5.770900,4.743600,33.762500,0.024900,0.004800,0.059900
2000,LAO,F,934.882800,607.399100,2682.950200,4.428900,0.979600,23.148300
2000,LAO,F09,931.065000,604.098300,2666.782700,4.417900,0.977200,23.115200
2000,LTU,B06,20.383300,14.831400,54.157800,0.061400,0.033200,1.247100
2000,LTU,B0609,21.574700,15.660300,67.440900,0.065000,0.035400,1.374100
2000,LTU,F,8511.922300,5909.914500,19301.959000,67.921100,35.677000,580.982300
2000,LTU,F09,8510.730900,5909.085600,19288.675900,67.917500,35.674800,580.855300
2000,LUX,B06,0.000000,0.000000,0.000000,0.000000,0.000000,0.000000
2000,LUX,B0609,0.000000,0.000000,0.000000,0.000000,0.000000,0.000000
2000,LUX,F,30933.402300,13153.964500,50867.226200,157.596900,11.704700,987.633400
2000,LUX,F09,30933.402300,13153.964500,50867.226200,157.596900,11.704700,987.633400
2000,LVA,B06,0.000000,0.000000,0.000000,0.000000,0.000000,0.000000
2000,LVA,B0609,0.023900,0.020900,0.256800,0.000400,0.000300,0.001700
2000,LVA,F,8336.647900,6788.591900,15789.725900,115.994000,73.313400,326.779900
2000,LVA,F09,8336.624000,6788.571000,15789.469100,115.993600,73.313100,326.778200
2000,MAR,B06,1.289400,1.057600,5.633000,0.035300,0.000700,0.102800
2000,MAR,B0609,3.277000,2.779600,26.072100,0.043900,0.001000,0.149400
2000,MAR,F,28250.615500,21358.736400,62533.832600,241.774400,76.790600,1387.748300
2000,MAR,F09,28248.627900,21357.014400,62513.393500,241.765800,76.790300,1387.701700
2000,MEX,B06,4987.179400,4611.919600,42705.176000,18.217600,0.857900,27.333000
2000,MEX,B0609,7408.306900,6754.474800,46664.773000,27.105200,1.655200,50.046600
2000,MEX,F,560905.619800,453461.601500,1251700.705000,1305.114900,453.105600,10783.015900
2000,MEX,F09,558484.492300,451319.046300,1247741.108000,1296.227300,452.308300,10760.302300
2000,MLT,B06,1.969500,1.538400,3.106600,0.052000,0.009800,0.024900
2000,MLT,B0609,12.177600,8.388900,22.595300,0.525800,0.079300,0.181900
2000,MLT,F,5614.179800,4029.018700,9329.935800,76.516400,22.339800,121.174400
2000,MLT,F09,5603.971700,4022.168200,9310.447100,76.042600,22.270300,121.017400
2000,MMR,B06,233.334600,140.805100,449.999600,10.666000,3.230800,3.029600
2000,MMR,B0609,234.733900,141.753800,452.845100,10.707100,3.245400,3.047300
2000,MMR,F,6360.558100,5485.314500,12551.340300,67.705800,32.589100,33.285700
2000,MMR,F09,6359.158800,5484.365800,12548.494800,67.664700,32.574500,33.268000
2000,MYS,B06,8669.084500,6488.370200,13597.697800,196.273800,26.858300,49.600200
2000,MYS,B0609,9364.667400,6968.509400,14902.100400,208.713200,28.745700,54.174700
2000,MYS,F,155015.739800,112495.135400,243601.314800,1509.274200,342.926700,550.279100
2000,MYS,F09,154320.156900,112014.996200,242296.912200,1496.834800,341.039300,545.704600
2000,NGA,B06,4549.852600,3881.482200,16784.710400,236.202600,1.423400,58.722300
2000,NGA,B0609,4559.359300,3889.301300,16804.049300,236.621400,1.427600,58.879900
2000,NGA,F,42266.633700,39258.870300,98579.246100,328.805900,14.281600,923.364000
2000,NGA,F09,42257.127000,39251.051200,98559.907200,328.387100,14.277400,923.206400
2000,NLD,B06,1529.911300,1003.584200,9660.977700,19.921400,8.382400,16.839500
2000,NLD,B0609,2670.735500,1798.067100,12334.760200,21.454200,9.618600,52.585900
2000,NLD,F,392336.360800,295312.080100,769397.637700,3435.625000,1808.533100,11274.614800
2000,NLD,F09,391195.536600,294517.597200,766723.855200,3434.092200,1807.296900,11238.868400
2000,NOR,B06,3937.143800,3221.142400,41017.268300,93.379500,15.075900,126.412300
2000,NOR,B0609,4960.353700,4019.136500,42768.556400,119.999800,20.590900,176.928300
2000,NOR,F,115638.581400,91682.886100,234898.964900,4790.337500,846.660300,4963.147900
2000,NOR,F09,114615.371500,90884.892000,233147.676800,4763.717200,841.145300,4912.631900
2000,NZL,B06,102.723200,86.258600,265.074100,0.823900,0.695200,2.208800
2000,NZL,B0609,233.237000,196.762500,447.542900,1.548500,1.302900,4.920500
2000,NZL,F,62087.488300,53461.535500,114773.120500,195.151400,160.551900,870.393400
2000,NZL,F09,61956.974500,53351.031600,114590.651700,194.426800,159.944200,867.681700
2000,PAK,B06,665.045300,581.807700,1751.928000,16.171300,13.512400,15.803100
2000,PAK,B0609,714.041600,623.949500,1873.816300,17.017500,14.225300,16.970500
2000,PAK,F,57129.192900,53113.669600,126312.458400,608.193600,528.549000,336.270700
2000,PAK,F09,57080.196600,53071.527800,126190.570100,607.347400,527.836100,335.103300
2000,PER,B06,531.193100,482.886100,1432.400100,2.916400,1.054300,17.933400
2000,PER,B0609,805.087300,740.458900,2284.328200,3.759100,1.406000,21.444800
2000,PER,F,41828.194400,36972.841200,89299.452300,149.448500,62.431700,1199.906400
2000,PER,F09,41554.300200,36715.268400,88447.524200,148.605800,62.080000,1196.395000
2000,PHL,B06,160.350200,119.233800,519.420500,2.938800,0.321400,5.361600
2000,PHL,B0609,186.047100,136.679100,572.134500,3.557200,0.378200,5.844300
2000,PHL,F,66567.648400,52861.096900,147658.440300,1451.695600,182.141100,868.188000
2000,PHL,F09,66541.951500,52843.651600,147605.726300,1451.077200,182.084300,867.705300
2000,POL,B06,32.909000,25.460000,65.976500,0.179100,0.042400,1.344100
2000,POL,B0609,77.539600,54.275000,169.630700,0.441300,0.112500,5.308800
2000,POL,F,175872.664300,144354.825900,334347.258400,692.048900,155.298300,5650.295200
2000,POL,F09,175828.033700,144326.010900,334243.604200,691.786700,155.228200,5646.330500
2000,PRT,B06,0.000000,0.000000,0.000000,0.000000,0.000000,0.000000
2000,PRT,B0609,2.804900,2.355400,7.800300,0.010100,0.007000,0.164000
2000,PRT,F,118595.437700,94333.338800,226430.939000,190.088500,121.027700,3908.614400
2000,PRT,F09,118592.632800,94330.983400,226423.138700,190.078400,121.020700,3908.450400
2000,ROU,B06,272.882300,234.208200,608.803200,0.290600,0.197600,13.146400
2000,ROU,B0609,443.850200,370.216800,965.543900,2.221700,0.224000,20.734700
2000,ROU,F,37153.114100,31849.481000,71705.569900,155.588300,29.264500,1210.911700
2000,ROU,F09,36982.146200,31713.472400,71348.829200,153.657200,29.238100,1203.323400
2000,RUS,B06,2025.858300,1962.405100,20808.535700,3.413200,0.791900,16.995500
2000,RUS,B0609,14548.254100,13540.598800,34913.538900,32.124900,7.000800,427.698700
2000,RUS,F,189864.094100,164923.648200,425426.210500,524.599200,197.918600,6683.285900
2000,RUS,F09,177341.698300,153345.454500,411321.207300,495.887500,191.709700,6272.582700
2000,SAU,B06,11169.160300,9592.149900,70639.148300,26.473800,23.928800,65.333800
2000,SAU,B0609,11277.979600,9675.599700,70923.540600,26.757500,24.175300,66.753800
2000,SAU,F,84291.054200,67373.698500,212606.095400,177.378800,151.761100,777.691700
2000,SAU,F09,84182.234900,67290.248700,212321.703100,177.095100,151.514600,776.271700
2000,SEN,B06,1.376700,1.140200,1.538000,0.127300,0.004800,0.012200
2000,SEN,B0609,4.159300,3.680200,4.479700,0.143000,0.015700,0.089800
2000,SEN,F,4148.533300,3252.970700,9750.363000,192.096000,2.097300,135.618400
2000,SEN,F09,4145.750700,3250.430700,9747.421300,192.080300,2.086400,135.540800
2000,SGP,B06,0.000000,0.000000,0.000000,0.000000,0.000000,0.000000
2000,SGP,B0609,0.000000,0.000000,0.000000,0.000000,0.000000,0.000000
2000,SGP,F,148430.841500,92542.053000,240984.913100,13115.329400,6276.481100,2995.800800
2000,SGP,F09,148430.841500,92542.053000,240984.913100,13115.329400,6276.481100,2995.800800
2000,STP,B06,0.102500,0.067700,0.210200,0.019200,0.000200,0.000500
2000,STP,B0609,0.168000,0.112400,0.319300,0.028900,0.000300,0.000900
2000,STP,F,108.058400,83.641200,180.374600,5.047000,0.186400,0.404700
2000,STP,F09,107.992900,83.596500,180.265500,5.037300,0.186300,0.404300
2000,SVK,B06,0.316700,0.175400,0.440400,0.000500,0.000200,0.051100
2000,SVK,B0609,36.033300,28.486000,66.033800,0.050000,0.021100,1.667200
2000,SVK,F,26938.165500,20364.240800,46561.435000,33.140300,12.410600,1280.172200
2000,SVK,F09,26902.448900,20335.930200,46495.841600,33.090800,12.389700,1278.556100
2000,SVN,B06,0.000000,0.000000,0.000000,0.000000,0.000000,0.000000
2000,SVN,B0609,3.847300,3.005900,4.100200,0.025800,0.019400,0.146800
2000,SVN,F,20451.126700,14513.851200,38820.054100,20.875900,11.490900,640.686600
2000,SVN,F09,20447.279400,14510.845300,38815.953900,20.850100,11.471500,640.539800
2000,SWE,B06,22.003200,9.670800,32.161900,0.318700,0.192600,0.784700
2000,SWE,B0609,68.385400,46.598700,98.427200,1.362600,0.792100,3.959400
2000,SWE,F,241965.972600,188208.536700,485589.810100,2855.611300,1787.775100,10000.674900
2000,SWE,F09,241919.590400,188171.608800,485523.544800,2854.567400,1787.175600,9997.500200
2000,THA,B06,992.788900,828.467200,2915.717100,1.284700,0.905500,27.347500
2000,THA,B0609,1040.293900,868.284500,3402.804100,1.462300,0.906700,28.537400
2000,THA,F,154762.242400,107356.550100,272732.997300,947.092700,442.584700,5375.196400
2000,THA,F09,154714.737400,107316.732800,272245.910300,946.915100,442.583500,5374.006500
2000,TUN,B06,396.803000,296.471600,1171.396000,7.390000,0.015600,4.528600
2000,TUN,B0609,441.774000,327.407000,1261.632800,8.132900,0.021300,5.579600
2000,TUN,F,17580.825300,12841.896400,36447.096800,213.365000,53.632000,269.170900
2000,TUN,F09,17535.854300,12810.961000,36356.860000,212.622100,53.626300,268.119900
2000,TUR,B06,155.023800,122.775900,600.556900,1.846200,0.057700,11.601400
2000,TUR,B0609,173.206700,138.004900,755.111000,2.003300,0.066000,12.867100
2000,TUR,F,225601.916900,192062.372700,480600.566200,1538.728900,754.974100,9693.638800
2000,TUR,F09,225583.734000,192047.143700,480446.012100,1538.571800,754.965800,9692.373100
2000,TWN,B06,98.231300,66.099900,319.041300,2.840600,2.608900,0.806700
2000,TWN,B0609,386.179900,273.432100,843.703100,9.367000,8.573000,3.794800
2000,TWN,F,362501.281700,258386.297200,685585.666000,4217.336500,3704.449000,2764.342300
2000,TWN,F09,362213.333100,258178.965000,685061.004200,4210.810100,3698.484900,2761.354200
2000,UKR,B06,774.364400,374.599500,1354.188900,12.836800,6.107200,22.140400
2000,UKR,B0609,1177.432700,618.855200,1784.770500,20.471700,9.797800,40.502600
2000,UKR,F,38961.825800,31156.648700,67273.256600,509.105100,261.510600,1237.471500
2000,UKR,F09,38558.757500,30912.393000,66842.675000,501.470200,257.820000,1219.109300
2000,USA,B06,73551.008800,61323.573300,138533.307800,621.128300,319.104900,1237.131500
2000,USA,B0609,80527.121500,67974.013800,159376.468000,623.605000,321.229900,1326.805800
2000,USA,F,8212923.066500,7631779.061500,18119768.862200,22416.075500,12430.792000,86566.243900
2000,USA,F09,8205946.953800,7625128.621000,18098925.702000,22413.598800,12428.667000,86476.569600
2000,VNM,B06,2263.416200,1957.454500,5501.545700,2.050500,1.022500,82.572800
2000,VNM,B0609,2335.693000,1999.393400,5633.462700,2.284800,1.033100,86.562500
2000,VNM,F,30046.261600,20319.422900,56658.109500,114.425900,55.852800,1891.287600
2000,VNM,F09,29973.984800,20277.484000,56526.192500,114.191600,55.842200,1887.297900
2000,ZAF,B06,720.369100,631.856500,849.156500,14.643800,0.005200,34.680700
2000,ZAF,B0609,1002.021400,885.604400,1228.087600,18.275500,0.008300,47.858500
2000,ZAF,F,169873.544400,149196.308800,315203.663100,1193.553900,68.177500,5662.585600
2000,ZAF,F09,169591.892100,148942.560900,314824.732000,1189.922200,68.174400,5649.407800
2000,ROW,B06,65742.376100,56499.533900,199750.918300,1294.159300,308.818400,669.851100
2000,ROW,B0609,75637.519900,65048.429000,220459.322200,1470.279500,376.365900,752.268800
2000,ROW,F,820570.199000,686793.069200,1705792.943900,12061.727800,6080.955500,10531.312400
2000,ROW,F09,810675.055200,678244.174100,1685084.540000,11885.607600,6013.408000,10448.894700
2001,AGO,B06,1947.299600,619.288300,6373.861500,38.905300,0.023500,9.300900
2001,AGO,B0609,2155.377700,667.451700,7150.616200,42.906000,0.028900,10.804500
2001,AGO,F,4637.536300,1447.009800,11962.632000,91.371300,6.806600,37.523000
2001,AGO,F09,4429.458200,1398.846400,11185.877300,87.370600,6.801200,36.019400
2001,ARE,B06,4495.256200,3910.164300,25580.779600,76.727400,31.718300,50.913300
2001,ARE,B0609,7111.825800,6142.659300,31322.405800,108.021400,46.520500,82.392200
2001,ARE,F,83963.491400,69138.132300,165852.188100,1037.627300,528.439900,1048.821400
2001,ARE,F09,81346.921800,66905.637300,160110.561900,1006.333300,513.637700,1017.342500
2001,ARG,B06,3518.683600,3340.538700,14910.258700,18.143300,2.673900,56.394900
2001,ARG,B0609,4194.044900,3963.488000,16515.417000,21.536400,3.250400,71.720900
2001,ARG,F,166942.494400,156504.179700,413865.226500,398.468300,118.551900,3154.716800
2001,ARG,F09,166267.133100,155881.230400,412260.068200,395.075200,117.975400,3139.390800
2001,AUS,B06,2044.653000,1868.569900,9329.473200,80.652200,74.797300,42.977300
2001,AUS,B0609,2964.314600,2715.920100,12056.304500,86.044000,79.762400,55.263700
2001,AUS,F,358751.526600,324788.355300,706497.295000,1708.463700,1578.273400,8959.046200
2001,AUS,F09,357831.865000,323941.005100,703770.463700,1703.071900,1573.308300,8946.759800
2001,AUT,B06,175.292600,106.379800,287.603000,0.484900,0.116400,7.015000
2001,AUT,B0609,194.135800,121.112500,328.143600,0.509700,0.122000,7.880800
2001,AUT,F,158748.049800,119991.538200,339783.210300,188.436500,53.441700,4568.031800
2001,AUT,F09,158729.206600,119976.805500,339742.669700,188.411700,53.436100,4567.166000
2001,BEL,B06,0.000000,0.000000,0.000000,0.000000,0.000000,0.000000
2001,BEL,B0609,7.582100,5.375200,24.976800,0.033100,0.015200,0.294600
2001,BEL,F,275080.977500,194537.039600,495067.678000,1080.275000,351.887400,7897.460100
2001,BEL,F09,275073.395400,194531.664400,495042.701200,1080.241900,351.872200,7897.165500
2001,BGD,B06,153.327400,132.399300,603.007100,8.301000,4.438700,1.284900
2001,BGD,B0609,165.371300,142.802900,633.600400,8.940600,4.781900,1.494700
2001,BGD,F,27970.922200,23996.060900,71935.242100,774.542700,457.231700,525.029100
2001,BGD,F09,27958.878300,23985.657300,71904.648800,773.903100,456.888500,524.819300
2001,BGR,B06,6.549200,4.778700,23.368800,0.094800,0.001300,0.892400
2001,BGR,B0609,6.646800,4.853700,23.525300,0.095100,0.001400,0.897600
2001,BGR,F,15722.717900,12490.428700,29070.940800,146.917400,20.146500,865.958700
2001,BGR,F09,15722.620300,12490.353700,29070.784300,146.917100,20.146400,865.953500
2001,BLR,B06,35.699000,16.771700,104.051300,0.190300,0.003000,9.489200
2001,BLR,B0609,50.453900,26.306300,142.697400,0.286600,0.005800,11.298800
2001,BLR,F,15304.302900,10161.615400,27434.449000,76.420500,24.397400,1251.719100
2001,BLR,F09,15289.548000,10152.080800,27395.802900,76.324200,24.394600,1249.909500
2001,BRA,B06,6773.459700,5736.576900,13162.061600,398.068400,101.592800,912.944200
2001,BRA,B0609,7336.834500,6256.674400,14336.235800,399.461700,102.041100,964.615500
2001,BRA,F,470050.127400,427176.305400,974903.730900,2188.017800,876.946600,33478.872900
2001,BRA,F09,469486.752600,426656.207900,973729.556700,2186.624500,876.498300,33427.201600
2001,BRN,B06,881.463600,694.494500,3226.442100,24.317500,23.760700,-15.749400
2001,BRN,B0609,1004.623100,799.759800,3533.190700,26.270900,25.667200,-17.224300
2001,BRN,F,4475.671300,4040.826100,8431.118000,66.162600,64.597000,-92.647000
2001,BRN,F09,4352.511800,3935.560800,8124.369400,64.209200,62.690500,-91.172100
2001,CAN,B06,14496.313600,11626.280000,42969.936000,12.859700,10.181000,115.128700
2001,CAN,B0609,17664.803800,13895.191600,49598.101700,19.073000,14.365500,194.332600
2001,CAN,F,623806.410400,478032.031300,1295086.541700,2139.747500,575.177700,11612.955100
2001,CAN,F09,620637.920200,475763.119700,1288458.376000,2133.534200,570.993200,11533.751200
2001,CHE,B06,0.000000,0.000000,0.000000,0.000000,0.000000,0.000000
2001,CHE,B0609,82.699200,68.154900,125.585100,4.383000,1.542200,1.013000
2001,CHE,F,289005.328400,233266.944900,566886.205400,5310.411300,2527.118000,3060.435600
2001,CHE,F09,288922.629200,233198.790000,566760.620300,5306.028300,2525.575800,3059.422600
2001,CHL,B06,55.636800,42.961100,120.875000,1.212800,0.007500,2.565100
2001,CHL,B0609,125.214400,102.139300,370.886400,2.077200,0.035100,5.379900
2001,CHL,F,58506.690300,47925.862000,124181.515900,1197.119300,254.274100,2275.145800
2001,CHL,F09,58437.112700,47866.683800,123931.504500,1196.254900,254.246500,2272.331000
2001,CHN,B06,14295.053200,12956.023000,33792.045300,352.522500,199.558100,571.399500
2001,CHN,B0609,16042.393300,14550.337400,36708.524800,386.914200,219.431800,650.666600
2001,CHN,F,1972359.579800,1807328.234100,3229852.279500,19415.397000,12835.180200,56884.598100
2001,CHN,F09,1970612.239700,1805733.919700,3226935.800000,19381.005300,12815.306500,56805.331000
2001,CIV,B06,11.983900,8.486400,20.083400,0.035900,0.002300,0.123400
2001,CIV,B0609,16.428900,11.840600,26.500300,0.044500,0.003600,0.162600
2001,CIV,F,8043.730100,6429.351700,18574.037200,46.723200,11.760600,261.024600
2001,CIV,F09,8039.285100,6425.997500,18567.620300,46.714600,11.759300,260.985400
2001,CMR,B06,218.150900,89.728700,679.406600,1.057000,0.782700,7.275600
2001,CMR,B0609,249.056700,105.197000,767.733400,1.201200,0.894900,8.659900
2001,CMR,F,6148.364000,4822.750900,16020.610000,62.558300,43.846000,340.356800
2001,CMR,F09,6117.458200,4807.282600,15932.283200,62.414100,43.733800,338.972500
2001,COD,B06,48.675400,46.385600,231.803500,0.418600,0.216400,0.198500
2001,COD,B0609,67.438800,63.729300,287.149800,0.646800,0.351100,0.350100
2001,COD,F,4433.431700,4083.265000,12433.406700,63.867900,33.946900,50.305300
2001,COD,F09,4414.668300,4065.921300,12378.060400,63.639700,33.812200,50.153700
2001,COL,B06,1728.148500,1548.009300,5437.549500,40.260400,0.029700,20.111400
2001,COL,B0609,1757.556600,1572.754800,5497.126000,40.818200,0.030600,21.361700
2001,COL,F,79307.450900,69206.444300,162968.876100,883.717700,53.892100,1927.930700
2001,COL,F09,79278.042800,69181.698800,162909.299600,883.159900,53.891200,1926.680400
2001,CRI,B06,0.109200,0.072000,0.339400,0.008800,0.003100,0.009000
2001,CRI,B0609,0.143000,0.095300,0.452400,0.010600,0.003800,0.011900
2001,CRI,F,12340.479800,8906.938400,27371.885600,442.981900,172.034300,600.395500
2001,CRI,F09,12340.446000,8906.915100,27371.772600,442.980100,172.033600,600.392600
2001,CYP,B06,5.953700,4.671600,13.229000,2.450600,2.425300,0.117100
2001,CYP,B0609,6.086000,4.767200,13.450800,2.485700,2.460300,0.122500
2001,CYP,F,9517.504400,6899.680100,19158.126600,1083.916800,1067.893700,234.816500
2001,CYP,F09,9517.372100,6899.584500,19157.904800,1083.881700,1067.858700,234.811100
2001,CZE,B06,14.139100,10.760400,42.682700,0.078800,0.048800,0.888900
2001,CZE,B0609,44.247300,30.143700,97.642200,0.100900,0.054800,3.603800
2001,CZE,F,87385.031000,66901.981100,151921.390000,104.254600,55.142800,2591.000800
2001,CZE,F09,87354.922800,66882.597800,151866.430500,104.232500,55.136800,2588.285900
2001,DEU,B06,1765.802100,1413.692800,2586.211400,10.224700,7.514100,51.237500
2001,DEU,B0609,2007.037800,1618.387700,2994.917200,11.802200,8.685700,63.251600
2001,DEU,F,1671684.181200,1395801.984600,3472895.480700,6933.641100,5210.759000,44239.053700
2001,DEU,F09,1671442.945500,1395597.289700,3472486.774900,6932.063600,5209.587400,44227.039600
2001,DNK,B06,371.532900,285.937200,3825.311300,3.273600,2.939300,10.981600
2001,DNK,B0609,446.860100,345.585200,3932.182600,3.529300,3.161100,18.135000
2001,DNK,F,130420.826000,97872.517500,274829.259500,715.274400,618.166600,5937.541400
2001,DNK,F09,130345.498800,97812.869500,274722.388200,715.018700,617.944800,5930.388000
2001,EGY,B06,942.034400,766.690900,12113.497300,14.088200,6.988200,21.854500
2001,EGY,B0609,1032.848300,831.912100,12429.937000,15.279300,7.608500,25.213700
2001,EGY,F,53848.905500,44473.958000,130357.978600,643.902000,411.141000,1199.606100
2001,EGY,F09,53758.091600,44408.736800,130041.538900,642.710900,410.520700,1196.246900
2001,ESP,B06,24.301300,19.595000,70.377400,0.570600,0.244500,1.433900
2001,ESP,B0609,70.507400,57.783800,160.627500,1.542700,0.658900,3.969000
2001,ESP,F,592073.908400,485351.671000,1177939.588000,2379.480200,1054.272500,13496.899300
2001,ESP,F09,592027.702300,485313.482200,1177849.337900,2378.508100,1053.858100,13494.364200
2001,EST,B06,36.543100,26.848800,86.836400,0.153900,0.129300,1.227500
2001,EST,B0609,57.515200,42.018200,135.658900,0.284600,0.226700,1.925000
2001,EST,F,7221.640100,5163.746000,12988.026400,118.594600,45.256700,230.118400
2001,EST,F09,7200.668000,5148.576600,12939.203900,118.463900,45.159300,229.420900
2001,FIN,B06,0.000000,0.000000,0.000000,0.000000,0.000000,0.000000
2001,FIN,B0609,0.830900,0.669000,1.789500,0.003900,0.001600,0.055700
2001,FIN,F,117737.612600,93767.164600,235981.381400,770.739800,369.914400,4227.906500
2001,FIN,F09,117736.781700,93766.495600,235979.591900,770.735900,369.912800,4227.850800
2001,FRA,B06,394.397700,351.513400,560.344900,0.653600,0.357600,24.280500
2001,FRA,B0609,495.138300,438.441800,709.811600,0.886300,0.486900,30.590600
2001,FRA,F,1179994.033200,989610.017400,2461821.151700,1833.710400,1130.786100,42402.769500
2001,FRA,F09,1179893.292600,989523.089000,2461671.685000,1833.477700,1130.656800,42396.459400
2001,GBR,B06,8703.235400,7237.017600,34869.270600,141.320200,60.545800,174.959200
2001,GBR,B0609,11037.359900,9242.738700,38914.360300,153.102600,65.852400,238.346400
2001,GBR,F,1285028.421300,1107464.616800,2786512.286700,4634.549200,2423.598500,43116.175600
2001,GBR,F09,1282694.296800,1105458.895700,2782467.197000,4622.766800,2418.291900,43052.788400
2001,GRC,B06,11.969300,7.293400,16.353400,0.392300,0.270700,0.982100
2001,GRC,B0609,20.656300,14.632600,37.073200,0.665800,0.394500,1.639500
2001,GRC,F,97515.541300,77416.625200,222845.695200,2858.617800,1464.031900,3986.127400
2001,GRC,F09,97506.854300,77409.286000,222824.975400,2858.344300,1463.908100,3985.470000
2001,HKG,B06,0.000000,0.000000,0.000000,0.000000,0.000000,0.000000
2001,HKG,B0609,97.494000,70.223100,118.480900,6.696200,2.193600,1.900400
2001,HKG,F,168476.209100,137325.486800,334567.063500,10604.877800,3926.458600,2622.043700
2001,HKG,F09,168378.715100,137255.263700,334448.582600,10598.181600,3924.265000,2620.143300
2001,HRV,B06,9.270700,5.902700,73.088800,0.149000,0.104400,2.142100
2001,HRV,B0609,102.006600,72.756600,214.110000,1.468100,1.027900,8.543400
2001,HRV,F,19074.988400,14368.605300,39157.912400,275.289900,196.921500,989.383900
2001,HRV,F09,18982.252500,14301.751400,39016.891200,273.970800,195.998000,982.982600
2001,HUN,B06,11.782500,6.375400,17.875200,0.009700,0.004400,0.975500
2001,HUN,B0609,24.220800,15.139300,42.808900,0.172000,0.083500,1.666400
2001,HUN,F,61331.578900,39080.817100,110561.803000,106.599100,42.301700,2734.962600
2001,HUN,F09,61319.140600,39072.053200,110536.869300,106.436800,42.222600,2734.271700
2001,IDN,B06,2743.092000,2127.335600,10843.844100,15.668800,12.091100,48.171800
2001,IDN,B0609,3344.593900,2573.790900,12251.735200,19.118300,14.827000,58.421900
2001,IDN,F,159435.068600,129942.286700,320335.535900,930.060400,785.870400,2611.563900
2001,IDN,F09,158833.566700,129495.831400,318927.644800,926.610900,783.134500,2601.313800
2001,IND,B06,4525.040000,3997.471100,10342.033600,25.827900,0.013400,268.314000
2001,IND,B0609,4728.505000,4172.644400,12543.857600,26.714600,0.014500,284.346900
2001,IND,F,444448.743400,398659.078500,888385.659500,1347.525300,628.398600,22442.029200
2001,IND,F09,444245.278400,398483.905200,886183.835500,1346.638600,628.397500,22425.996300
2001,IRL,B06,28.988800,12.897800,46.758200,0.058000,0.041400,0.806800
2001,IRL,B0609,77.425000,34.017100,107.976600,0.126500,0.085000,2.064200
2001,IRL,F,126009.450100,78935.741300,227154.429500,137.732400,80.773000,3687.121700
2001,IRL,F09,125961.013900,78914.622000,227093.211100,137.663900,80.729400,3685.864300
2001,ISL,B06,0.168300,0.121400,0.508200,0.009300,0.004600,0.008600
2001,ISL,B0609,0.179000,0.130300,0.546500,0.009700,0.004800,0.009200
2001,ISL,F,6681.642800,5135.125000,14205.029600,205.817700,113.866400,229.696500
2001,ISL,F09,6681.632100,5135.116100,14204.991300,205.817300,113.866200,229.695900
2001,ISR,B06,81.030700,53.391000,251.178700,1.985400,0.845200,9.059200
2001,ISR,B0609,108.596400,74.327400,318.046700,2.433300,1.034000,10.748200
2001,ISR,F,84556.344700,64649.264800,209634.908300,1048.880800,503.418300,4078.065200
2001,ISR,F09,84528.779000,64628.328400,209568.040300,1048.432900,503.229500,4076.376200
2001,ITA,B06,3756.298800,3058.748200,7565.589300,12.280700,11.310000,127.629000
2001,ITA,B0609,3776.621000,3076.370900,7782.395000,12.694100,11.437900,128.959500
2001,ITA,F,1179656.888300,1012201.583200,2266865.797500,7630.085600,3894.472800,38098.447900
2001,ITA,F09,1179636.566100,1012183.960500,2266648.991800,7629.672200,3894.344900,38097.117400
2001,JOR,B06,24.390000,14.011900,73.789500,0.624000,0.001800,0.561700
2001,JOR,B0609,43.588700,26.504100,131.504100,1.121100,0.005000,1.171100
2001,JOR,F,7306.177900,4329.705900,15382.078000,85.916300,9.647000,235.553500
2001,JOR,F09,7286.979200,4317.213700,15324.363400,85.419200,9.643800,234.944100
2001,JPN,B06,306.079600,291.774500,798.910000,0.519400,0.503500,10.123300
2001,JPN,B0609,1510.078100,1409.783200,2968.529800,4.839900,1.592100,74.478100
2001,JPN,F,3316470.517700,3091261.142300,7526381.425800,22729.158300,12069.359300,115295.635400
2001,JPN,F09,3315266.519200,3090143.133600,7524211.806000,22724.837800,12068.270700,115231.280600
2001,KAZ,B06,5707.519500,4954.787400,9296.333600,24.896200,6.285600,201.707900
2001,KAZ,B0609,5975.842100,5160.003200,9743.373900,26.377000,6.667500,220.343900
2001,KAZ,F,20066.899000,15934.965000,38125.226500,112.266300,28.702700,568.617300
2001,KAZ,F09,19798.576400,15729.749200,37678.186200,110.785500,28.320800,549.981300
2001,KHM,B06,0.000000,0.000000,0.000000,0.000000,0.000000,0.000000
2001,KHM,B0609,4.258700,3.169400,9.358500,0.076700,0.000600,0.072800
2001,KHM,F,2893.608700,1855.049300,6773.186900,49.624900,4.557700,71.269400
2001,KHM,F09,2889.350000,1851.879900,6763.828400,49.548200,4.557100,71.196600
2001,KOR,B06,28.259300,19.318600,112.731000,1.044800,0.637100,1.166700
2001,KOR,B0609,30.077700,20.787000,123.117500,1.092100,0.665500,1.263800
2001,KOR,F,599774.339800,483254.173600,1112834.387400,12677.101700,7954.977500,20960.350700
2001,KOR,F09,599772.521400,483252.705200,1112824.000900,12677.054400,7954.949100,20960.253600
2001,LAO,B06,1.498800,1.137600,17.116800,0.006900,0.002100,0.022400
2001,LAO,B0609,5.249200,4.305000,33.213600,0.016200,0.005300,0.065800
2001,LAO,F,936.244800,646.117300,2682.275400,3.247100,1.084000,23.798800
2001,LAO,F09,932.494400,642.949900,2666.178600,3.237800,1.080800,23.755400
2001,LTU,B06,24.017900,17.344500,61.799600,0.103000,0.047500,1.754000
2001,LTU,B0609,25.350500,18.263800,76.524600,0.108400,0.050200,1.893800
2001,LTU,F,8943.705200,6143.804700,20505.221300,57.303700,28.302600,706.097400
2001,LTU,F09,8942.372600,6142.885400,20490.496300,57.298300,28.299900,705.957600
2001,LUX,B06,0.000000,0.000000,0.000000,0.000000,0.000000,0.000000
2001,LUX,B0609,0.000000,0.000000,0.000000,0.000000,0.000000,0.000000
2001,LUX,F,31499.392100,13677.116200,51518.461600,169.154100,11.924500,820.659000
2001,LUX,F09,31499.392100,13677.116200,51518.461600,169.154100,11.924500,820.659000
2001,LVA,B06,0.000000,0.000000,0.000000,0.000000,0.000000,0.000000
2001,LVA,B0609,0.021400,0.018800,0.266700,0.000200,0.000200,0.001500
2001,LVA,F,8549.828500,6812.263400,16420.847400,114.804100,76.069600,345.449400
2001,LVA,F09,8549.807100,6812.244600,16420.580700,114.803900,76.069400,345.447900
2001,MAR,B06,1.233300,0.996900,5.659900,0.029400,0.000600,0.108900
2001,MAR,B0609,3.265400,2.723000,26.550000,0.037200,0.000900,0.156600
2001,MAR,F,28026.427800,21211.222200,62902.827500,226.462100,66.286300,1375.963900
2001,MAR,F09,28024.395700,21209.496100,62881.937400,226.454300,66.286000,1375.916200
2001,MEX,B06,4984.713700,4699.342300,45351.066500,10.687800,0.534000,26.385500
2001,MEX,B0609,7743.789000,7186.453300,49949.386300,18.803400,1.608800,56.311700
2001,MEX,F,567316.625300,465643.402600,1303820.934700,1283.070600,483.456400,10963.992100
2001,MEX,F09,564557.550000,463156.291600,1299222.614900,1274.955000,482.381600,10934.065900
2001,MLT,B06,1.693900,1.439700,2.779900,0.008500,0.002800,0.014600
2001,MLT,B0609,9.435000,6.802000,18.276700,0.068500,0.021100,0.194700
2001,MLT,F,5170.207500,3693.749200,8899.563200,89.937000,23.234400,110.312000
2001,MLT,F09,5162.466400,3688.386900,8884.066400,89.877000,23.216100,110.131900
2001,MMR,B06,252.651600,144.474200,496.612300,8.629800,2.649600,3.315000
2001,MMR,B0609,253.785000,145.195500,498.978600,8.658700,2.659900,3.331000
2001,MMR,F,5859.456400,5105.648800,11557.975300,62.264200,27.867500,31.936600
2001,MMR,F09,5858.323000,5104.927500,11555.609000,62.235300,27.857200,31.920600
2001,MYS,B06,8253.369500,6260.833800,13133.911000,140.444100,33.174400,45.773800
2001,MYS,B0609,8919.270300,6719.526700,14451.652900,150.192200,35.622500,50.140000
2001,MYS,F,147659.531300,106817.770500,235291.711100,1296.391900,395.841400,549.025600
2001,MYS,F09,146993.630500,106359.077600,233973.969200,1286.643800,393.393300,544.659400
2001,NGA,B06,3419.288800,2402.635500,12137.110700,328.907800,0.524200,70.024800
2001,NGA,B0609,3428.554800,2408.973600,12155.813900,329.524900,0.525600,70.230400
2001,NGA,F,46607.493700,40906.987600,110899.614900,753.037400,17.391100,857.813600
2001,NGA,F09,46598.227700,40900.649500,110880.911700,752.420300,17.389700,857.608000
2001,NLD,B06,2121.395900,1167.990200,11883.072300,14.870200,6.402900,15.651400
2001,NLD,B0609,3462.362100,1996.487100,15093.059100,16.442200,7.692400,52.188200
2001,NLD,F,403319.924700,313235.657900,790407.735100,3453.214200,1886.643500,11684.352600
2001,NLD,F09,401978.958500,312407.161000,787197.748300,3451.642200,1885.354000,11647.815800
2001,NOR,B06,3764.998000,2718.051500,38358.227600,129.588800,29.971200,47.200300
2001,NOR,B0609,5360.667500,3928.993200,40788.769000,152.341500,39.263100,118.127200
2001,NOR,F,120528.521200,96039.452600,245099.960800,5688.872600,1662.623000,5161.738900
2001,NOR,F09,118932.851700,94828.510900,242669.419400,5666.119900,1653.331100,5090.812000
2001,NZL,B06,103.602600,85.611400,254.822800,0.783800,0.667600,2.090300
2001,NZL,B0609,230.692200,192.434700,430.234900,1.437700,1.220400,4.556000
2001,NZL,F,60400.983800,52072.478400,111649.112900,182.638500,151.170100,891.149000
2001,NZL,F09,60273.894200,51965.655100,111473.700800,181.984600,150.617300,888.683300
2001,PAK,B06,629.716500,536.267700,1661.242500,13.709500,11.349300,18.131100
2001,PAK,B0609,666.136800,566.772700,1752.644800,14.279600,11.826000,19.147000
2001,PAK,F,53140.962200,48718.195200,117825.203000,572.928900,493.490200,378.591600
2001,PAK,F09,53104.541900,48687.690200,117733.800700,572.358800,493.013500,377.575700
2001,PER,B06,534.863200,483.643500,1445.627700,2.464200,1.078900,17.528400
2001,PER,B0609,809.841900,741.176500,2305.423000,3.286900,1.475800,21.342400
2001,PER,F,42280.760200,37506.707300,90136.276700,141.203300,68.071000,1152.345600
2001,PER,F09,42005.781500,37249.174300,89276.481400,140.380600,67.674100,1148.531600
2001,PHL,B06,148.456500,88.398500,485.534600,8.383700,0.023500,3.336600
2001,PHL,B0609,174.999100,106.497100,537.796800,9.551300,0.031400,4.019800
2001,PHL,F,64825.291700,50601.892800,140202.087100,1388.890000,153.551800,848.884900
2001,PHL,F09,64798.749100,50583.794200,140149.824900,1387.722400,153.543900,848.201700
2001,POL,B06,36.744600,28.803500,75.313600,0.279200,0.076500,1.564300
2001,POL,B0609,84.935800,62.888300,185.673800,0.617700,0.185500,6.566500
2001,POL,F,197277.565500,164757.215800,373882.770200,629.859400,204.547600,6921.258100
2001,POL,F09,197229.374300,164723.131000,373772.410000,629.520900,204.438600,6916.255900
2001,PRT,B06,0.000000,0.000000,0.000000,0.000000,0.000000,0.000000
2001,PRT,B0609,3.049300,2.567900,8.064100,0.007200,0.004700,0.174400
2001,PRT,F,121114.074800,97076.717100,231993.461100,151.066700,90.464300,4211.099100
2001,PRT,F09,121111.025500,97074.149200,231985.397000,151.059500,90.459600,4210.924700
2001,ROU,B06,288.325100,245.564500,568.936300,2.510700,0.003400,12.730500
2001,ROU,B0609,460.281400,385.171900,898.052500,3.817000,0.008500,23.627500
2001,ROU,F,40618.691500,34405.060000,78241.791200,157.586700,32.625700,1174.029700
2001,ROU,F09,40446.735200,34265.452600,77912.675000,156.280400,32.620600,1163.132700
2001,RUS,B06,2392.125400,2290.029000,24523.349900,5.680900,1.029200,28.826800
2001,RUS,B0609,17756.004700,16160.252000,41851.926900,53.380100,11.335600,613.246600
2001,RUS,F,244669.690000,213946.523100,521366.022200,774.419600,260.961500,7120.774500
2001,RUS,F09,229305.810700,200076.300100,504037.445200,726.720400,250.655100,6536.354700
2001,SAU,B06,11314.761800,10601.204500,69049.987700,18.871400,17.663700,27.416800
2001,SAU,B0609,11422.590800,10690.081600,69327.904500,19.122900,17.884500,28.330200
2001,SAU,F,81954.558600,66688.067400,207064.672600,178.290100,154.427200,582.067000
2001,SAU,F09,81846.729600,66599.190300,206786.755800,178.038600,154.206400,581.153600
2001,SEN,B06,1.236800,0.956500,1.520600,0.148100,0.003800,0.010300
2001,SEN,B0609,3.923000,3.408800,4.429100,0.163600,0.013700,0.085100
2001,SEN,F,4066.963700,3099.459800,10072.429700,229.397800,2.235600,184.341600
2001,SEN,F09,4064.277500,3097.007500,10069.521200,229.382300,2.225700,184.266800
2001,SGP,B06,0.000000,0.000000,0.000000,0.000000,0.000000,0.000000
2001,SGP,B0609,0.000000,0.000000,0.000000,0.000000,0.000000,0.000000
2001,SGP,F,147263.731000,95931.864900,234616.790800,13127.992100,6304.324000,2896.494200
2001,SGP,F09,147263.731000,95931.864900,234616.790800,13127.992100,6304.324000,2896.494200
2001,STP,B06,0.105500,0.081800,0.205300,0.012200,0.000200,0.000600
2001,STP,B0609,0.176600,0.137200,0.316600,0.018900,0.000300,0.001000
2001,STP,F,105.923000,89.823100,177.374300,3.393400,0.167500,0.493600
2001,STP,F09,105.851900,89.767700,177.263000,3.386700,0.167400,0.493200
2001,SVK,B06,0.324100,0.201200,0.453100,0.000300,0.000300,0.052300
2001,SVK,B0609,35.127400,26.412500,67.927900,0.075000,0.040500,1.352100
2001,SVK,F,27421.213400,19746.301500,47897.493000,33.432700,16.352900,1298.321600
2001,SVK,F09,27386.410100,19720.090200,47830.018200,33.358000,16.312700,1297.021800
2001,SVN,B06,0.000000,0.000000,0.000000,0.000000,0.000000,0.000000
2001,SVN,B0609,3.941700,3.004600,4.191700,0.035100,0.027300,0.155400
2001,SVN,F,20509.486900,14447.010600,39491.216600,22.697400,13.440200,663.133500
2001,SVN,F09,20505.545200,14444.006000,39487.024900,22.662300,13.412900,662.978100
2001,SWE,B06,20.605800,9.188400,29.964300,0.313200,0.181300,0.712300
2001,SWE,B0609,61.924400,41.299700,88.727700,1.143100,0.655000,3.569600
2001,SWE,F,224560.077400,174833.988000,449136.645800,2562.038100,1599.416900,9230.606300
2001,SWE,F09,224518.758800,174801.876700,449077.882400,2561.208200,1598.943200,9227.749000
2001,THA,B06,886.302500,605.702600,2771.374700,10.853600,0.736700,26.952600
2001,THA,B0609,929.620100,637.627800,3229.759800,11.342600,0.771300,29.711100
2001,THA,F,150485.751800,105641.399700,262690.083700,1399.927900,509.407900,5093.124400
2001,THA,F09,150442.434200,105609.474500,262231.698600,1399.438900,509.373300,5090.365900
2001,TUN,B06,360.311500,277.957200,1114.675000,9.924800,0.008600,9.032600
2001,TUN,B0609,416.788500,320.465400,1216.285100,10.429100,0.014400,10.115200
2001,TUN,F,17829.651300,12848.558400,37250.403000,237.798600,43.632600,276.350400
2001,TUN,F09,17773.174300,12806.050200,37148.792900,237.294300,43.626800,275.267800
2001,TUR,B06,124.032500,99.603200,448.022900,1.036700,0.077700,9.383500
2001,TUR,B0609,140.270000,113.117400,563.322200,1.150000,0.101400,10.490400
2001,TUR,F,174253.977600,148660.706000,361897.659300,1063.097900,600.036300,7866.042700
2001,TUR,F09,174237.740100,148647.191800,361782.360000,1062.984600,600.012600,7864.935800
2001,TWN,B06,80.695200,54.427200,281.049900,2.085000,1.910900,0.638800
2001,TWN,B0609,328.253300,229.345300,743.235100,7.012700,6.407900,3.090500
2001,TWN,F,310466.216200,224928.757300,603452.342600,3633.862900,3192.429600,2351.873800
2001,TWN,F09,310218.658100,224753.839200,602990.157400,3628.935200,3187.932600,2349.422100
2001,UKR,B06,973.029200,397.166300,1699.432200,11.075400,6.565100,19.043500
2001,UKR,B0609,1425.605000,647.450600,2177.891900,17.709900,10.416000,33.321300
2001,UKR,F,48504.996900,39533.213800,83834.888200,603.425400,365.169900,1139.274900
2001,UKR,F09,48052.421100,39282.929500,83356.428500,596.790900,361.319000,1124.997100
2001,USA,B06,65184.792300,54998.769700,137684.920200,607.411300,331.377900,1034.010300
2001,USA,B0609,74523.319900,63886.279700,166838.100100,610.622300,334.095000,1170.750000
2001,USA,F,8153867.666500,7627554.048900,18385349.191000,22052.791400,12809.829500,79138.629900
2001,USA,F09,8144529.138900,7618666.538900,18356196.011100,22049.580400,12807.112400,79001.890200
2001,VNM,B06,1987.329500,1549.757700,5107.032500,4.558500,1.788900,99.777900
2001,VNM,B0609,2064.627300,1597.750300,5251.562800,4.831400,1.886600,106.575300
2001,VNM,F,33159.552500,22982.009800,61212.410800,129.490100,72.670300,1809.705000
2001,VNM,F09,33082.254700,22934.017200,61067.880500,129.217200,72.572600,1802.907600
2001,ZAF,B06,663.075600,575.308000,778.872700,11.548900,0.006000,31.471800
2001,ZAF,B0609,923.501200,808.934700,1126.440100,14.457300,0.009500,43.257000
2001,ZAF,F,157120.347300,137127.434400,287065.111300,1017.399500,71.775300,5158.509100
2001,ZAF,F09,156859.921700,136893.807700,286717.543900,1014.491100,71.771800,5146.723900
2001,ROW,B06,64746.748600,57086.742400,193657.821700,1259.119400,307.749200,580.874000
2001,ROW,B0609,79954.763800,70860.614500,220967.104600,1506.725600,437.277000,788.710500
2001,ROW,F,916989.481200,776654.415200,1873877.540900,12920.687700,6630.679800,12482.533600
2001,ROW,F09,901781.466000,762880.543100,1846568.258000,12673.081500,6501.152000,12274.697100
2002,AGO,B06,2566.211700,1535.635100,7234.278600,40.197300,0.075500,6.807700
2002,AGO,B0609,2670.568900,1580.378700,8036.646800,41.178500,0.081100,7.161100
2002,AGO,F,5832.516600,3680.507500,16447.804800,70.387300,6.694600,17.423300
2002,AGO,F09,5728.159400,3635.763900,15645.436600,69.406100,6.689000,17.069900
2002,ARE,B06,4217.476500,3586.629900,26331.067900,76.878000,27.398400,36.006200
2002,ARE,B0609,7133.139300,6013.513000,32452.799400,115.819400,43.666300,62.711100
2002,ARE,F,89262.340200,70846.354200,176765.844000,1224.630200,561.699200,1005.848800
2002,ARE,F09,86346.677400,68419.471100,170644.112500,1185.688800,545.431300,979.143900
2002,ARG,B06,2033.106600,1873.348400,6506.543800,10.747900,2.458500,39.261700
2002,ARG,B0609,2368.011800,2171.333300,7207.003300,12.352000,2.854400,47.081500
2002,ARG,F,80326.573500,73968.839000,175328.816000,173.560100,60.947600,1944.445100
2002,ARG,F09,79991.668300,73670.854100,174628.356500,171.956000,60.551700,1936.625300
2002,AUS,B06,1118.818900,1025.607400,8929.567700,27.398100,25.823700,21.218800
2002,AUS,B0609,2182.205600,2005.777800,11917.001300,32.606100,30.673500,37.285600
2002,AUS,F,412852.061900,375220.664000,802433.057900,1443.506100,1332.226700,10353.094600
2002,AUS,F09,411788.675200,374240.493600,799445.624300,1438.298100,1327.376900,10337.027800
2002,AUT,B06,192.728400,116.809000,336.029500,0.544400,0.136100,9.179600
2002,AUT,B0609,213.065200,132.777800,379.866100,0.571600,0.142500,10.161800
2002,AUT,F,172139.286800,131131.168000,368462.921200,192.562400,57.498700,5035.379100
2002,AUT,F09,172118.950000,131115.199200,368419.084600,192.535200,57.492300,5034.396900
2002,BEL,B06,0.000000,0.000000,0.000000,0.000000,0.000000,0.000000
2002,BEL,B0609,10.159900,7.254000,29.469200,0.046400,0.016700,0.429400
2002,BEL,F,285095.103200,203874.039200,524715.217100,1026.692200,234.689500,8369.564200
2002,BEL,F09,285084.943300,203866.785200,524685.747900,1026.645800,234.672800,8369.134800
2002,BGD,B06,150.295800,124.370800,621.877900,6.681100,3.787200,1.084800
2002,BGD,B0609,165.133600,137.017500,659.696400,7.425000,4.205100,1.321500
2002,BGD,F,28929.383200,24989.418000,73720.998300,789.787900,481.998000,549.256400
2002,BGD,F09,28914.545400,24976.771300,73683.179800,789.044000,481.580100,549.019700
2002,BGR,B06,7.660700,5.582000,23.964600,0.049700,0.003800,0.792400
2002,BGR,B0609,7.770000,5.669900,24.141100,0.049900,0.003900,0.797700
2002,BGR,F,17574.006300,14155.126600,32970.726500,74.048800,18.898000,810.999200
2002,BGR,F09,17573.897000,14155.038700,32970.550000,74.048600,18.897900,810.993900
2002,BLR,B06,33.075200,12.689800,111.387200,0.145100,0.009600,9.742900
2002,BLR,B0609,47.698700,21.039300,154.624300,0.233800,0.012000,12.166000
2002,BLR,F,15658.867900,10203.282800,29703.141800,79.566100,25.745000,1347.594200
2002,BLR,F09,15644.244400,10194.933300,29659.904700,79.477400,25.742600,1345.171100
2002,BRA,B06,6625.884800,5672.871900,13444.144700,282.599400,88.485600,702.799800
2002,BRA,B0609,7171.961800,6177.284500,14535.309900,283.947800,88.992600,737.347700
2002,BRA,F,438110.310900,399832.801700,893906.900500,1835.938200,802.636600,26960.658200
2002,BRA,F09,437564.233900,399328.389100,892815.735300,1834.589800,802.129600,26926.110300
2002,BRN,B06,942.198100,788.051500,3385.868200,26.558000,26.077200,-17.724300
2002,BRN,B0609,1083.642100,913.793000,3718.555900,28.917800,28.390700,-19.436100
2002,BRN,F,4648.857100,4279.180100,8770.560100,71.336300,70.008000,-98.202500
2002,BRN,F09,4507.413100,4153.438600,8437.872400,68.976500,67.694500,-96.490700
2002,CAN,B06,14208.880200,11367.463700,39019.839400,13.483400,10.735800,131.108600
2002,CAN,B0609,17128.990500,13445.771400,45284.866900,19.739600,15.078100,207.610900
2002,CAN,F,632463.855000,485859.272600,1324291.957200,2363.008900,618.341100,12792.462400
2002,CAN,F09,629543.744700,483780.964900,1318026.929700,2356.752700,613.998800,12715.960100
2002,CHE,B06,0.000000,0.000000,0.000000,0.000000,0.000000,0.000000
2002,CHE,B0609,94.424600,76.543100,141.498100,1.125900,0.648700,1.724500
2002,CHE,F,319672.886900,260146.004100,620463.933300,5171.003600,2986.947700,3146.259100
2002,CHE,F09,319578.462300,260069.461000,620322.435200,5169.877700,2986.299000,3144.534600
2002,CHL,B06,53.266200,39.769300,117.670400,1.424100,0.178400,2.298700
2002,CHL,B0609,118.281400,94.322800,361.228400,2.512800,0.360600,4.836800
2002,CHL,F,56812.115900,46278.706700,121375.790800,1258.313000,306.558200,2109.207100
2002,CHL,F09,56747.100700,46224.153200,121132.232800,1257.224300,306.376000,2106.669000
2002,CHN,B06,13942.787000,12721.707500,35430.032400,96.993800,66.594200,793.297100
2002,CHN,B0609,15743.275300,14270.009700,38487.881900,113.203300,76.347300,858.956500
2002,CHN,F,2012860.201200,1821149.503800,3386722.324400,17484.362900,12330.559800,64055.217000
2002,CHN,F09,2011059.712900,1819601.201600,3383664.474900,17468.153400,12320.806700,63989.557600
2002,CIV,B06,13.149400,9.288100,21.891100,0.036300,0.002500,0.228800
2002,CIV,B0609,18.042600,12.985400,28.896100,0.045200,0.003900,0.283900
2002,CIV,F,8780.370600,6936.662700,20318.274100,50.791300,12.714900,349.610600
2002,CIV,F09,8775.477400,6932.965400,20311.269100,50.782400,12.713500,349.555500
2002,CMR,B06,233.565300,103.516600,751.677700,1.672700,1.378500,8.039100
2002,CMR,B0609,268.912000,120.992600,848.318000,1.870800,1.540200,9.626500
2002,CMR,F,6530.576100,5120.955900,17684.409700,75.969900,58.366800,330.495800
2002,CMR,F09,6495.229400,5103.479900,17587.769400,75.771800,58.205100,328.908400
2002,COD,B06,46.678200,43.192800,236.502900,0.640200,0.271700,0.303900
2002,COD,B0609,63.245600,58.445800,285.840000,0.890100,0.416300,0.443900
2002,COD,F,4632.226900,4248.658900,13018.243900,69.016000,34.314800,54.999100
2002,COD,F09,4615.659500,4233.405900,12968.906800,68.766100,34.170200,54.859100
2002,COL,B06,1731.102300,1591.941100,5438.503200,60.396700,0.031200,17.989900
2002,COL,B0609,1760.195900,1616.447500,5498.082300,61.265000,0.032100,19.556000
2002,COL,F,79612.215700,69357.938900,163504.080200,1072.652200,54.034800,2032.126400
2002,COL,F09,79583.122100,69333.432500,163444.501100,1071.783900,54.033900,2030.560300
2002,CRI,B06,0.111700,0.073800,0.352200,0.009000,0.003300,0.009600
2002,CRI,B0609,0.146800,0.097500,0.465400,0.010600,0.004000,0.012600
2002,CRI,F,12645.303500,9059.998200,28263.843000,443.672100,182.581500,615.855300
2002,CRI,F09,12645.268400,9059.974500,28263.729800,443.670500,182.580800,615.852300
2002,CYP,B06,6.520900,5.571300,14.371600,3.927100,3.886500,0.110300
2002,CYP,B0609,6.666900,5.683900,14.612500,3.986900,3.945900,0.115100
2002,CYP,F,10592.418200,7754.924600,21058.367700,1195.721200,1177.425400,214.389800
2002,CYP,F09,10592.272200,7754.812000,21058.126800,1195.661400,1177.366000,214.385000
2002,CZE,B06,17.286200,13.581100,64.440100,0.129700,0.070800,1.029200
2002,CZE,B0609,54.919100,39.914800,133.759900,0.152200,0.076600,4.058400
2002,CZE,F,104225.015300,81258.690800,182160.032900,128.241200,61.153200,2755.330400
2002,CZE,F09,104187.382400,81232.357100,182090.713100,128.218700,61.147400,2752.301200
2002,DEU,B06,2022.043900,1648.840900,3001.493200,9.247100,6.172500,63.477400
2002,DEU,B0609,2281.772000,1868.807000,3451.136700,10.687800,7.148300,77.522400
2002,DEU,F,1728091.596800,1454686.696100,3652860.733100,5394.613000,3785.706100,46711.671000
2002,DEU,F09,1727831.868700,1454466.730000,3652411.089600,5393.172300,3784.730300,46697.626000
2002,DNK,B06,383.039700,290.104000,3956.084200,2.756300,2.452100,12.555000
2002,DNK,B0609,430.162400,326.679700,4069.974500,2.912100,2.584300,17.171100
2002,DNK,F,139317.307600,105196.040800,295781.816500,668.141800,572.673700,6552.658300
2002,DNK,F09,139270.184900,105159.465100,295667.926200,667.986000,572.541500,6548.042200
2002,EGY,B06,881.202100,717.674100,11548.281100,12.720300,6.285600,19.335600
2002,EGY,B0609,964.252500,776.000300,11846.678300,13.823900,6.860500,22.420300
2002,EGY,F,50256.976700,40972.425100,123340.039500,617.303700,387.522200,1101.987900
2002,EGY,F09,50173.926300,40914.098900,123041.642300,616.200100,386.947300,1098.903200
2002,ESP,B06,26.284900,21.115800,84.414800,0.699300,0.314400,1.459200
2002,ESP,B0609,76.818700,62.388300,184.408700,1.868000,0.828700,4.274300
2002,ESP,F,688831.433100,572777.075700,1350218.499900,2630.011000,1202.177700,15367.838200
2002,ESP,F09,688780.899300,572735.803200,1350118.506000,2628.842300,1201.663400,15365.023100
2002,EST,B06,43.073000,31.058400,99.722300,0.193800,0.158200,1.483300
2002,EST,B0609,68.031900,48.918000,155.709100,0.350600,0.257900,2.385800
2002,EST,F,8383.605100,5927.133300,15164.135000,139.224900,45.919600,273.755100
2002,EST,F09,8358.646200,5909.273700,15108.148200,139.068100,45.819900,272.852600
2002,FIN,B06,0.000000,0.000000,0.000000,0.000000,0.000000,0.000000
2002,FIN,B0609,0.900600,0.719300,1.925500,0.005100,0.002400,0.071100
2002,FIN,F,125868.048800,100598.254100,253913.020600,854.204700,411.125400,4913.819500
2002,FIN,F09,125867.148200,100597.534800,253911.095100,854.199600,411.123000,4913.748400
2002,FRA,B06,518.968300,475.527400,729.839100,0.812900,0.425800,32.453000
2002,FRA,B0609,627.727800,567.375400,883.915500,1.071600,0.565600,39.596300
2002,FRA,F,1256612.069600,1062337.586800,2654730.154900,1850.477600,1136.104300,45917.732000
2002,FRA,F09,1256503.310100,1062245.738800,2654576.078500,1850.218900,1135.964500,45910.588700
2002,GBR,B06,9816.618600,8399.133800,33316.855000,138.321800,51.512000,267.432200
2002,GBR,B0609,12399.385400,10667.874600,37642.580000,149.557100,55.965100,353.698000
2002,GBR,F,1399487.294600,1211160.615900,3029527.290200,4383.304500,2144.463700,46377.920000
2002,GBR,F09,1396904.527800,1208891.875100,3025201.565200,4372.069200,2140.010600,46291.654200
2002,GRC,B06,14.276800,9.489100,19.355700,0.576600,0.435200,1.298100
2002,GRC,B0609,24.247200,17.965100,42.911600,0.971500,0.644500,2.019300
2002,GRC,F,110938.251200,89718.751800,253400.934800,3622.008300,2075.656000,4603.857200
2002,GRC,F09,110928.280800,89710.275800,253377.378900,3621.613400,2075.446700,4603.136000
2002,HKG,B06,0.000000,0.000000,0.000000,0.000000,0.000000,0.000000
2002,HKG,B0609,100.693500,72.238800,118.199600,7.549800,2.794300,1.697700
2002,HKG,F,166186.234500,134822.764500,329970.600900,10864.124800,4395.767900,2483.365600
2002,HKG,F09,166085.541000,134750.525700,329852.401300,10856.575000,4392.973600,2481.667900
2002,HRV,B06,10.869500,7.577900,84.653100,0.160900,0.103100,2.537300
2002,HRV,B0609,152.081400,112.115000,300.632200,2.125000,1.356800,11.513200
2002,HRV,F,22204.420500,16528.132100,45337.455200,275.634800,182.024200,1099.404000
2002,HRV,F09,22063.208600,16423.595000,45121.476100,273.670700,180.770500,1090.428100
2002,HUN,B06,15.777600,8.720000,25.662800,0.013000,0.005600,1.083000
2002,HUN,B0609,27.693700,17.086200,54.018400,0.141400,0.063200,1.780200
2002,HUN,F,72625.240300,47471.619800,134429.452100,140.846900,54.300000,3070.712600
2002,HUN,F09,72613.324200,47463.253600,134401.096500,140.718500,54.242400,3070.015400
2002,IDN,B06,3319.174700,2635.519500,13181.422700,16.467100,12.282400,58.559500
2002,IDN,B0609,4047.949600,3186.032100,14891.857900,20.430500,15.373500,70.954600
2002,IDN,F,193854.373000,161964.321700,389988.354000,1057.967400,896.989700,3088.948600
2002,IDN,F09,193125.598100,161413.809100,388277.918800,1054.004000,893.898600,3076.553500
2002,IND,B06,4691.209000,4045.374000,10791.201200,36.085800,0.012700,277.108100
2002,IND,B0609,4935.348100,4253.712000,13444.827700,37.664900,0.013900,297.699500
2002,IND,F,455217.071700,404153.901800,919330.398300,1637.913000,632.392600,23488.758600
2002,IND,F09,454972.932600,403945.563800,916676.771800,1636.333900,632.391400,23468.167200
2002,IRL,B06,31.758600,14.975400,53.038000,0.070200,0.055600,1.269600
2002,IRL,B0609,78.808200,34.740900,111.684000,0.185700,0.144700,2.797800
2002,IRL,F,139301.662300,86995.742100,257946.578400,201.914200,147.326400,4623.916100
2002,IRL,F09,139254.612700,86975.976600,257887.932400,201.798700,147.237300,4622.387900
2002,ISL,B06,0.170400,0.125000,0.545500,0.008700,0.004200,0.009000
2002,ISL,B0609,0.185000,0.136900,0.590900,0.009200,0.004500,0.009900
2002,ISL,F,7472.124300,5875.475600,15989.031800,213.637500,115.473300,271.453800
2002,ISL,F09,7472.109700,5875.463700,15988.986400,213.637000,115.473000,271.452900
2002,ISR,B06,64.979500,39.196700,218.440400,1.577000,0.685100,8.384200
2002,ISR,B0609,89.560700,57.004200,279.257900,2.009700,0.861000,10.142100
2002,ISR,F,78685.308900,58721.767300,194341.324000,966.648500,451.813600,3987.617900
2002,ISR,F09,78660.727700,58703.959800,194280.506500,966.215800,451.637700,3985.860000
2002,ITA,B06,4074.790300,3231.979700,8455.073200,14.588200,13.324500,136.507300
2002,ITA,B0609,4097.408800,3251.375500,8696.553500,15.004800,13.453600,138.004500
2002,ITA,F,1276205.045200,1099639.820600,2463806.430500,8820.296800,4394.242900,40798.077200
2002,ITA,F09,1276182.426700,1099620.424800,2463564.950200,8819.880200,4394.113800,40796.580000
2002,JOR,B06,27.144800,15.277700,79.789300,0.674000,0.001500,0.600400
2002,JOR,B0609,48.468800,28.818000,142.196600,1.264900,0.004700,1.287000
2002,JOR,F,7983.224000,4789.393800,16699.791600,91.804400,9.386100,236.049700
2002,JOR,F09,7961.900000,4775.853500,16637.384300,91.213500,9.382900,235.363100
2002,JPN,B06,287.064700,279.058900,760.541900,0.454100,0.443500,9.627700
2002,JPN,B0609,1415.935200,1314.591500,2825.964600,5.138000,1.492500,81.782000
2002,JPN,F,3142971.682900,2922355.960200,7170480.157400,21901.659600,11604.103400,109513.370500
2002,JPN,F09,3141842.812400,2921320.427600,7168414.734700,21896.975700,11603.054400,109441.216200
2002,KAZ,B06,5616.510000,4772.712400,9593.810400,44.867700,6.798200,208.827300
2002,KAZ,B0609,5878.404600,4966.184700,10055.155700,47.337400,7.182000,230.174400
2002,KAZ,F,19575.544400,15096.029300,39615.105100,175.167400,27.853000,580.650600
2002,KAZ,F09,19313.649800,14902.557000,39153.759800,172.697700,27.469200,559.303500
2002,KHM,B06,0.000000,0.000000,0.000000,0.000000,0.000000,0.000000
2002,KHM,B0609,5.106300,3.882500,10.685500,0.087000,0.000600,0.086300
2002,KHM,F,3103.356200,1897.690800,7272.651100,54.455200,5.210900,85.130400
2002,KHM,F09,3098.249900,1893.808300,7261.965600,54.368200,5.210300,85.044100
2002,KOR,B06,36.563300,20.216800,127.831100,1.579700,1.095600,1.275000
2002,KOR,B0609,39.044300,22.108000,139.608800,1.669200,1.156000,1.420800
2002,KOR,F,679341.359500,552588.220600,1266010.185100,16357.412500,11255.157600,24577.268600
2002,KOR,F09,679338.878500,552586.329400,1265998.407400,16357.323000,11255.097200,24577.122800
2002,LAO,B06,1.860600,1.241700,17.587800,0.014300,0.004200,0.050400
2002,LAO,B0609,6.252200,4.979400,34.403900,0.026300,0.008500,0.106400
2002,LAO,F,956.481500,665.795200,2747.460800,3.743200,1.255700,28.163600
2002,LAO,F09,952.089900,662.057500,2730.644700,3.731200,1.251400,28.107600
2002,LTU,B06,28.142800,21.107700,59.608500,0.083300,0.033900,1.667400
2002,LTU,B0609,29.560600,21.943000,74.980600,0.089200,0.036900,1.800700
2002,LTU,F,10490.918500,6983.426700,23885.156700,103.620100,43.536600,742.715500
2002,LTU,F09,10489.500700,6982.591400,23869.784600,103.614200,43.533600,742.582200
2002,LUX,B06,0.000000,0.000000,0.000000,0.000000,0.000000,0.000000
2002,LUX,B0609,0.000000,0.000000,0.000000,0.000000,0.000000,0.000000
2002,LUX,F,32341.004400,14480.373600,54444.023700,44.813800,14.422600,888.431400
2002,LUX,F09,32341.004400,14480.373600,54444.023700,44.813800,14.422600,888.431400
2002,LVA,B06,0.000000,0.000000,0.000000,0.000000,0.000000,0.000000
2002,LVA,B0609,0.024800,0.022000,0.305300,0.000200,0.000200,0.001900
2002,LVA,F,9375.311600,7510.342000,18370.261700,107.156100,67.933100,377.906300
2002,LVA,F09,9375.286800,7510.320000,18369.956400,107.155900,67.932900,377.904400
2002,MAR,B06,1.238600,1.004800,5.980300,0.027600,0.000600,0.105000
2002,MAR,B0609,3.417800,2.827400,28.415800,0.036600,0.000900,0.159100
2002,MAR,F,29155.120900,21987.903200,66453.612300,216.346100,52.405800,1351.077200
2002,MAR,F09,29152.941700,21986.080600,66431.176800,216.337100,52.405500,1351.023100
2002,MEX,B06,5359.640100,5057.422100,47666.088000,14.357400,0.491800,38.266400
2002,MEX,B0609,8510.712700,7905.264500,52998.120200,27.196200,1.781200,88.078300
2002,MEX,F,569707.958300,465937.846100,1314963.235200,1639.232000,515.810000,8997.002800
2002,MEX,F09,566556.885700,463090.003700,1309631.203000,1626.393200,514.520600,8947.190900
2002,MLT,B06,1.756600,1.268600,2.972200,0.046700,0.011900,0.050700
2002,MLT,B0609,9.374500,6.243700,19.057000,0.226500,0.059600,0.320400
2002,MLT,F,5497.184300,3991.983300,9590.947800,74.157900,23.790400,152.564600
2002,MLT,F09,5489.566400,3987.008200,9574.863000,73.978100,23.742700,152.294900
2002,MMR,B06,278.018600,171.675100,548.130700,11.936200,3.250300,3.960700
2002,MMR,B0609,279.429200,172.620500,551.076700,11.976500,3.263100,3.980200
2002,MMR,F,7325.564100,6435.083800,14447.879400,78.780400,34.429700,39.937600
2002,MMR,F09,7324.153500,6434.138400,14444.933400,78.740100,34.416900,39.918100
2002,MYS,B06,8974.023800,7020.510900,14273.976000,123.544800,37.443000,45.494200
2002,MYS,B0609,9707.010700,7538.717700,15719.982500,133.325400,40.497800,50.262300
2002,MYS,F,160506.594000,116719.229300,255736.228300,1261.177000,455.961500,579.915500
2002,MYS,F09,159773.607100,116201.022500,254290.221800,1251.396400,452.906700,575.147400
2002,NGA,B06,3658.549000,2618.335800,11879.247200,393.380700,0.445200,71.810500
2002,NGA,B0609,3669.828300,2626.379400,11900.639800,394.253500,0.446800,72.030400
2002,NGA,F,60806.153300,55035.703200,146674.107700,769.368600,23.192700,1107.874100
2002,NGA,F09,60794.874000,55027.659600,146652.715100,768.495800,23.191100,1107.654200
2002,NLD,B06,1854.428400,1187.906300,11472.125800,18.731000,8.217200,18.482600
2002,NLD,B0609,3180.995300,2083.592500,14613.453900,20.567600,9.737500,74.682600
2002,NLD,F,427415.654000,330334.035400,852918.510900,3654.892000,1979.164200,13104.497800
2002,NLD,F09,426089.087100,329438.349200,849777.182800,3653.055400,1977.643900,13048.297800
2002,NOR,B06,3665.196600,2733.893600,37331.194100,174.107000,31.441000,56.367000
2002,NOR,B0609,5596.292000,4252.278400,40418.703400,210.396300,47.179100,144.350900
2002,NOR,F,137965.030200,110984.994600,283144.116200,6207.095300,1606.669300,5863.690700
2002,NOR,F09,136033.934800,109466.609800,280056.606900,6170.806000,1590.931200,5775.706800
2002,NZL,B06,106.143700,87.500500,273.582300,0.776200,0.669700,2.202200
2002,NZL,B0609,240.903100,201.258100,461.907900,1.481900,1.276200,4.959000
2002,NZL,F,66200.230900,57490.317900,123185.300300,188.294300,158.359400,971.648600
2002,NZL,F09,66065.471500,57376.560300,122996.974700,187.588600,157.752900,968.891800
2002,PAK,B06,712.522900,615.265900,1880.603900,13.044600,10.347100,21.710200
2002,PAK,B0609,761.257900,656.362100,1999.733700,13.727200,10.897400,23.135400
2002,PAK,F,59116.522600,54341.648500,130945.774800,576.939700,484.699000,457.726800
2002,PAK,F09,59067.787600,54300.552300,130826.645000,576.257100,484.148700,456.301600
2002,PER,B06,563.675800,508.798700,1522.233600,2.460600,1.208500,18.525600
2002,PER,B0609,853.638800,780.917100,2427.590600,3.351000,1.675500,22.477500
2002,PER,F,44519.955300,39660.474100,94908.712200,141.649600,74.926300,1212.316400
2002,PER,F09,44229.992300,39388.355700,94003.355200,140.759200,74.459300,1208.364500
2002,PHL,B06,146.844400,93.609600,507.682500,12.316300,0.022900,4.119800
2002,PHL,B0609,177.379000,114.655600,565.846700,14.182100,0.032800,4.991200
2002,PHL,F,71418.023800,54850.089000,152072.938800,1637.277900,118.286800,1040.891800
2002,PHL,F09,71387.489200,54829.043000,152014.774600,1635.412100,118.276900,1040.020400
2002,POL,B06,37.239100,28.692600,73.544900,0.257600,0.075200,1.684200
2002,POL,B0609,85.188900,61.958400,183.212600,0.632700,0.192800,6.719200
2002,POL,F,201843.833000,166449.059600,384590.746000,727.927900,231.303800,7153.642900
2002,POL,F09,201795.883200,166415.793800,384481.078300,727.552800,231.186200,7148.607900
2002,PRT,B06,0.000000,0.000000,0.000000,0.000000,0.000000,0.000000
2002,PRT,B0609,3.221200,2.678200,7.975400,0.008100,0.004900,0.195400
2002,PRT,F,127917.776600,102393.106000,250684.728900,138.905200,77.524100,4821.323200
2002,PRT,F09,127914.555400,102390.427800,250676.753500,138.897100,77.519200,4821.127800
2002,ROU,B06,398.343600,338.425600,714.958200,3.943500,0.004600,19.343200
2002,ROU,B0609,622.461800,520.843100,1123.855300,6.007200,0.010900,36.954100
2002,ROU,F,45916.125300,39045.510800,88753.619600,184.678900,33.485600,1439.902300
2002,ROU,F09,45692.007100,38863.093300,88344.722500,182.615200,33.479300,1422.291400
2002,RUS,B06,2720.677700,2582.986800,27918.404400,6.388900,1.090300,30.343400
2002,RUS,B0609,19589.323700,17719.327500,47098.245800,63.906500,12.895200,769.853600
2002,RUS,F,263615.955300,229832.394000,577868.439800,851.696200,279.471100,7294.390400
2002,RUS,F09,246747.309300,214696.053300,558688.598400,794.178600,267.666200,6554.880200
2002,SAU,B06,11625.547300,10729.206000,70990.678800,21.701500,20.113600,34.442500
2002,SAU,B0609,11736.215000,10820.302300,71276.331400,21.978000,20.356700,35.385900
2002,SAU,F,84408.804800,68753.973400,213309.121200,183.678100,158.277800,594.390800
2002,SAU,F09,84298.137100,68662.877100,213023.468600,183.401600,158.034700,593.447400
2002,SEN,B06,1.427100,1.082800,1.713000,0.185400,0.004100,0.014200
2002,SEN,B0609,4.459200,3.818400,4.989600,0.203200,0.014500,0.115600
2002,SEN,F,4434.765200,3288.754200,10865.806500,277.952400,2.595300,240.299700
2002,SEN,F09,4431.733100,3286.018600,10862.529900,277.934600,2.584900,240.198300
2002,SGP,B06,0.000000,0.000000,0.000000,0.000000,0.000000,0.000000
2002,SGP,B0609,0.000000,0.000000,0.000000,0.000000,0.000000,0.000000
2002,SGP,F,153147.276400,100659.225300,243688.368900,13639.672700,6144.910400,2820.196200
2002,SGP,F09,153147.276400,100659.225300,243688.368900,13639.672700,6144.910400,2820.196200
2002,STP,B06,0.100400,0.079700,0.209700,0.011100,0.000200,0.000600
2002,STP,B0609,0.176200,0.140700,0.329000,0.018000,0.000400,0.001100
2002,STP,F,113.235900,96.450900,193.036800,3.354000,0.181300,0.661400
2002,STP,F09,113.160100,96.389900,192.917500,3.347100,0.181100,0.660900
2002,SVK,B06,0.367200,0.211700,0.521900,0.000300,0.000300,0.067600
2002,SVK,B0609,47.992400,36.194400,78.255300,0.089800,0.048700,2.176700
2002,SVK,F,31776.592500,23007.319100,55410.937800,40.740200,20.105500,1416.587300
2002,SVK,F09,31728.967300,22971.336400,55333.204400,40.650700,20.057100,1414.478200
2002,SVN,B06,0.000000,0.000000,0.000000,0.000000,0.000000,0.000000
2002,SVN,B0609,4.345800,3.147900,4.705600,0.041900,0.031900,0.266000
2002,SVN,F,22890.943700,16115.318100,44204.197500,23.348700,12.918300,792.182900
2002,SVN,F09,22886.597900,16112.170200,44199.491900,23.306800,12.886400,791.916900
2002,SWE,B06,21.700800,8.608400,32.196200,0.277300,0.167900,0.970400
2002,SWE,B0609,67.851000,44.840000,97.443800,1.231600,0.721100,4.175600
2002,SWE,F,238824.990700,187919.062300,485931.471000,2683.900400,1684.980600,10449.010600
2002,SWE,F09,238778.840500,187882.830700,485866.223400,2682.946100,1684.427400,10445.805400
2002,THA,B06,999.167400,663.638900,3041.105200,18.481700,0.881900,30.180000
2002,THA,B0609,1047.602300,698.493600,3563.827400,19.358200,0.903500,34.137400
2002,THA,F,164085.746600,116397.590800,289218.756000,1951.152800,549.430500,5489.720200
2002,THA,F09,164037.311700,116362.736100,288696.033800,1950.276300,549.408900,5485.762800
2002,TUN,B06,314.695200,238.475900,1032.406500,8.899200,0.008700,6.238200
2002,TUN,B0609,374.010700,283.259400,1139.755200,9.454800,0.014800,7.342700
2002,TUN,F,18486.773700,13350.764200,39038.609000,262.803500,51.226000,331.336400
2002,TUN,F09,18427.458200,13305.980700,38931.260300,262.247900,51.219900,330.231900
2002,TUR,B06,199.099600,170.085700,579.726100,0.987200,0.721100,8.485200
2002,TUR,B0609,230.829800,197.875000,728.919400,1.095200,0.801400,10.077100
2002,TUR,F,229335.482100,197271.914300,451368.043700,1823.955000,1258.053900,10126.526400
2002,TUR,F09,229303.751900,197244.125000,451218.850400,1823.847000,1257.973600,10124.934500
2002,TWN,B06,86.307200,56.176600,291.165200,2.177600,1.984200,0.734300
2002,TWN,B0609,345.382400,233.107600,769.985000,7.643700,6.950800,3.623400
2002,TWN,F,325677.801800,232815.238500,625663.259200,3664.750700,3192.590700,2611.105100
2002,TWN,F09,325418.726600,232638.307500,625184.439400,3659.284600,3187.624100,2608.216000
2002,UKR,B06,952.758800,467.214600,1777.378500,13.773800,8.074400,23.130300
2002,UKR,B0609,1423.356900,766.031600,2277.766600,22.179300,12.887400,39.772300
2002,UKR,F,53055.635400,43632.387500,92843.136100,688.364600,412.830300,1253.692400
2002,UKR,F09,52585.037300,43333.570500,92342.748000,679.959100,408.017300,1237.050400
2002,USA,B06,46128.116500,38629.615800,113252.173000,478.169300,255.383600,720.491600
2002,USA,B0609,55590.392300,47593.868000,138028.675400,481.900400,258.529900,878.871300
2002,USA,F,8106575.993800,7571313.792300,18673957.358500,20826.030800,12115.332200,88296.856600
2002,USA,F09,8097113.718000,7562349.540100,18649180.856100,20822.299700,12112.185900,88138.476900
2002,VNM,B06,1994.939800,1339.341700,5401.020400,9.094000,4.126500,126.847900
2002,VNM,B0609,2075.766100,1384.422600,5552.786600,9.545300,4.331000,133.886300
2002,VNM,F,37349.841800,25251.393600,67365.251900,178.704400,107.281100,1911.091200
2002,VNM,F09,37269.015500,25206.312700,67213.485700,178.253100,107.076600,1904.052800
2002,ZAF,B06,643.873600,549.332300,754.929800,12.882600,0.006000,30.556200
2002,ZAF,B0609,897.065100,773.440200,1091.812800,16.404200,0.010000,42.309700
2002,ZAF,F,154926.601700,133816.223600,278919.995900,1125.796600,76.242400,4864.839900
2002,ZAF,F09,154673.410200,133592.115700,278583.112900,1122.275000,76.238400,4853.086400
2002,ROW,B06,65814.539700,56753.936500,196009.836800,1175.745900,269.241200,713.514000
2002,ROW,B0609,75466.281400,64892.258600,216618.383000,1383.265000,348.811600,834.719600
2002,ROW,F,893500.127900,744410.265100,1849223.001600,13342.586500,6719.322800,12047.995100
2002,ROW,F09,883848.386200,736271.943000,1828614.455400,13135.067400,6639.752400,11926.789500
2003,AGO,B06,3012.065600,1912.536100,9032.244400,73.477300,0.059300,-4.896800
2003,AGO,B0609,3041.162100,1925.028800,9974.807700,73.900600,0.060500,-4.904300
2003,AGO,F,6568.151000,4026.073900,18434.622400,75.498100,8.679200,-10.546300
2003,AGO,F09,6539.054500,4013.581200,17492.059100,75.074800,8.678000,-10.538800
2003,ARE,B06,4438.797600,3747.791300,33326.816600,85.538500,28.736500,35.187800
2003,ARE,B0609,7686.443200,6379.676000,39913.233300,132.314200,47.787600,68.322700
2003,ARE,F,96737.321600,75878.940700,192285.842200,1316.028100,597.527700,1146.799900
2003,ARE,F09,93489.676000,73247.056000,185699.425500,1269.252400,578.476600,1113.665000
2003,ARG,B06,2717.400100,2504.591200,8334.595600,12.405800,2.860400,61.306200
2003,ARG,B0609,3153.495100,2889.305400,9231.853300,14.118100,3.304000,74.240800
2003,ARG,F,104327.062300,95410.689000,223494.860800,180.762900,70.737400,2896.708700
2003,ARG,F09,103890.967300,95025.974800,222597.603100,179.050600,70.293800,2883.774100
2003,AUS,B06,2618.283100,2403.850200,10638.796600,87.550500,76.726000,51.814300
2003,AUS,B0609,3982.382700,3668.000000,14396.801700,97.745500,85.664800,74.405200
2003,AUS,F,530922.779400,484554.325500,1029322.055700,2430.537600,2165.808000,13196.143600
2003,AUS,F09,529558.679800,483290.175700,1025564.050600,2420.342600,2156.869200,13173.552700
2003,AUT,B06,206.204800,127.780600,405.413200,0.715900,0.235500,9.656600
2003,AUT,B0609,231.811000,147.765300,459.691200,0.752100,0.247400,10.879900
2003,AUT,F,215474.691300,165784.220200,455804.208000,249.254900,86.881700,5988.221700
2003,AUT,F09,215449.085100,165764.235500,455749.930000,249.218700,86.869800,5986.998400
2003,BEL,B06,0.000000,0.000000,0.000000,0.000000,0.000000,0.000000
2003,BEL,B0609,13.281900,9.534500,36.549700,0.062900,0.029000,0.552700
2003,BEL,F,338876.069800,245576.000700,633634.372900,1198.935900,376.821500,9857.347300
2003,BEL,F09,338862.787900,245566.466200,633597.823200,1198.873000,376.792500,9856.794600
2003,BGD,B06,155.624700,118.803100,673.593400,6.485900,3.989800,0.813100
2003,BGD,B0609,170.481100,131.204500,708.446800,7.253300,4.451400,1.028500
2003,BGD,F,31081.234900,27052.460300,78844.635600,868.976600,559.965100,593.849600
2003,BGD,F09,31066.378500,27040.058900,78809.782200,868.209200,559.503500,593.634200
2003,BGR,B06,9.624800,6.980600,31.722400,0.067400,0.013000,1.066000
2003,BGR,B0609,9.771000,7.092400,31.953600,0.067600,0.013100,1.073500
2003,BGR,F,23439.638400,18704.856500,43012.070300,80.687400,26.054900,1111.334700
2003,BGR,F09,23439.492200,18704.744700,43011.839100,80.687200,26.054800,1111.327200
2003,BLR,B06,46.376700,14.853900,162.753400,0.184200,0.042900,15.612100
2003,BLR,B0609,62.855900,23.476700,214.145700,0.259800,0.045400,18.930000
2003,BLR,F,18130.788100,11401.280200,35132.865600,82.052300,32.175600,1774.243600
2003,BLR,F09,18114.308900,11392.657400,35081.473300,81.976700,32.173100,1770.925700
2003,BRA,B06,6881.044400,5962.155900,14990.106500,344.721300,99.664000,744.065000
2003,BRA,B0609,7447.306600,6487.219300,16160.167200,346.385300,100.216800,780.987600
2003,BRA,F,507691.304800,467426.073200,1007797.763300,2046.405800,832.505900,29573.633800
2003,BRA,F09,507125.042600,466901.009800,1006627.702600,2044.741800,831.953100,29536.711200
2003,BRN,B06,1123.320500,936.169300,3865.913300,35.315500,34.654100,-22.044200
2003,BRN,B0609,1297.274700,1088.081300,4254.056600,38.405800,37.671600,-24.582400
2003,BRN,F,5157.903900,4709.405300,9783.918000,78.575700,76.842400,-114.139200
2003,BRN,F09,4983.949700,4557.493300,9395.774700,75.485400,73.824900,-111.601000
2003,CAN,B06,19226.698700,15710.117300,58751.332500,18.599400,13.550200,91.669700
2003,CAN,B0609,22788.327100,18394.662500,66543.263900,26.818700,19.186800,184.012300
2003,CAN,F,727783.933500,571439.979000,1533853.155500,2946.032500,750.642900,13636.284000
2003,CAN,F09,724222.305100,568755.433800,1526061.224100,2937.813200,745.006300,13543.941400
2003,CHE,B06,0.000000,0.000000,0.000000,0.000000,0.000000,0.000000
2003,CHE,B0609,104.848600,85.098000,160.640100,1.301100,0.836700,2.029500
2003,CHE,F,369187.762400,301467.613900,721392.709200,5939.254200,3878.779000,3579.175600
2003,CHE,F09,369082.913800,301382.515900,721232.069100,5937.953100,3877.942300,3577.146100
2003,CHL,B06,68.691400,57.434500,139.681800,2.244900,0.135000,2.174300
2003,CHL,B0609,157.966500,134.226400,427.976200,4.623900,0.306500,6.171500
2003,CHL,F,70910.274600,58559.210300,141870.811500,1078.603300,388.135000,2561.907500
2003,CHL,F09,70820.999500,58482.418400,141582.517100,1076.224300,387.963500,2557.910300
2003,CHN,B06,16060.617300,14257.160900,41189.692000,383.511200,245.262000,843.292000
2003,CHN,B0609,18113.794300,16090.471100,44772.958600,420.123000,269.102700,969.372900
2003,CHN,F,2408812.665300,2150287.997600,3951346.884100,21407.490700,15490.484400,78314.717700
2003,CHN,F09,2406759.488300,2148454.687400,3947763.617500,21370.878900,15466.643700,78188.636800
2003,CIV,B06,16.789100,12.157500,27.207900,0.040500,0.002700,0.241200
2003,CIV,B0609,22.978200,16.942000,35.925800,0.050700,0.004300,0.312600
2003,CIV,F,10937.377700,8788.618800,25177.968700,55.237800,15.226700,434.756900
2003,CIV,F09,10931.188600,8783.834300,25169.250800,55.227600,15.225100,434.685500
2003,CMR,B06,346.558300,192.035100,1115.983000,2.406600,1.818700,12.476600
2003,CMR,B0609,400.149900,225.541000,1257.267100,2.749400,2.087800,14.926100
2003,CMR,F,8325.609800,6874.494100,22630.273900,122.524800,90.306900,433.625000
2003,CMR,F09,8272.018200,6840.988200,22488.989800,122.182000,90.037800,431.175500
2003,COD,B06,43.228800,35.279100,236.040400,1.788900,0.123900,0.333200
2003,COD,B0609,60.755100,49.143300,284.742100,2.399900,0.202800,0.520100
2003,COD,F,4719.552900,3753.272500,13301.611800,129.930700,22.634700,72.984800
2003,COD,F09,4702.026600,3739.408300,13252.910100,129.319700,22.555800,72.797900
2003,COL,B06,1647.560100,1493.954500,5322.684300,66.130900,0.035200,30.223700
2003,COL,B0609,1675.685600,1516.886000,5380.993900,67.047000,0.036100,31.837000
2003,COL,F,77252.584800,66692.846700,159943.277100,1015.781700,51.094800,2141.992100
2003,COL,F09,77224.459300,66669.915200,159884.967500,1014.865600,51.093900,2140.378800
2003,CRI,B06,0.113800,0.073400,0.364500,0.010900,0.003800,0.009100
2003,CRI,B0609,0.152700,0.099600,0.481700,0.012700,0.004600,0.012300
2003,CRI,F,13141.218800,9296.968200,29442.886100,460.302100,187.566500,612.873400
2003,CRI,F09,13141.179900,9296.942000,29442.768900,460.300300,187.565700,612.870200
2003,CYP,B06,8.142900,7.246300,17.909300,4.953900,4.912900,0.213700
2003,CYP,B0609,8.325300,7.383000,18.209500,5.027000,4.985500,0.220700
2003,CYP,F,13183.589800,9752.241700,26363.432200,1518.759600,1497.282600,298.398400
2003,CYP,F09,13183.407400,9752.105000,26363.132000,1518.686500,1497.210000,298.391400
2003,CZE,B06,13.378300,10.780000,69.727100,0.129200,0.061100,0.820100
2003,CZE,B0609,58.750900,44.372500,151.885200,0.153500,0.068300,5.669700
2003,CZE,F,132759.871400,102925.461200,227849.012100,191.388700,81.907200,3558.666000
2003,CZE,F09,132714.498800,102891.868700,227766.854000,191.364400,81.900000,3553.816400
2003,DEU,B06,4933.895500,3675.518100,6076.349000,9.434900,5.355900,153.330600
2003,DEU,B0609,5330.211000,4010.294500,6665.885100,11.168200,6.372100,174.501000
2003,DEU,F,2128149.806600,1786234.573000,4443610.772000,5300.953600,3365.843600,58061.180900
2003,DEU,F09,2127753.491100,1785899.796600,4443021.235900,5299.220300,3364.827400,58040.010500
2003,DNK,B06,456.361700,349.592200,4713.736800,1.994600,1.719800,14.994000
2003,DNK,B0609,543.387800,416.878000,4863.823700,2.281300,1.956600,23.311900
2003,DNK,F,166850.168600,127074.885400,358077.494800,803.801400,675.294500,7872.831300
2003,DNK,F09,166763.142500,127007.599600,357927.407900,803.514700,675.057700,7864.513400
2003,EGY,B06,720.354500,569.538800,9858.820600,8.240600,2.428200,14.956000
2003,EGY,B0609,785.931300,613.758700,10108.558800,8.883000,2.663300,17.238400
2003,EGY,F,41227.655200,32644.214500,103900.746200,386.167200,200.703000,866.550700
2003,EGY,F09,41162.078400,32599.994600,103651.008000,385.524800,200.467900,864.268300
2003,ESP,B06,42.201400,34.636700,154.323900,1.011500,0.475000,2.209900
2003,ESP,B0609,112.105600,91.889500,287.436200,2.346500,1.076400,6.239200
2003,ESP,F,886411.886500,742589.053600,1730555.999900,3008.735100,1397.018600,20901.300200
2003,ESP,F09,886341.982300,742531.800800,1730422.887600,3007.400100,1396.417200,20897.270900
2003,EST,B06,61.222100,44.529800,139.289400,0.344900,0.212100,2.535200
2003,EST,B0609,96.373900,69.932200,216.239800,0.587700,0.401500,3.881400
2003,EST,F,10868.352500,7742.916300,19959.695900,132.803600,62.883700,350.094500
2003,EST,F09,10833.200700,7717.513900,19882.745500,132.560800,62.694300,348.748300
2003,FIN,B06,0.000000,0.000000,0.000000,0.000000,0.000000,0.000000
2003,FIN,B0609,1.272000,1.009500,2.514200,0.007300,0.003900,0.102200
2003,FIN,F,154423.676600,123884.843700,310460.517500,1132.926100,627.857400,6244.781500
2003,FIN,F09,154422.404600,123883.834200,310458.003300,1132.918800,627.853500,6244.679300
2003,FRA,B06,391.333600,360.960100,565.451200,0.450100,0.280300,24.763700
2003,FRA,B0609,545.979500,491.678800,743.002900,0.772500,0.483300,35.119500
2003,FRA,F,1511627.433900,1282543.426100,3229452.355800,2080.613300,1386.220700,56035.952900
2003,FRA,F09,1511472.788000,1282412.707400,3229274.804100,2080.290900,1386.017700,56025.597100
2003,GBR,B06,10922.296500,9517.378100,37068.155500,160.362600,64.033800,278.804200
2003,GBR,B0609,13605.869000,11863.748500,41519.066100,168.900800,67.785200,364.617400
2003,GBR,F,1591714.243300,1376243.581600,3467630.437200,5188.955700,2621.241600,52078.798200
2003,GBR,F09,1589030.670800,1373897.211200,3463179.526600,5180.417500,2617.490200,51992.985000
2003,GRC,B06,17.684500,14.212600,23.600400,0.502400,0.379200,0.867400
2003,GRC,B0609,30.012600,24.770200,53.800600,0.863200,0.578100,1.788600
2003,GRC,F,137604.702800,110756.857700,324688.850800,4655.160500,2650.372100,5522.421000
2003,GRC,F09,137592.374700,110746.300100,324658.650600,4654.799700,2650.173200,5521.499800
2003,HKG,B06,0.000000,0.000000,0.000000,0.000000,0.000000,0.000000
2003,HKG,B0609,102.698900,73.668400,119.208000,9.016600,3.236000,1.020600
2003,HKG,F,170178.153200,138243.311100,330416.300700,11883.371100,4664.624300,1569.225200
2003,HKG,F09,170075.454300,138169.642700,330297.092700,11874.354500,4661.388300,1568.204600
2003,HRV,B06,15.059800,10.548500,113.097500,0.258800,0.166800,3.289000
2003,HRV,B0609,218.525600,161.046800,398.434200,3.235900,2.091900,15.888400
2003,HRV,F,29872.374400,22400.014300,60566.850600,343.529800,230.255300,1367.945900
2003,HRV,F09,29668.908600,22249.516000,60281.513900,340.552700,228.330200,1355.346500
2003,HUN,B06,17.746600,10.099100,30.929000,0.013600,0.005900,1.341800
2003,HUN,B0609,30.760000,19.256300,64.292400,0.261200,0.119600,2.232100
2003,HUN,F,91101.990000,59721.553700,168449.621200,158.537800,60.956800,3989.568200
2003,HUN,F09,91088.976600,59712.396500,168416.257800,158.290200,60.843100,3988.677900
2003,IDN,B06,4010.815200,3326.083800,15827.887800,20.859400,15.959400,58.171400
2003,IDN,B0609,4891.639700,4020.230600,17884.192500,25.715300,19.815000,71.082600
2003,IDN,F,232159.026600,200464.875800,467104.931700,1270.655400,1100.656800,3307.452400
2003,IDN,F09,231278.202100,199770.729000,465048.627000,1265.799500,1096.801200,3294.541200
2003,IND,B06,5541.028800,4730.117000,12534.969200,40.785200,0.012300,329.224500
2003,IND,B0609,5825.561800,4975.773600,15631.694800,42.374500,0.013500,353.892700
2003,IND,F,526156.258100,464965.666500,1063827.900100,1664.849500,713.082600,27693.335900
2003,IND,F09,525871.725100,464720.009900,1060731.174500,1663.260200,713.081400,27668.667700
2003,IRL,B06,41.082100,19.965500,68.409000,0.030300,0.019400,1.777000
2003,IRL,B0609,98.509100,43.921100,142.343100,0.096000,0.056100,3.902800
2003,IRL,F,180852.396200,116990.354000,332800.132500,163.431900,92.823800,6037.943700
2003,IRL,F09,180794.969200,116966.398400,332726.198400,163.366200,92.787100,6035.817900
2003,ISL,B06,0.194200,0.148100,0.652000,0.003900,0.002300,0.014400
2003,ISL,B0609,0.209800,0.160500,0.705100,0.004000,0.002400,0.015900
2003,ISL,F,9597.645300,7538.181900,20001.751700,295.765800,168.032800,381.660500
2003,ISL,F09,9597.629700,7538.169500,20001.698600,295.765700,168.032700,381.659000
2003,ISR,B06,65.773300,39.681700,230.679300,1.697600,0.696400,8.080700
2003,ISR,B0609,93.315200,59.690000,296.466000,2.164600,0.882500,9.992800
2003,ISR,F,83438.236800,62463.620900,204963.238000,965.620500,451.749500,4163.287200
2003,ISR,F09,83410.694900,62443.612600,204897.451300,965.153500,451.563400,4161.375100
2003,ITA,B06,4645.214200,3713.090100,9162.646600,15.725700,14.224300,160.477900
2003,ITA,B0609,4669.769900,3734.099100,9424.295200,16.290200,14.353700,162.059900
2003,ITA,F,1564071.300200,1353786.945500,3036289.288800,9696.563700,4798.536900,49640.598400
2003,ITA,F09,1564046.744500,1353765.936500,3036027.640200,9695.999200,4798.407500,49639.016400
2003,JOR,B06,29.907100,16.545000,86.645100,0.710700,0.001600,0.473100
2003,JOR,B0609,53.345200,31.324100,154.406900,1.295600,0.005400,1.119900
2003,JOR,F,8772.796800,5284.176300,18105.657400,90.119200,10.885900,211.453700
2003,JOR,F09,8749.358700,5269.397200,18037.895600,89.534300,10.882100,210.806900
2003,JPN,B06,328.479000,313.213300,841.466100,0.689000,0.664700,10.547900
2003,JPN,B0609,1549.341000,1434.169200,3085.456000,6.193600,1.781500,103.314000
2003,JPN,F,3418311.150100,3168892.272100,7774055.824800,24920.535700,13322.546500,117239.710100
2003,JPN,F09,3417090.288100,3167771.316200,7771811.834900,24915.031100,13321.429700,117146.944000
2003,KAZ,B06,6622.263300,5426.668800,11614.842900,55.214900,8.674300,252.099500
2003,KAZ,B0609,6937.629300,5647.972800,12173.375200,55.450200,8.812200,271.226400
2003,KAZ,F,22869.310900,18051.006800,48097.328300,189.447700,33.184700,750.167100
2003,KAZ,F09,22553.944900,17829.702800,47538.796000,189.212400,33.046800,731.040200
2003,KHM,B06,0.000000,0.000000,0.000000,0.000000,0.000000,0.000000
2003,KHM,B0609,5.597400,4.345300,11.632500,0.103300,0.000600,0.078400
2003,KHM,F,3376.557900,2051.563300,7937.820000,61.963700,5.363200,83.496800
2003,KHM,F09,3370.960500,2047.218000,7926.187500,61.860400,5.362600,83.418400
2003,KOR,B06,46.931200,24.331700,140.740800,5.574900,3.888400,1.406100
2003,KOR,B0609,50.297000,26.911600,153.708000,5.886100,4.102900,1.611800
2003,KOR,F,767030.867300,616149.812600,1426530.699900,20224.564600,14548.244700,27519.960400
2003,KOR,F09,767027.501500,616147.232700,1426517.732700,20224.253400,14548.030200,27519.754700
2003,LAO,B06,1.742500,1.203300,19.692900,0.012200,0.004000,0.048800
2003,LAO,B0609,6.317400,4.940200,38.465100,0.024700,0.008700,0.124000
2003,LAO,F,1097.934200,818.374800,3126.303900,3.329200,1.244000,32.079800
2003,LAO,F09,1093.359300,814.637900,3107.531700,3.316700,1.239300,32.004600
2003,LTU,B06,36.302100,26.206200,72.614700,0.121200,0.032500,1.308500
2003,LTU,B0609,38.036500,27.249200,91.957800,0.129600,0.036000,1.500900
2003,LTU,F,13521.532200,9078.659100,31199.614600,126.451700,40.800300,883.805400
2003,LTU,F09,13519.797800,9077.616100,31180.271500,126.443300,40.796800,883.613000
2003,LUX,B06,0.000000,0.000000,0.000000,0.000000,0.000000,0.000000
2003,LUX,B0609,0.000000,0.000000,0.000000,0.000000,0.000000,0.000000
2003,LUX,F,40842.635000,18855.413900,68491.092100,48.511700,19.797100,1081.837500
2003,LUX,F09,40842.635000,18855.413900,68491.092100,48.511700,19.797100,1081.837500
2003,LVA,B06,0.000000,0.000000,0.000000,0.000000,0.000000,0.000000
2003,LVA,B0609,0.030700,0.026700,0.373900,0.000200,0.000100,0.002500
2003,LVA,F,11985.022200,9648.609900,23027.061700,132.292600,76.792400,484.642800
2003,LVA,F09,11984.991500,9648.583200,23026.687800,132.292400,76.792300,484.640300
2003,MAR,B06,1.352300,1.053900,7.214300,0.034900,0.000800,0.127000
2003,MAR,B0609,4.053900,3.319200,35.060000,0.049000,0.001300,0.199800
2003,MAR,F,34170.649800,26153.631500,80392.151100,262.238200,60.242600,1527.815000
2003,MAR,F09,34167.948200,26151.366200,80364.305400,262.224100,60.242100,1527.742200
2003,MEX,B06,4473.211900,3974.813300,34187.942500,18.656700,0.069200,26.104800
2003,MEX,B0609,7720.391900,6928.655600,39700.634500,27.045300,7.957800,39.448600
2003,MEX,F,551604.592200,443880.308300,1269706.415800,1719.054800,506.761700,11411.478600
2003,MEX,F09,548357.412200,440926.466000,1264193.723800,1710.666200,498.873100,11398.134800
2003,MLT,B06,2.170500,1.600100,3.656500,0.058200,0.015700,0.065200
2003,MLT,B0609,11.649100,7.869700,23.093200,0.255200,0.072800,0.424300
2003,MLT,F,6767.910300,4915.049100,11768.813500,75.143400,26.694500,182.520800
2003,MLT,F09,6758.431700,4908.779500,11749.376800,74.946400,26.637400,182.161700
2003,MMR,B06,250.239500,173.794700,493.483700,16.956800,7.328100,3.048200
2003,MMR,B0609,251.722000,174.893400,496.585400,17.015600,7.355000,3.065900
2003,MMR,F,7776.982800,7082.572600,15321.552300,84.510600,48.445400,34.861800
2003,MMR,F09,7775.500300,7081.473900,15318.450600,84.451800,48.418500,34.844100
2003,MYS,B06,9810.827100,7682.929200,15606.007500,157.629200,62.042400,51.328700
2003,MYS,B0609,10615.957900,8252.759600,17192.341400,168.068100,66.220900,56.733800
2003,MYS,F,175317.432700,126881.408000,279456.799300,1291.366800,565.173900,709.565600
2003,MYS,F09,174512.301900,126311.577600,277870.465400,1280.927900,560.995400,704.160500
2003,NGA,B06,5103.059800,2986.716400,17023.668000,886.938700,1.230900,135.611100
2003,NGA,B0609,5116.925900,2996.836200,17049.717900,887.595500,1.232000,135.875400
2003,NGA,F,65819.610400,57982.529200,157376.313900,566.523700,27.431400,1140.966000
2003,NGA,F09,65805.744300,57972.409400,157350.264000,565.866900,27.430300,1140.701700
2003,NLD,B06,2344.781900,1385.588200,14400.686300,17.136700,6.234100,19.413100
2003,NLD,B0609,3976.328100,2427.728600,18320.248900,20.009800,8.667100,93.055500
2003,NLD,F,515153.574900,386059.402200,1037368.207600,4258.692200,2195.215400,16645.369800
2003,NLD,F09,513522.028700,385017.261800,1033448.645000,4255.819100,2192.782400,16571.727400
2003,NOR,B06,4304.772900,3220.970100,43822.183800,112.628400,36.017700,68.706800
2003,NOR,B0609,6516.986400,4929.978500,47424.974500,156.296500,59.554700,168.111000
2003,NOR,F,158885.374100,128270.859200,329299.024700,6907.887000,2352.778000,6524.543300
2003,NOR,F09,156673.160600,126561.850800,325696.234000,6864.218900,2329.241000,6425.139100
2003,NZL,B06,136.953400,112.731700,319.936600,1.127300,0.989000,2.895500
2003,NZL,B0609,298.374700,249.334800,540.171000,1.995700,1.744200,6.336500
2003,NZL,F,83543.201900,73208.360900,157592.295900,228.430300,193.937200,1245.991800
2003,NZL,F09,83381.780600,73071.757800,157372.061500,227.561900,193.182000,1242.550800
2003,PAK,B06,1006.190700,833.199300,2662.240300,14.824200,10.868800,28.911100
2003,PAK,B0609,1063.526200,881.637000,2802.740400,15.499300,11.376300,30.836800
2003,PAK,F,65384.804500,59498.403800,145055.068100,558.271400,449.658300,577.434000
2003,PAK,F09,65327.469000,59449.966100,144914.568000,557.596300,449.150800,575.508300
2003,PER,B06,601.738300,537.288600,1626.606400,2.723100,1.399900,20.466700
2003,PER,B0609,910.404200,821.938800,2594.039700,3.799500,1.986900,25.925500
2003,PER,F,47513.282600,42063.802100,101415.287700,135.848400,75.339500,1354.186000
2003,PER,F09,47204.616700,41779.151900,100447.854400,134.772000,74.752500,1348.727200
2003,PHL,B06,140.847100,81.865800,514.797300,14.187500,0.021700,3.809300
2003,PHL,B0609,173.104700,103.146900,575.783400,16.359300,0.032900,4.771700
2003,PHL,F,76133.766000,57458.834200,159505.189500,1820.744900,122.713400,1120.356100
2003,PHL,F09,76101.508400,57437.553100,159444.203400,1818.573100,122.702200,1119.393700
2003,POL,B06,37.504100,28.355300,75.302900,0.253000,0.068500,1.652100
2003,POL,B0609,86.624300,61.909900,188.532800,0.652200,0.183200,6.328600
2003,POL,F,224684.160700,180564.817100,424585.059900,838.884300,248.765900,8004.924200
2003,POL,F09,224635.040500,180531.262500,424471.830000,838.485100,248.651200,8000.247700
2003,PRT,B06,0.000000,0.000000,0.000000,0.000000,0.000000,0.000000
2003,PRT,B0609,3.686400,3.065300,8.953700,0.007200,0.004200,0.225300
2003,PRT,F,153377.611800,123638.465400,303856.651600,149.161400,84.226700,5990.676800
2003,PRT,F09,153373.925400,123635.400100,303847.697900,149.154200,84.222500,5990.451500
2003,ROU,B06,301.830300,248.581200,550.621300,0.402300,0.282200,23.826300
2003,ROU,B0609,520.352900,427.685300,929.814200,3.273700,0.298800,37.904400
2003,ROU,F,59245.646500,49797.668600,112787.760400,264.504600,42.820400,2179.911000
2003,ROU,F09,59027.123900,49618.564500,112408.567500,261.633200,42.803800,2165.832900
2003,RUS,B06,3376.431200,3194.992500,34625.531100,7.677800,2.563100,37.560400
2003,RUS,B0609,24553.285900,22189.836700,58654.389200,74.854700,27.088800,940.431300
2003,RUS,F,333324.400500,291251.170000,723652.539800,934.442400,423.504900,9651.605400
2003,RUS,F09,312147.545800,272256.325800,699623.681700,867.265500,398.979200,8748.734500
2003,SAU,B06,9899.168700,8174.324600,81492.208700,118.070300,109.792000,62.013300
2003,SAU,B0609,10033.385200,8280.942300,81819.719600,118.259100,109.933800,63.232700
2003,SAU,F,99460.833700,80779.909800,242236.869400,125.290300,99.000900,655.521600
2003,SAU,F09,99326.617200,80673.292100,241909.358500,125.101500,98.859100,654.302200
2003,SEN,B06,1.910900,1.537400,2.649200,0.206700,0.000400,0.015300
2003,SEN,B0609,6.482900,5.740800,7.716500,0.216200,0.002000,0.130600
2003,SEN,F,5710.823500,4377.462400,13865.160700,281.761600,2.046800,237.583900
2003,SEN,F09,5706.251500,4373.259000,13860.093400,281.752100,2.045200,237.468600
2003,SGP,B06,0.000000,0.000000,0.000000,0.000000,0.000000,0.000000
2003,SGP,B0609,0.000000,0.000000,0.000000,0.000000,0.000000,0.000000
2003,SGP,F,161448.952700,103562.681800,257003.450700,14909.928500,5724.665600,2847.310700
2003,SGP,F09,161448.952700,103562.681800,257003.450700,14909.928500,5724.665600,2847.310700
2003,STP,B06,0.135100,0.104700,0.266500,0.015500,0.000200,0.000400
2003,STP,B0609,0.223500,0.175500,0.408600,0.023200,0.000400,0.000600
2003,STP,F,130.730400,112.135600,225.981500,3.551100,0.202100,0.366400
2003,STP,F09,130.642000,112.064800,225.839400,3.543400,0.201900,0.366200
2003,SVK,B06,0.529700,0.348400,0.712300,0.000400,0.000300,0.065300
2003,SVK,B0609,56.655800,42.889100,106.797600,0.125600,0.063100,2.490500
2003,SVK,F,43206.146100,30748.341900,75678.107000,68.076600,32.636300,1918.863200
2003,SVK,F09,43150.020000,30705.801200,75572.021700,67.951400,32.573500,1916.438000
2003,SVN,B06,0.000000,0.000000,0.000000,0.000000,0.000000,0.000000
2003,SVN,B0609,5.405600,3.866300,5.838200,0.068800,0.061200,0.311100
2003,SVN,F,28528.609300,20202.702000,55399.102000,26.232800,14.813900,907.315200
2003,SVN,F09,28523.203700,20198.835700,55393.263800,26.164000,14.752700,907.004100
2003,SWE,B06,25.974000,15.799300,39.744600,0.297600,0.187300,1.870100
2003,SWE,B0609,87.947000,63.751900,129.080300,1.712700,0.992600,5.970100
2003,SWE,F,293557.245700,232872.411500,603190.977500,3544.960300,2199.984000,13067.992900
2003,SWE,F09,293495.272700,232824.458900,603101.641800,3543.545200,2199.178700,13063.892900
2003,THA,B06,1176.721100,751.582700,3638.359900,25.779400,0.763200,33.297600
2003,THA,B0609,1228.902600,788.635000,4201.341900,26.813500,0.776000,37.561100
2003,THA,F,192943.876000,137015.889100,334670.370600,2407.877900,646.052600,6213.108300
2003,THA,F09,192891.694500,136978.836800,334107.388600,2406.843800,646.039800,6208.844800
2003,TUN,B06,297.285600,226.390600,1038.920300,7.185800,0.009200,4.923600
2003,TUN,B0609,353.025100,268.172200,1151.253400,7.681300,0.032000,6.075500
2003,TUN,F,21539.690100,15713.247800,46038.981100,284.902400,59.450300,308.687200
2003,TUN,F09,21483.950600,15671.466200,45926.648000,284.406900,59.427500,307.535300
2003,TUR,B06,241.891700,196.493500,749.094700,5.140900,2.310700,18.611500
2003,TUR,B0609,279.794600,227.965600,941.875200,5.726200,2.608100,21.364900
2003,TUR,F,297175.360100,254780.175700,586505.927500,2682.734100,1808.566900,13820.185400
2003,TUR,F09,297137.457200,254748.703600,586313.147000,2682.148800,1808.269500,13817.432000
2003,TWN,B06,96.980500,63.605500,310.089600,3.070100,2.831200,0.623100
2003,TWN,B0609,378.786100,255.311200,820.030500,9.540100,8.765000,3.023900
2003,TWN,F,355083.415700,250674.173100,667002.112500,4177.955300,3659.841100,2230.523600
2003,TWN,F09,354801.610100,250482.467400,666492.171600,4171.485300,3653.907300,2228.122800
2003,UKR,B06,1071.211800,894.877700,2070.410100,45.674000,31.555900,40.587900
2003,UKR,B0609,1671.485400,1394.778300,2704.526600,59.796600,41.463700,58.707200
2003,UKR,F,67364.414600,55218.438400,114947.407100,818.671100,608.552400,1617.740500
2003,UKR,F09,66764.141000,54718.537800,114313.290600,804.548500,598.644600,1599.621200
2003,USA,B06,72002.479000,55351.951700,161259.586900,817.395200,411.895000,1123.726100
2003,USA,B0609,84410.736400,66880.145900,190736.541200,826.025300,419.327100,1396.174200
2003,USA,F,8505545.371000,7855119.865900,19571723.801000,26540.810700,14308.418000,102897.872000
2003,USA,F09,8493137.113600,7843591.671700,19542246.846700,26532.180600,14300.985900,102625.423900
2003,VNM,B06,2205.963900,1392.770800,6090.979100,10.797000,4.654100,133.897300
2003,VNM,B0609,2311.089900,1447.777100,6276.059600,11.379200,4.915300,142.507300
2003,VNM,F,44214.936800,29132.692600,77946.483100,206.635600,125.022900,2072.459400
2003,VNM,F09,44109.810800,29077.686300,77761.402600,206.053400,124.761700,2063.849400
2003,ZAF,B06,965.856900,837.748600,1135.026600,20.367500,0.007100,46.625400
2003,ZAF,B0609,1344.407400,1178.540300,1641.525500,25.177300,0.011900,65.061000
2003,ZAF,F,231259.296100,204530.832100,420191.073300,1524.613300,123.499700,7382.977700
2003,ZAF,F09,230880.745600,204190.040400,419684.574400,1519.803500,123.494900,7364.542100
2003,ROW,B06,72461.631500,59315.914300,223307.149000,1661.104500,344.085000,201.389600
2003,ROW,B0609,85567.596200,70229.100800,248793.443200,1928.278300,456.538600,360.901500
2003,ROW,F,973060.103500,800347.815100,2004839.808800,13867.791800,6908.542500,12431.768900
2003,ROW,F09,959954.138800,789434.628600,1979353.514600,13600.618000,6796.088900,12272.257000
2004,AGO,B06,2274.712600,1272.236600,10997.705400,62.075400,0.038400,0.037500
2004,AGO,B0609,2578.514100,1404.009200,12370.572300,67.505500,0.052200,0.204600
2004,AGO,F,9787.119200,5445.523700,25428.945600,144.606300,14.246400,-18.716000
2004,AGO,F09,9483.317700,5313.751100,24056.078700,139.176200,14.232600,-18.883100
2004,ARE,B06,5598.435800,4530.514100,40551.151600,101.569300,29.283800,48.739800
2004,ARE,B0609,8977.046800,7055.069500,48015.676000,147.431500,47.584700,87.900900
2004,ARE,F,108545.194800,80693.160300,221606.277200,1462.759900,610.130000,1416.009600
2004,ARE,F09,105166.583800,78168.604900,214141.752800,1416.897700,591.829100,1376.848500
2004,ARG,B06,3692.156100,3423.789500,10375.517900,83.354800,0.010500,152.144000
2004,ARG,B0609,4238.330700,3892.013800,11492.490400,83.742200,0.334400,196.029200
2004,ARG,F,133882.343600,120254.170700,275134.072000,153.390900,75.318300,6699.695600
2004,ARG,F09,133336.169000,119785.946400,274017.099500,153.003500,74.994400,6655.810400
2004,AUS,B06,2637.479600,2435.451200,14239.995200,143.557400,130.479800,56.250300
2004,AUS,B0609,5272.944600,4880.866100,20019.011100,158.265500,143.748400,103.990700
2004,AUS,F,648002.504600,591500.411400,1254448.306800,2801.568600,2545.600900,15561.474700
2004,AUS,F09,645367.039600,589054.996500,1248669.290900,2786.860500,2532.332300,15513.734300
2004,AUT,B06,156.009600,106.337400,742.366000,2.384100,0.002900,5.365600
2004,AUT,B0609,186.051000,128.871600,805.301500,2.644500,0.004600,6.920100
2004,AUT,F,253193.598200,192391.316300,529327.191600,776.486900,68.628800,7760.696100
2004,AUT,F09,253163.556800,192368.782100,529264.256100,776.226500,68.627100,7759.141600
2004,BEL,B06,0.000000,0.000000,0.000000,0.000000,0.000000,0.000000
2004,BEL,B0609,17.841900,12.818400,40.346400,0.118800,0.077000,0.780100
2004,BEL,F,399897.341000,287865.626400,741520.321900,1955.400500,1050.637000,12180.960100
2004,BEL,F09,399879.499100,287852.808000,741479.975500,1955.281700,1050.560000,12180.180000
2004,BGD,B06,185.201500,151.684900,746.885100,10.450800,6.166700,1.208600
2004,BGD,B0609,200.861200,164.937200,784.203100,11.306800,6.673200,1.431800
2004,BGD,F,33981.634200,29661.626500,85739.634600,980.770000,623.426200,553.489400
2004,BGD,F09,33965.974500,29648.374200,85702.316600,979.914000,622.919700,553.266200
2004,BGR,B06,11.015700,7.648300,42.115000,0.115600,0.016900,1.176000
2004,BGR,B0609,11.212300,7.795800,42.414700,0.116100,0.017100,1.186000
2004,BGR,F,31630.116300,24610.186900,55523.312200,121.226400,35.414600,1487.329900
2004,BGR,F09,31629.919700,24610.039400,55523.012500,121.225900,35.414400,1487.319900
2004,BLR,B06,69.300300,16.629600,237.739100,0.453500,0.130000,20.694500
2004,BLR,B0609,94.691700,28.456900,309.676600,0.600500,0.145900,25.528900
2004,BLR,F,24229.768700,14700.876600,46572.179500,127.990000,46.257000,2249.001100
2004,BLR,F09,24204.377300,14689.049300,46500.242000,127.843000,46.241100,2244.166700
2004,BRA,B06,8369.512700,7310.931100,18502.295200,398.015200,120.512700,900.214700
2004,BRA,B0609,9088.190800,7976.312400,19944.638100,399.988300,121.207400,949.414600
2004,BRA,F,615371.205400,564824.802200,1212201.878400,2320.643000,1013.035400,37886.909800
2004,BRA,F09,614652.527300,564159.420900,1210759.535500,2318.669900,1012.340700,37837.709900
2004,BRN,B06,1338.720200,1126.441000,4629.915400,44.621200,43.835200,-19.646000
2004,BRN,B0609,1521.412200,1281.976000,5069.901400,48.015100,47.144300,-21.893800
2004,BRN,F,6137.204300,5600.913600,11711.506800,90.597600,88.611200,-96.136300
2004,BRN,F09,5954.512300,5445.378600,11271.520800,87.203700,85.302100,-93.888500
2004,CAN,B06,21903.415900,17878.300100,71918.865200,21.869300,15.382300,164.610600
2004,CAN,B0609,26356.493400,21341.585400,81798.663600,31.268800,21.403700,290.229000
2004,CAN,F,842288.728200,664070.573300,1762520.042500,3615.197700,835.525300,15843.539400
2004,CAN,F09,837835.650700,660607.288000,1752640.244100,3605.798200,829.503900,15717.921000
2004,CHE,B06,0.000000,0.000000,0.000000,0.000000,0.000000,0.000000
2004,CHE,B0609,122.999500,99.224200,185.507100,1.422700,0.910200,2.528200
2004,CHE,F,421212.160300,340401.576600,814122.254300,6778.504200,4432.579700,4385.624600
2004,CHE,F09,421089.160800,340302.352400,813936.747200,6777.081500,4431.669500,4383.096400
2004,CHL,B06,87.734600,66.542600,183.020400,2.210500,0.672200,4.050400
2004,CHL,B0609,202.027200,162.426600,561.191200,3.728300,1.200000,9.365600
2004,CHL,F,91489.599200,75069.227500,184149.328400,1532.748400,604.176700,3424.425300
2004,CHL,F09,91375.306600,74973.343500,183771.157600,1531.230600,603.648900,3419.110100
2004,CHN,B06,17017.031800,14805.220300,50763.845000,381.209000,191.283600,828.547900
2004,CHN,B0609,19392.345000,16907.690800,55180.007900,416.194000,209.751100,966.333300
2004,CHN,F,3051887.974000,2697922.854600,4867215.440800,25720.946200,16523.457900,93248.424600
2004,CHN,F09,3049512.660800,2695820.384100,4862799.277900,25685.961200,16504.990400,93110.639200
2004,CIV,B06,18.564200,12.892100,29.037700,0.047400,0.003000,0.348600
2004,CIV,B0609,25.395700,18.038600,38.345200,0.058900,0.004800,0.431300
2004,CIV,F,11688.197600,8977.818800,26934.182200,62.695400,17.633600,539.555900
2004,CIV,F09,11681.366100,8972.672300,26924.874700,62.683900,17.631800,539.473200
2004,CMR,B06,265.550200,152.672100,876.913700,2.089300,1.708900,7.987500
2004,CMR,B0609,312.881300,181.291400,1009.396300,2.373100,1.940700,9.727500
2004,CMR,F,9392.181900,7619.293400,26744.345200,127.267800,101.562200,412.576500
2004,CMR,F09,9344.850800,7590.674100,26611.862600,126.984000,101.330400,410.836500
2004,COD,B06,53.552300,43.763500,278.957500,2.225200,0.171700,0.628600
2004,COD,B0609,72.790100,59.366600,333.808200,2.778000,0.276600,0.911800
2004,COD,F,5363.588400,4392.421300,15151.654500,136.890400,28.963500,91.870500
2004,COD,F09,5344.350600,4376.818200,15096.803800,136.337600,28.858600,91.587300
2004,COL,B06,2008.278500,1835.037000,6569.541200,87.275600,0.043400,38.094900
2004,COL,B0609,2042.730200,1863.472200,6641.501600,88.235800,0.044400,40.150200
2004,COL,F,94616.755600,82332.072100,197265.340100,1062.826600,59.900400,2788.095000
2004,COL,F09,94582.303900,82303.636900,197193.379700,1061.866400,59.899400,2786.039700
2004,CRI,B06,0.124300,0.080900,0.396400,0.012500,0.004300,0.010200
2004,CRI,B0609,0.166400,0.109800,0.523800,0.014300,0.005100,0.013600
2004,CRI,F,14256.528300,10034.674100,31844.682100,497.012300,200.842100,678.193000
2004,CRI,F09,14256.486200,10034.645200,31844.554700,497.010500,200.841300,678.189600
2004,CYP,B06,9.209200,8.221100,20.760800,5.856700,5.803200,0.171500
2004,CYP,B0609,9.406500,8.367600,21.108800,5.932900,5.878800,0.181200
2004,CYP,F,15033.737100,11272.767700,30670.238700,1567.333700,1542.305900,422.160900
2004,CYP,F09,15033.539800,11272.621200,30669.890700,1567.257500,1542.230300,422.151200
2004,CZE,B06,11.728400,9.644200,81.266900,0.148400,0.065200,0.557800
2004,CZE,B0609,68.495100,50.709600,185.323500,0.186800,0.076400,5.050800
2004,CZE,F,161853.660700,121598.657600,274856.051600,244.406600,96.525300,4437.721800
2004,CZE,F09,161796.894000,121557.592200,274751.995000,244.368200,96.514100,4433.228800
2004,DEU,B06,3242.377600,2524.563600,4432.813800,9.921200,5.963900,107.493300
2004,DEU,B0609,3636.749100,2857.309900,5049.647700,11.830400,7.131700,127.692100
2004,DEU,F,2439090.887500,2030642.133100,5051413.400100,7348.363500,4811.165900,63812.096600
2004,DEU,F09,2438696.516000,2030309.386800,5050796.566200,7346.454300,4809.998100,63791.897800
2004,DNK,B06,651.806700,468.210500,6710.221900,3.312300,2.770200,19.174400
2004,DNK,B0609,726.863000,525.597700,6867.518200,3.594800,3.006400,26.277600
2004,DNK,F,191148.643400,144131.792700,409797.583000,1033.618400,876.333700,9146.273500
2004,DNK,F09,191073.587100,144074.405500,409640.286700,1033.335900,876.097500,9139.170300
2004,EGY,B06,842.776800,609.710900,10956.889700,9.546100,2.215000,15.402900
2004,EGY,B0609,917.223600,654.979500,11234.659800,10.161800,2.437700,17.410500
2004,EGY,F,46490.994200,34324.687700,115874.824200,421.125600,194.190400,853.786800
2004,EGY,F09,46416.547400,34279.419100,115597.054100,420.509900,193.967700,851.779200
2004,ESP,B06,61.444100,51.046100,227.192700,1.026000,0.470800,3.423900
2004,ESP,B0609,142.646700,117.955300,382.157600,2.085900,0.957100,8.389500
2004,ESP,F,1066272.699900,890343.737200,2056865.410900,3243.932200,1541.766300,26264.357800
2004,ESP,F09,1066191.497300,890276.828000,2056710.446000,3242.872300,1541.280000,26259.392200
2004,EST,B06,61.688500,43.993300,148.726900,0.316500,0.198600,2.848100
2004,EST,B0609,98.862600,70.254400,232.284700,0.541200,0.379500,4.239100
2004,EST,F,13607.961200,9556.608400,24722.459800,136.366000,72.966700,434.726500
2004,EST,F09,13570.787100,9530.347300,24638.902000,136.141300,72.785800,433.335500
2004,FIN,B06,0.000000,0.000000,0.000000,0.000000,0.000000,0.000000
2004,FIN,B0609,1.502400,1.185100,2.865500,0.007700,0.003700,0.110800
2004,FIN,F,181144.789300,143157.050900,361341.025800,1355.377300,629.988100,7252.446200
2004,FIN,F09,181143.286900,143155.865800,361338.160300,1355.369600,629.984400,7252.335400
2004,FRA,B06,412.634100,380.637500,560.422200,0.482700,0.353400,21.295300
2004,FRA,B0609,601.367600,539.963900,767.155700,0.905300,0.657300,34.275000
2004,FRA,F,1748384.472800,1476984.663700,3721250.780800,2681.520400,1916.163900,66476.729700
2004,FRA,F09,1748195.739300,1476825.337300,3721044.047300,2681.097800,1915.860000,66463.750000
2004,GBR,B06,11640.668600,10176.161900,43241.112600,191.516200,87.538800,297.369600
2004,GBR,B0609,14481.182600,12649.918100,48466.902400,218.314100,99.914100,408.327600
2004,GBR,F,1903701.328000,1643761.183700,4114622.280300,7382.148900,4027.677300,64529.534400
2004,GBR,F09,1900860.814000,1641287.427500,4109396.490500,7355.351000,4015.302000,64418.576400
2004,GRC,B06,21.400400,16.029800,28.528800,0.613800,0.445400,1.276400
2004,GRC,B0609,36.095600,28.553000,64.614200,1.037700,0.691700,2.369400
2004,GRC,F,164294.027700,131465.161300,387819.371900,6354.234800,3735.269300,6130.309700
2004,GRC,F09,164279.332500,131452.638100,387783.286500,6353.810900,3735.023000,6129.216700
2004,HKG,B06,0.000000,0.000000,0.000000,0.000000,0.000000,0.000000
2004,HKG,B0609,110.704800,78.158300,127.778200,10.293300,3.714400,0.985500
2004,HKG,F,185664.772800,148607.260200,353326.087800,14841.489500,5771.697400,1601.163100
2004,HKG,F09,185554.068000,148529.101900,353198.309600,14831.196200,5767.983000,1600.177600
2004,HRV,B06,20.241900,16.249800,135.647500,0.650400,0.413400,1.854300
2004,HRV,B0609,312.156400,238.563700,566.835700,12.807900,8.148700,21.828400
2004,HRV,F,35827.519300,27058.576900,72520.592300,414.969100,279.516400,1610.641600
2004,HRV,F09,35535.604800,26836.263000,72089.404100,402.811600,271.781100,1590.667500
2004,HUN,B06,24.029300,13.901600,39.094500,0.019200,0.006900,1.730400
2004,HUN,B0609,39.809700,25.027500,77.922200,0.389100,0.184700,2.843900
2004,HUN,F,110461.562400,69892.076200,204186.271100,191.652700,71.237200,4522.217100
2004,HUN,F09,110445.782000,69880.950300,204147.443400,191.282800,71.059400,4521.103600
2004,IDN,B06,4258.289300,3356.506200,17198.272100,21.894200,15.731100,70.959200
2004,IDN,B0609,5200.720500,4057.458200,19430.132000,26.787700,19.451800,88.064300
2004,IDN,F,252797.655400,208962.440700,510210.204500,1350.851700,1138.156000,4009.273300
2004,IDN,F09,251855.224200,208261.488700,507978.344600,1345.958200,1134.435300,3992.168200
2004,IND,B06,6608.377000,5413.476000,14987.192500,99.536800,0.012100,306.345100
2004,IND,B0609,6946.872800,5701.273100,18599.923300,102.914800,0.013300,328.795200
2004,IND,F,634503.405500,548361.228900,1270694.693900,2837.837800,803.047300,27154.179900
2004,IND,F09,634164.909700,548073.431800,1267081.963100,2834.459800,803.046100,27131.729800
2004,IRL,B06,48.517100,26.303400,80.830600,0.070800,0.046800,2.367000
2004,IRL,B0609,102.233200,45.891400,146.359700,0.159200,0.098300,4.261100
2004,IRL,F,213828.930600,135795.336700,392310.699300,244.981200,143.122900,7562.916400
2004,IRL,F09,213775.214500,135775.748700,392245.170200,244.892800,143.071400,7561.022300
2004,ISL,B06,0.251200,0.184500,0.791700,0.018500,0.010400,0.015700
2004,ISL,B0609,0.272700,0.202100,0.858200,0.019300,0.011000,0.017300
2004,ISL,F,11977.368600,9310.432000,24476.322900,387.003500,236.404300,519.101700
2004,ISL,F09,11977.347100,9310.414400,24476.256400,387.002700,236.403700,519.100100
2004,ISR,B06,80.661600,44.071100,252.136200,2.019900,0.737600,6.116000
2004,ISR,B0609,108.874400,63.626400,321.167100,2.452100,0.903600,7.816700
2004,ISR,F,93094.331600,67398.916500,222135.610700,1035.785500,452.456500,3891.576200
2004,ISR,F09,93066.118800,67379.361200,222066.579800,1035.353300,452.290500,3889.875500
2004,ITA,B06,5165.287500,3846.964600,10181.374000,440.997600,40.910400,173.983800
2004,ITA,B0609,5191.131500,3867.287600,10455.943500,443.683500,41.141900,175.562900
2004,ITA,F,1799009.306900,1547376.378300,3483398.478300,10869.032700,5105.208500,59355.216200
2004,ITA,F09,1798983.462900,1547356.055300,3483123.908800,10866.346800,5104.977000,59353.637100
2004,JOR,B06,41.334800,20.038800,105.815900,0.716700,0.001600,0.435500
2004,JOR,B0609,73.161800,39.228800,188.026700,1.294100,0.005500,1.108300
2004,JOR,F,11290.360500,6520.993700,21860.994600,98.438300,13.871700,176.239400
2004,JOR,F09,11258.533500,6501.803700,21778.783800,97.860900,13.867800,175.566600
2004,JPN,B06,350.736000,340.109600,905.128100,0.652300,0.628500,11.633700
2004,JPN,B0609,1506.595800,1394.093800,2903.323100,5.883100,1.474200,104.271600
2004,JPN,F,3772574.709300,3473325.615800,8491160.520000,29404.149100,14863.410300,127009.751600
2004,JPN,F09,3771418.849500,3472271.631600,8489162.325000,29398.918300,14862.564600,126917.113700
2004,KAZ,B06,9644.969200,7104.506100,16652.003200,108.960100,19.071300,284.172100
2004,KAZ,B0609,10103.048100,7415.470900,17452.761500,109.366800,19.283500,309.128400
2004,KAZ,F,33687.175500,26613.261300,69132.267500,156.154000,37.669600,804.529800
2004,KAZ,F09,33229.096600,26302.296500,68331.509200,155.747300,37.457400,779.573500
2004,KHM,B06,0.000000,0.000000,0.000000,0.000000,0.000000,0.000000
2004,KHM,B0609,5.671900,4.846900,13.122100,0.049700,0.000600,0.069800
2004,KHM,F,3862.096800,2421.057000,9125.429600,61.577100,6.303600,103.870400
2004,KHM,F09,3856.424900,2416.210100,9112.307500,61.527400,6.303000,103.800600
2004,KOR,B06,53.019300,25.876400,153.960800,3.152800,2.234700,1.510100
2004,KOR,B0609,56.892000,28.777900,168.146000,3.317800,2.349300,1.711000
2004,KOR,F,907769.784600,715869.798000,1657474.894600,24969.832000,17755.644400,29681.432100
2004,KOR,F09,907765.911900,715866.896500,1657460.709400,24969.667000,17755.529800,29681.231200
2004,LAO,B06,2.275500,1.457700,23.381800,0.011000,0.005100,0.065500
2004,LAO,B0609,8.622600,5.987600,46.466100,0.028100,0.013100,0.207500
2004,LAO,F,1346.680800,982.185900,3731.607700,3.211900,1.584400,40.583000
2004,LAO,F09,1340.333700,977.656000,3708.523400,3.194800,1.576400,40.441000
2004,LTU,B06,34.341200,24.830200,83.746500,0.145100,0.047600,1.544800
2004,LTU,B0609,36.535500,26.143000,103.700800,0.155800,0.051900,1.701600
2004,LTU,F,17008.824200,11210.544200,38474.660600,170.313600,55.561300,1047.318800
2004,LTU,F09,17006.629900,11209.231400,38454.706300,170.302900,55.557000,1047.162000
2004,LUX,B06,0.000000,0.000000,0.000000,0.000000,0.000000,0.000000
2004,LUX,B0609,0.000000,0.000000,0.000000,0.000000,0.000000,0.000000
2004,LUX,F,51839.402400,23175.551700,84476.172200,52.611500,25.440500,1456.714900
2004,LUX,F09,51839.402400,23175.551700,84476.172200,52.611500,25.440500,1456.714900
2004,LVA,B06,0.000000,0.000000,0.000000,0.000000,0.000000,0.000000
2004,LVA,B0609,0.037700,0.029800,0.460100,0.001200,0.000300,0.003800
2004,LVA,F,15226.408800,11886.318200,28832.167600,188.529100,106.610100,641.420500
2004,LVA,F09,15226.371100,11886.288400,28831.707500,188.527900,106.609800,641.416700
2004,MAR,B06,1.528200,1.175500,8.216200,0.046000,0.001000,0.089900
2004,MAR,B0609,4.655300,3.718900,40.206900,0.061500,0.001600,0.151700
2004,MAR,F,39047.122200,28974.254000,91551.451500,322.486400,86.341000,1283.918500
2004,MAR,F09,39043.995100,28971.710600,91519.460800,322.470900,86.340400,1283.856700
2004,MEX,B06,4930.973900,4391.637100,46066.277700,38.312900,1.263300,53.533800
2004,MEX,B0609,8700.708000,7667.574700,52391.907900,63.075100,4.972300,111.222400
2004,MEX,F,600275.099800,478804.088000,1360178.215300,2322.700700,649.479000,8175.906900
2004,MEX,F09,596505.365700,475528.150400,1353852.585100,2297.938500,645.770000,8118.218300
2004,MLT,B06,3.250000,2.060000,5.435600,0.347200,0.075900,0.079600
2004,MLT,B0609,13.773200,8.557300,26.001100,0.419500,0.101400,0.545300
2004,MLT,F,7454.654400,5253.515300,13013.277700,68.843500,24.743700,211.477900
2004,MLT,F09,7444.131200,5247.018000,12992.712200,68.771200,24.718200,211.012200
2004,MMR,B06,371.681600,273.910400,725.919500,24.412800,10.773900,4.083600
2004,MMR,B0609,373.392200,275.192200,729.501900,24.471100,10.801800,4.102200
2004,MMR,F,8785.862600,8056.878400,17390.840700,103.549300,58.610900,36.718400
2004,MMR,F09,8784.152000,8055.596600,17387.258300,103.491000,58.583000,36.699800
2004,MYS,B06,11109.458500,8292.238300,17669.385400,156.099900,62.792500,57.204100
2004,MYS,B0609,11983.223000,8881.546300,19419.509700,164.363800,66.220900,62.776900
2004,MYS,F,198407.831200,137808.139000,316348.568900,1250.931600,562.780200,858.582800
2004,MYS,F09,197534.066700,137218.831000,314598.444600,1242.667700,559.351800,853.010000
2004,NGA,B06,7007.343900,5667.422800,25758.405400,565.673900,1.303100,163.150100
2004,NGA,B0609,7025.822300,5684.166600,25794.510700,565.906300,1.304500,163.398000
2004,NGA,F,85053.630200,79913.126000,200855.309400,416.407700,27.420300,1619.698800
2004,NGA,F09,85035.151800,79896.382200,200819.204100,416.175300,27.418900,1619.450900
2004,NLD,B06,2760.915200,1878.024400,16960.305000,24.076600,9.626600,28.130600
2004,NLD,B0609,4638.531200,3162.922200,21528.562900,27.771600,12.610200,119.383300
2004,NLD,F,589917.496300,432569.919300,1181750.838400,5065.335900,2702.267100,19216.908700
2004,NLD,F09,588039.880300,431285.021500,1177182.580500,5061.640900,2699.283500,19125.656000
2004,NOR,B06,5548.284400,4323.490700,56918.983100,209.579400,53.290300,100.237400
2004,NOR,B0609,7964.207800,6230.928600,60854.444900,255.685000,77.411200,201.755200
2004,NOR,F,178525.779600,144199.812300,369987.136200,7157.578700,2248.677700,7071.115100
2004,NOR,F09,176109.856200,142292.374400,366051.674400,7111.473100,2224.556800,6969.597300
2004,NZL,B06,196.194500,162.811300,442.770900,1.594000,1.401800,4.363400
2004,NZL,B0609,421.603300,353.137400,747.560600,2.667000,2.334500,9.268700
2004,NZL,F,104091.399200,91134.892200,196293.087400,275.114600,232.638900,1647.613700
2004,NZL,F09,103865.990400,90944.566100,195988.297700,274.041600,231.706200,1642.708400
2004,PAK,B06,1078.301300,906.885900,2941.338600,16.432100,11.757600,34.100000
2004,PAK,B0609,1137.318900,957.142800,3087.936600,17.068400,12.232800,36.173000
2004,PAK,F,72761.234100,66555.333300,161384.512400,585.668700,468.312200,658.131900
2004,PAK,F09,72702.216500,66505.076400,161237.914400,585.032400,467.837000,656.058900
2004,PER,B06,679.630600,600.873800,1845.463400,3.350800,1.895600,25.356100
2004,PER,B0609,1026.560600,912.414000,2943.063200,4.708200,2.713400,34.205900
2004,PER,F,53751.022900,47181.927800,115051.388900,143.656200,86.550400,1688.143900
2004,PER,F09,53404.092900,46870.387600,113953.789100,142.298800,85.732600,1679.294100
2004,PHL,B06,158.189800,90.879800,533.948700,19.869500,0.026000,4.628700
2004,PHL,B0609,195.136400,114.722700,602.461300,22.578700,0.039500,5.864400
2004,PHL,F,86870.601600,65020.366100,178017.815300,2266.623200,131.532800,1322.270800
2004,PHL,F09,86833.655000,64996.523200,177949.302700,2263.914000,131.519300,1321.035100
2004,POL,B06,47.812500,36.050600,101.411600,0.209900,0.075000,2.098700
2004,POL,B0609,110.365300,80.065700,253.371300,0.707500,0.241700,7.038200
2004,POL,F,275981.069200,222381.095200,511518.096100,1009.217000,350.166000,9946.058000
2004,POL,F09,275918.516400,222337.080100,511366.136400,1008.719400,349.999300,9941.118500
2004,PRT,B06,0.000000,0.000000,0.000000,0.000000,0.000000,0.000000
2004,PRT,B0609,4.343300,3.534000,10.922500,0.008300,0.004600,0.282500
2004,PRT,F,178714.600700,142758.951500,351283.603600,186.965500,99.960700,6934.653900
2004,PRT,F09,178710.257400,142755.417500,351272.681100,186.957200,99.956100,6934.371400
2004,ROU,B06,378.701200,303.951800,678.835300,0.590500,0.394000,26.437700
2004,ROU,B0609,665.585000,530.951200,1154.300700,4.204600,0.410900,42.973500
2004,ROU,F,76801.121200,63868.802200,146273.249900,314.020800,56.250900,2485.317300
2004,ROU,F09,76514.237400,63641.802800,145797.784500,310.406700,56.234000,2468.781500
2004,RUS,B06,4595.508400,4443.872700,47161.008400,9.009100,4.027100,51.989100
2004,RUS,B0609,32493.789400,30183.480300,79568.363900,78.958100,34.079000,1906.133100
2004,RUS,F,440248.752900,389453.902900,976330.579600,1202.648100,602.067600,17559.031000
2004,RUS,F09,412350.471900,363714.295300,943923.224100,1132.699100,572.015700,15704.887000
2004,SAU,B06,8851.160100,6894.800500,100413.963200,143.531700,132.357300,59.168600
2004,SAU,B0609,9003.786800,7011.348300,100792.963800,143.733700,132.499800,60.427000
2004,SAU,F,114374.076700,92017.348600,280018.590600,145.473600,112.870600,758.825600
2004,SAU,F09,114221.450000,91900.800800,279639.590000,145.271600,112.728100,757.567200
2004,SEN,B06,2.141700,1.675700,3.293500,0.290200,0.000400,0.017400
2004,SEN,B0609,7.705800,6.751500,9.593000,0.302000,0.002100,0.162200
2004,SEN,F,6870.465100,5213.801200,16198.073600,358.215300,2.547100,281.559500
2004,SEN,F09,6864.901000,5208.725400,16191.774100,358.203500,2.545400,281.414700
2004,SGP,B06,0.000000,0.000000,0.000000,0.000000,0.000000,0.000000
2004,SGP,B0609,0.000000,0.000000,0.000000,0.000000,0.000000,0.000000
2004,SGP,F,191172.031200,114977.402100,303627.183500,16578.409900,5079.780200,3156.669700
2004,SGP,F09,191172.031200,114977.402100,303627.183500,16578.409900,5079.780200,3156.669700
2004,STP,B06,0.149500,0.111800,0.289300,0.020500,0.000200,-0.000800
2004,STP,B0609,0.241200,0.183500,0.439200,0.028600,0.000400,-0.001400
2004,STP,F,139.362600,117.340600,243.558100,4.061200,0.206000,-0.484100
2004,STP,F09,139.270900,117.268900,243.408200,4.053100,0.205800,-0.483500
2004,SVK,B06,0.671400,0.499700,0.863900,0.000700,0.000400,0.045500
2004,SVK,B0609,82.878900,62.007800,129.526900,0.214600,0.103800,4.545700
2004,SVK,F,51173.812000,33647.701100,91952.602900,83.827500,36.667000,2222.510400
2004,SVK,F09,51091.604500,33586.193000,91823.939900,83.613600,36.563600,2218.010200
2004,SVN,B06,0.000000,0.000000,0.000000,0.000000,0.000000,0.000000
2004,SVN,B0609,6.397100,4.601800,6.888200,0.017500,0.009400,0.342100
2004,SVN,F,33954.259300,23371.760300,65243.370900,98.159000,54.027800,1083.172800
2004,SVN,F09,33947.862200,23367.158500,65236.482700,98.141500,54.018400,1082.830700
2004,SWE,B06,30.018000,14.562600,45.069700,0.570500,0.321900,1.735900
2004,SWE,B0609,105.223200,72.477400,159.124600,2.059300,1.150400,6.593000
2004,SWE,F,343830.620200,272642.050300,701269.428700,4111.391700,2476.811100,15203.062500
2004,SWE,F09,343755.415000,272584.135500,701155.373800,4109.902900,2475.982600,15198.205400
2004,THA,B06,1371.206900,838.790100,4246.581200,33.315300,0.868800,38.237200
2004,THA,B0609,1431.795200,880.690700,4900.556000,34.491000,0.894500,43.276300
2004,THA,F,230293.588700,159458.878900,391070.309400,2977.600100,734.960900,6998.342400
2004,THA,F09,230233.000400,159416.978300,390416.334600,2976.424400,734.935200,6993.303300
2004,TUN,B06,373.645600,282.481600,1223.697200,11.300900,0.013100,6.028900
2004,TUN,B0609,436.844300,328.808400,1351.614100,11.805500,0.054300,7.230600
2004,TUN,F,24706.088700,17760.691200,52706.512500,325.265400,59.639200,377.732100
2004,TUN,F09,24642.890000,17714.364400,52578.595600,324.760800,59.598000,376.530400
2004,TUR,B06,307.493500,244.187700,961.816900,11.359200,4.807400,24.374300
2004,TUR,B0609,355.308500,283.623000,1209.341800,12.435200,5.326000,27.949400
2004,TUR,F,384188.334900,324393.817600,759929.003900,4760.893800,2949.469800,18548.844700
2004,TUR,F09,384140.519900,324354.382300,759681.479000,4759.817800,2948.951200,18545.269600
2004,TWN,B06,127.249200,82.745800,360.221600,4.060200,3.723300,0.839000
2004,TWN,B0609,470.088000,311.441900,952.604300,10.656900,9.715000,3.773400
2004,TWN,F,434380.778400,297605.869600,775224.552700,4649.392400,4006.244900,2648.387000
2004,TWN,F09,434037.939600,297377.173500,774632.170000,4642.795700,4000.253200,2645.452600
2004,UKR,B06,1157.245900,968.888700,2457.776100,54.423600,32.294000,40.401900
2004,UKR,B0609,1967.010000,1649.752600,3311.644600,75.514100,45.120300,63.837700
2004,UKR,F,93312.772000,77984.253200,155511.101600,1215.149300,804.246400,2268.720000
2004,UKR,F09,92503.007900,77303.389300,154657.233100,1194.058800,791.420100,2245.284200
2004,USA,B06,77000.197700,57178.005400,185110.955200,1010.654100,475.497900,1112.448100
2004,USA,B0609,98364.156200,76854.725000,226774.160600,1029.738400,492.169000,1571.905300
2004,USA,F,9277160.636100,8493807.877500,21061447.796200,35040.807800,17945.917000,116439.113900
2004,USA,F09,9255796.677600,8474131.157900,21019784.590800,35021.723500,17929.245900,115979.656700
2004,VNM,B06,3078.221200,1896.709700,8000.415600,15.256300,6.312200,151.852100
2004,VNM,B0609,3214.850500,1969.689800,8237.573900,15.949500,6.639800,159.851100
2004,VNM,F,59990.313300,40306.714400,103010.250300,273.340300,173.814900,2153.810200
2004,VNM,F09,59853.684000,40233.734300,102773.092000,272.647100,173.487300,2145.811200
2004,ZAF,B06,1218.642900,1043.113000,1441.825600,30.359500,0.007400,65.844600
2004,ZAF,B0609,1695.308200,1469.584100,2085.231800,36.482800,0.012400,91.980500
2004,ZAF,F,290470.183900,254759.426800,534330.319400,2111.036600,149.971500,10388.547500
2004,ZAF,F09,289993.518600,254332.955700,533686.913200,2104.913300,149.966500,10362.411600
2004,ROW,B06,96370.946900,81318.877800,290572.543200,2654.931100,406.798400,278.868600
2004,ROW,B0609,110260.638200,92607.285300,319774.773900,2921.319000,486.673600,374.045100
2004,ROW,F,1112446.608900,905264.945800,2313002.040600,16282.852400,7955.686500,14759.829700
2004,ROW,F09,1098556.917600,893976.538300,2283799.809900,16016.464500,7875.811300,14664.653200
2005,AGO,B06,4830.750200,2728.754400,18644.966000,197.403400,0.073000,5.706400
2005,AGO,B0609,5117.922900,2849.417000,20871.657200,205.529200,0.082100,6.377400
2005,AGO,F,12556.726800,7258.862500,36933.912100,258.023000,23.743500,7.372300
2005,AGO,F09,12269.554100,7138.199900,34707.220900,249.897200,23.734400,6.701300
2005,ARE,B06,6459.534900,5111.567400,50206.675800,83.689500,44.018600,36.911700
2005,ARE,B0609,10527.608200,7986.043000,59365.364900,127.289100,68.446100,67.552900
2005,ARE,F,120059.809100,86049.438300,257685.147000,1335.165900,748.400200,1091.266700
2005,ARE,F09,115991.735800,83174.962700,248526.457900,1291.566300,723.972700,1060.625500
2005,ARG,B06,4118.910700,3771.108100,11983.192300,15.556000,0.838800,194.795900
2005,ARG,B0609,4769.587100,4337.479900,13315.441800,17.897600,1.080300,241.371900
2005,ARG,F,158437.892800,141360.411900,329135.620700,267.422200,86.747200,7735.146800
2005,ARG,F09,157787.216400,140794.040100,327803.371200,265.080600,86.505700,7688.570800
2005,AUS,B06,2736.095200,2505.483700,17872.569700,63.944200,58.527800,51.858200
2005,AUS,B0609,5996.453300,5514.364500,24701.737900,80.431200,73.206500,115.248400
2005,AUS,F,725948.679700,658937.423300,1403323.999600,2505.111800,2241.424900,16724.131500
2005,AUS,F09,722688.321600,655928.542500,1396494.831400,2488.624800,2226.746200,16660.741300
2005,AUT,B06,228.925400,163.657000,924.538600,2.254900,0.004400,12.850800
2005,AUT,B0609,261.071900,187.401800,991.244300,2.494900,0.006300,14.592000
2005,AUT,F,274496.926000,207762.984600,564009.377700,1000.628400,79.766100,9017.862600
2005,AUT,F09,274464.779500,207739.239800,563942.672000,1000.388400,79.764200,9016.121400
2005,BEL,B06,0.000000,0.000000,0.000000,0.000000,0.000000,0.000000
2005,BEL,B0609,14.712800,10.039000,37.961600,0.077100,0.051000,0.756500
2005,BEL,F,423419.445400,303532.389700,780847.101100,2707.366100,1850.255900,13027.330000
2005,BEL,F09,423404.732600,303522.350700,780809.139500,2707.289000,1850.204900,13026.573500
2005,BGD,B06,169.268400,137.966800,766.960000,10.906900,5.823500,1.547200
2005,BGD,B0609,185.654500,151.264900,806.164200,11.950900,6.385600,1.857400
2005,BGD,F,36249.153800,31181.642400,90920.981500,1086.844000,639.746100,788.202000
2005,BGD,F09,36232.767700,31168.344300,90881.777300,1085.800000,639.184000,787.891800
2005,BGR,B06,9.678100,6.823600,48.683100,0.164600,0.012200,0.845200
2005,BGR,B0609,9.910700,6.987300,49.033500,0.165100,0.012400,0.857700
2005,BGR,F,37278.726100,28171.039900,64609.344300,130.455900,45.216400,1939.758700
2005,BGR,F09,37278.493500,28170.876200,64608.993900,130.455400,45.216200,1939.746200
2005,BLR,B06,83.740800,27.387100,301.985700,0.459700,0.065000,25.881300
2005,BLR,B0609,115.377100,45.428800,394.726400,0.630100,0.069600,32.681800
2005,BLR,F,30486.517300,20720.575800,59654.649600,133.772400,47.252500,3044.864100
2005,BLR,F09,30454.881000,20702.534100,59561.908900,133.602000,47.247900,3038.063600
2005,BRA,B06,11828.549200,10445.853200,29624.286300,601.036100,185.570500,1226.857900
2005,BRA,B0609,12794.535700,11340.442400,31553.400800,604.089100,186.653100,1293.770400
2005,BRA,F,816565.050000,755908.121600,1606409.398500,2905.795300,1271.849500,49418.907900
2005,BRA,F09,815599.063500,755013.532400,1604480.284000,2902.742300,1270.766900,49351.995400
2005,BRN,B06,1543.645700,1354.776800,5525.483100,19.412200,18.673000,-35.155300
2005,BRN,B0609,1764.059700,1502.063200,6059.413000,23.213500,22.089100,-36.535200
2005,BRN,F,7545.285700,6895.948200,14272.962600,94.252700,91.526700,-124.155800
2005,BRN,F09,7324.871700,6748.661800,13739.032700,90.451400,88.110600,-122.775900
2005,CAN,B06,27909.126600,22882.707800,98771.045800,28.908200,20.208800,260.163200
2005,CAN,B0609,33348.790100,27169.969500,111099.281500,40.973700,27.789900,434.937700
2005,CAN,F,954300.943600,754894.584100,1994346.129900,4444.110700,970.992400,17812.202500
2005,CAN,F09,948861.280100,750607.322400,1982017.894200,4432.045200,963.411300,17637.428000
2005,CHE,B06,0.000000,0.000000,0.000000,0.000000,0.000000,0.000000
2005,CHE,B0609,128.646800,106.340700,194.576500,4.826300,2.928200,1.324500
2005,CHE,F,438615.479800,352553.241100,845811.530900,6487.828100,4473.250200,4468.528100
2005,CHE,F09,438486.833000,352446.900400,845616.954400,6483.001800,4470.322000,4467.203600
2005,CHL,B06,106.715900,79.066000,224.392800,3.953700,1.173100,5.168400
2005,CHL,B0609,241.500300,190.297000,688.255100,7.059400,2.118300,15.387000
2005,CHL,F,111815.598900,90347.306400,226324.679000,2485.412700,902.154200,4408.481900
2005,CHL,F09,111680.814500,90236.075400,225860.816700,2482.307000,901.209000,4398.263300
2005,CHN,B06,16541.452400,15101.461200,62206.919600,107.260100,62.305200,872.020500
2005,CHN,B0609,19243.148800,17542.963500,67618.564400,125.941500,72.036500,992.383600
2005,CHN,F,3841970.318600,3418746.412000,5963945.107100,33164.187400,20703.315900,112546.874900
2005,CHN,F09,3839268.622200,3416304.909700,5958533.462300,33145.506000,20693.584600,112426.511800
2005,CIV,B06,20.288000,13.979700,31.557700,0.048800,0.002300,0.237300
2005,CIV,B0609,27.761000,19.541700,41.667700,0.060300,0.003600,0.305900
2005,CIV,F,12983.775600,9714.260100,29273.763800,70.177800,19.805600,373.631500
2005,CIV,F09,12976.302600,9708.698100,29263.653800,70.166300,19.804300,373.562900
2005,CMR,B06,345.458900,153.537300,1122.205300,2.892900,2.252700,9.020700
2005,CMR,B0609,397.271400,183.964600,1260.958500,3.302500,2.563800,11.215600
2005,CMR,F,9900.432100,7786.106600,27713.183000,152.451800,105.356800,469.808100
2005,CMR,F09,9848.619600,7755.679300,27574.429800,152.042200,105.045700,467.613200
2005,COD,B06,53.267000,43.266600,309.971900,2.276500,0.137300,0.533200
2005,COD,B0609,75.539000,61.288000,373.870600,3.028600,0.275400,0.807200
2005,COD,F,6275.368900,4953.832800,17666.806100,185.178300,34.845600,109.451600
2005,COD,F09,6253.096900,4935.811400,17602.907400,184.426200,34.707500,109.177600
2005,COL,B06,2382.088700,2186.805400,8182.132600,76.351400,0.046100,49.417700
2005,COL,B0609,2423.152200,2220.644500,8271.753600,77.135100,0.047000,52.905100
2005,COL,F,114572.977400,99069.540500,244966.500900,1112.746600,74.005200,3563.361200
2005,COL,F09,114531.913900,99035.701400,244876.879900,1111.962900,74.004300,3559.873800
2005,CRI,B06,0.141000,0.090700,0.435000,0.012100,0.004300,0.012000
2005,CRI,B0609,0.191600,0.125200,0.574800,0.014300,0.005300,0.016300
2005,CRI,F,15733.330300,10915.706000,34672.007800,509.370700,213.748800,752.682100
2005,CRI,F09,15733.279700,10915.671500,34671.868000,509.368500,213.747800,752.677800
2005,CYP,B06,9.646900,8.081100,22.181800,4.416000,4.404700,0.364100
2005,CYP,B0609,9.849400,8.227500,22.553600,4.464000,4.452500,0.381100
2005,CYP,F,16054.860300,12352.558100,32887.286100,1470.487100,1455.395500,512.274700
2005,CYP,F09,16054.657800,12352.411700,32886.914300,1470.439100,1455.347700,512.257700
2005,CZE,B06,15.016400,12.070500,116.081200,0.238000,0.082800,0.519700
2005,CZE,B0609,84.816800,59.317900,241.133500,0.293500,0.099300,6.303500
2005,CZE,F,183460.149400,134757.749300,313064.002800,318.680700,106.424400,5560.897000
2005,CZE,F09,183390.349000,134710.501900,312938.950500,318.625200,106.407900,5555.113200
2005,DEU,B06,2468.514000,1863.158800,3539.084400,9.851100,5.658500,85.560800
2005,DEU,B0609,2863.299700,2189.442900,4153.192900,12.328300,7.073700,105.714900
2005,DEU,F,2567294.626800,2110644.987200,5211760.741200,9542.810300,5905.541300,70608.864800
2005,DEU,F09,2566899.841100,2110318.703100,5211146.632700,9540.333100,5904.126100,70588.710700
2005,DNK,B06,898.404400,627.245500,9449.544800,30.013700,6.039900,46.371100
2005,DNK,B0609,936.707200,654.491100,9565.635300,31.127800,6.306000,48.317900
2005,DNK,F,213019.987400,153435.689600,440213.364800,2282.887100,1075.762300,10973.671200
2005,DNK,F09,212981.684600,153408.444000,440097.274300,2281.773000,1075.496200,10971.724400
2005,EGY,B06,932.641200,659.810500,12918.280100,12.714700,3.377600,16.417900
2005,EGY,B0609,1013.811500,710.308500,13240.303000,13.572600,3.682800,18.668900
2005,EGY,F,52724.468400,38288.749800,134802.523700,564.822700,266.464400,931.148900
2005,EGY,F09,52643.298100,38238.251800,134480.500800,563.964800,266.159200,928.897900
2005,ESP,B06,37.178100,31.051900,96.434600,0.231500,0.147300,2.131100
2005,ESP,B0609,125.284800,103.114400,256.292900,0.916700,0.580600,7.574800
2005,ESP,F,1192493.749600,997117.478400,2259002.843600,2390.525700,1468.591000,30972.458100
2005,ESP,F09,1192405.642900,997045.415900,2258842.985300,2389.840500,1468.157700,30967.014400
2005,EST,B06,63.921800,43.504000,154.699700,0.423400,0.184100,3.487500
2005,EST,B0609,107.514900,74.333200,243.270900,0.680100,0.369400,5.172300
2005,EST,F,15653.728600,10665.439300,28581.167600,189.283200,76.301100,514.848700
2005,EST,F09,15610.135500,10634.610100,28492.596400,189.026500,76.115800,513.163900
2005,FIN,B06,0.000000,0.000000,0.000000,0.000000,0.000000,0.000000
2005,FIN,B0609,1.326400,1.026200,2.680400,0.007000,0.003000,0.103200
2005,FIN,F,194401.495800,149917.046000,381690.718900,1402.122900,604.948500,8238.086700
2005,FIN,F09,194400.169400,149916.019800,381688.038500,1402.115900,604.945500,8237.983500
2005,FRA,B06,683.201300,621.824800,963.831300,0.942500,0.689500,34.537300
2005,FRA,B0609,846.863400,757.165000,1182.714300,1.384500,1.008700,46.029200
2005,FRA,F,1849491.884000,1548981.352200,3893909.446000,3079.566900,2218.240900,71430.012800
2005,FRA,F09,1849328.221900,1548846.012000,3893690.563000,3079.124900,2217.921700,71418.520900
2005,GBR,B06,12495.009000,10537.388700,49966.587600,207.380100,85.639100,321.504700
2005,GBR,B0609,15945.577700,13421.582500,55882.479000,228.220800,94.882200,455.727900
2005,GBR,F,1951437.079100,1667334.769400,4272316.051300,7235.304700,3749.675900,67282.240200
2005,GBR,F09,1947986.510400,1664450.575600,4266400.159900,7214.464000,3740.432800,67148.017000
2005,GRC,B06,23.156000,18.610300,30.531200,0.968300,0.597000,0.985700
2005,GRC,B0609,38.424700,31.312400,67.733600,1.889500,1.075000,2.085600
2005,GRC,F,171042.131800,136189.529200,399942.465800,7421.635300,4231.901300,6437.397600
2005,GRC,F09,171026.863100,136176.827100,399905.263400,7420.714100,4231.423300,6436.297700
2005,HKG,B06,0.000000,0.000000,0.000000,0.000000,0.000000,0.000000
2005,HKG,B0609,121.887000,84.018000,140.308200,9.230100,2.914400,0.946300
2005,HKG,F,204060.931400,160427.061900,383688.288100,14052.104400,4759.680400,1784.319900
2005,HKG,F09,203939.044400,160343.043900,383547.979900,14042.874300,4756.766000,1783.373600
2005,HRV,B06,23.552700,18.990400,148.656700,0.593300,0.480100,2.694800
2005,HRV,B0609,385.942900,323.618600,671.234000,12.314400,9.965500,22.685500
2005,HRV,F,39751.708900,30306.765500,79405.493700,376.676700,304.749700,1849.643300
2005,HRV,F09,39389.318700,30002.137300,78882.916400,364.955600,295.264300,1829.652600
2005,HUN,B06,28.966500,16.593700,44.258600,0.024200,0.006300,2.840600
2005,HUN,B0609,47.785500,29.814500,88.034800,0.260200,0.111200,3.989700
2005,HUN,F,125974.129500,79466.855300,228591.043800,236.095500,83.068200,4970.362900
2005,HUN,F09,125955.310500,79453.634500,228547.267600,235.859500,82.963300,4969.213800
2005,IDN,B06,4629.115800,3509.121700,18962.151700,20.565000,14.336500,85.933900
2005,IDN,B0609,5698.695600,4257.359400,21460.398200,24.968900,17.836700,106.033900
2005,IDN,F,280364.900400,227275.510900,567211.131600,1474.243500,1210.895000,4722.809000
2005,IDN,F09,279295.320600,226527.273200,564712.885100,1469.839600,1207.394800,4702.709000
2005,IND,B06,7900.579200,6172.721900,17740.023200,217.515100,0.011400,310.168100
2005,IND,B0609,8357.040600,6547.253700,22600.959600,227.833300,0.012600,339.403800
2005,IND,F,755036.786400,636680.859100,1504123.946800,5479.098000,887.100000,28171.231600
2005,IND,F09,754580.325000,636306.327300,1499263.010400,5468.779800,887.098800,28141.995900
2005,IRL,B06,53.988200,27.374000,88.045500,0.078300,0.033700,1.741800
2005,IRL,B0609,125.957000,51.707300,175.855900,0.188800,0.078400,3.884800
2005,IRL,F,235269.307900,146521.476300,429445.998100,201.322800,83.200100,8102.699700
2005,IRL,F09,235197.339100,146497.143000,429358.187700,201.212300,83.155400,8100.556700
2005,ISL,B06,0.232300,0.165600,0.781100,0.009900,0.000800,0.017500
2005,ISL,B0609,0.256900,0.184600,0.858600,0.010600,0.000900,0.019600
2005,ISL,F,15269.177600,11686.721800,30381.147200,267.864200,65.167200,743.656700
2005,ISL,F09,15269.153000,11686.702800,30381.069700,267.863500,65.167100,743.654600
2005,ISR,B06,76.689900,41.108300,262.283200,1.914700,0.669700,5.486900
2005,ISR,B0609,108.773200,62.047600,337.705400,2.480700,0.883000,7.479100
2005,ISR,F,102329.520900,73408.272000,238101.123000,1139.643300,488.244800,4179.182600
2005,ISR,F09,102297.437600,73387.332700,238025.700800,1139.077300,488.031500,4177.190400
2005,ITA,B06,5797.574300,4094.641900,10928.138100,683.718900,61.168800,189.378300
2005,ITA,B0609,5825.458300,4115.048500,11222.462800,688.239300,61.551100,190.892500
2005,ITA,F,1891150.279000,1612400.010700,3623300.402200,10191.827500,5365.942900,62414.124600
2005,ITA,F09,1891122.395000,1612379.604100,3623006.077500,10187.307100,5365.560600,62412.610400
2005,JOR,B06,54.351200,22.683900,125.029400,0.782900,0.001600,0.495900
2005,JOR,B0609,96.026300,46.464500,221.989300,1.549900,0.005600,1.305000
2005,JOR,F,13831.212800,7810.760100,25593.159200,118.958100,16.204100,158.858700
2005,JOR,F09,13789.537700,7786.979500,25496.199300,118.191100,16.200100,158.049600
2005,JPN,B06,428.005900,413.352800,977.111100,0.948500,0.910800,13.712900
2005,JPN,B0609,1439.515400,1332.471200,2822.632000,6.566800,2.127100,97.729900
2005,JPN,F,3874387.988400,3513613.256000,8535712.467000,30163.027400,17070.343800,127771.666500
2005,JPN,F09,3873376.478900,3512694.137600,8533866.946100,30157.409100,17069.127500,127687.649500
2005,KAZ,B06,12852.684200,9931.520400,22345.728900,118.457100,13.697600,476.632000
2005,KAZ,B0609,13476.422700,10325.213800,23420.286000,119.167400,14.129100,501.336100
2005,KAZ,F,45105.484300,34917.871100,91910.994400,338.611100,50.271900,971.645500
2005,KAZ,F09,44481.745800,34524.177700,90836.437300,337.900800,49.840400,946.941400
2005,KHM,B06,0.000000,0.000000,0.000000,0.000000,0.000000,0.000000
2005,KHM,B0609,6.718400,5.179600,14.906000,0.175200,0.000300,0.109400
2005,KHM,F,4591.504900,2639.631900,10818.801800,77.717400,5.895400,124.704100
2005,KHM,F09,4584.786500,2634.452300,10803.895800,77.542200,5.895100,124.594700
2005,KOR,B06,62.327000,36.329800,185.547200,17.733200,12.442100,1.087700
2005,KOR,B0609,66.821300,39.866900,202.642600,18.600400,13.048600,1.272000
2005,KOR,F,1099074.064800,872245.383200,1980872.730000,32183.788500,23509.389800,34439.843000
2005,KOR,F09,1099069.570500,872241.846100,1980855.634600,32182.921300,23508.783300,34439.658700
2005,LAO,B06,2.485900,1.463600,26.155800,0.014500,0.006800,0.091800
2005,LAO,B0609,9.201600,6.311100,51.637700,0.033600,0.016300,0.265000
2005,LAO,F,1530.411000,1038.278200,4241.079900,4.245400,2.052400,56.635000
2005,LAO,F09,1523.695300,1033.430700,4215.598000,4.226300,2.042900,56.461800
2005,LTU,B06,38.719900,30.797400,93.545500,0.318700,0.024100,1.895900
2005,LTU,B0609,41.355200,32.393300,115.834700,0.345300,0.030300,2.083000
2005,LTU,F,20317.696300,13048.709400,45384.939400,299.349000,61.212700,1486.481900
2005,LTU,F09,20315.061000,13047.113500,45362.650200,299.322400,61.206500,1486.294800
2005,LUX,B06,0.000000,0.000000,0.000000,0.000000,0.000000,0.000000
2005,LUX,B0609,0.000000,0.000000,0.000000,0.000000,0.000000,0.000000
2005,LUX,F,61015.963200,27008.466500,96169.012300,65.068500,30.278300,1677.635500
2005,LUX,F09,61015.963200,27008.466500,96169.012300,65.068500,30.278300,1677.635500
2005,LVA,B06,0.000000,0.000000,0.000000,0.000000,0.000000,0.000000
2005,LVA,B0609,0.044800,0.038300,0.535500,0.000400,0.000200,0.003600
2005,LVA,F,18030.400600,14354.121200,33887.676600,190.640900,98.703600,736.212000
2005,LVA,F09,18030.355800,14354.082900,33887.141100,190.640500,98.703400,736.208400
2005,MAR,B06,1.887400,1.411600,8.819600,0.042600,0.001100,0.071300
2005,MAR,B0609,5.133600,3.935200,42.020700,0.061200,0.001700,0.136100
2005,MAR,F,43757.543100,31435.457000,98397.222700,327.567300,93.444600,1129.785900
2005,MAR,F09,43754.296900,31432.933400,98364.021600,327.548700,93.444000,1129.721100
2005,MEX,B06,6432.023700,5639.717700,59665.909400,69.823500,2.179600,79.921100
2005,MEX,B0609,10540.499800,9162.046600,66558.368600,107.889500,6.802100,146.616600
2005,MEX,F,685048.610600,548311.929700,1530489.062300,3066.085400,741.770000,8890.438100
2005,MEX,F09,680940.134500,544789.600800,1523596.603100,3028.019400,737.147500,8823.742600
2005,MLT,B06,3.492300,2.259200,5.832200,0.072300,0.013400,0.130700
2005,MLT,B0609,14.196200,8.679000,26.336100,0.240100,0.050900,0.637600
2005,MLT,F,8220.502900,5649.153700,14002.761800,72.533600,22.246000,242.731800
2005,MLT,F09,8209.799000,5642.733900,13982.257900,72.365800,22.208500,242.224900
2005,MMR,B06,336.866900,253.608300,680.016600,25.846600,12.039400,3.781600
2005,MMR,B0609,338.608500,254.957900,683.757500,25.924500,12.077300,3.801000
2005,MMR,F,8949.527400,8251.621000,18052.668000,116.541300,67.706700,39.254600
2005,MMR,F09,8947.785800,8250.271400,18048.927100,116.463400,67.668800,39.235200
2005,MYS,B06,12770.550800,9498.469200,20323.750000,150.241000,62.492700,72.271200
2005,MYS,B0609,13834.568200,10229.309200,22406.120300,159.728500,66.552600,79.605100
2005,MYS,F,228204.477900,160676.315300,363984.243300,1279.505700,592.354300,1066.324500
2005,MYS,F09,227140.460500,159945.475300,361901.873000,1270.018200,588.294400,1058.990600
2005,NGA,B06,9657.151700,8119.981100,35055.753900,644.454300,1.639400,182.790200
2005,NGA,B0609,9684.135600,8144.410000,35106.851900,644.801100,1.641900,183.146300
2005,NGA,F,109441.309400,102752.072300,257622.985900,354.413900,39.374200,1910.649500
2005,NGA,F09,109414.325500,102727.643400,257571.887900,354.067100,39.371700,1910.293400
2005,NLD,B06,3104.166500,2280.840700,18755.351800,19.191400,9.514100,132.280200
2005,NLD,B0609,5353.209200,3835.169300,24002.237000,23.097800,12.676800,254.652500
2005,NLD,F,626852.633100,455163.147100,1243450.538200,4593.362600,2888.996700,21021.121600
2005,NLD,F09,624603.590400,453608.818500,1238203.653000,4589.456200,2885.834000,20898.749300
2005,NOR,B06,7494.430800,6020.201700,76716.114300,238.273500,59.604300,113.570300
2005,NOR,B0609,10164.163200,8182.901700,81740.152100,277.547600,77.759500,206.051700
2005,NOR,F,203342.644800,164253.877000,418757.692600,6979.755000,2299.912100,7820.914600
2005,NOR,F09,200672.912400,162091.177000,413733.654800,6940.480900,2281.756900,7728.433200
2005,NZL,B06,243.410800,203.944600,557.579100,2.107900,1.869200,5.581100
2005,NZL,B0609,525.899800,442.197600,941.399300,3.764300,3.320100,12.031300
2005,NZL,F,120300.734400,105002.549800,225538.598600,361.558500,308.053900,1957.828700
2005,NZL,F09,120018.245400,104764.296800,225154.778400,359.902100,306.603000,1951.378500
2005,PAK,B06,1269.603900,1040.449700,3410.551100,60.791300,38.853000,34.727600
2005,PAK,B0609,1335.352800,1095.127700,3575.748700,63.164500,40.394600,36.858900
2005,PAK,F,82693.272500,74647.819000,183377.607300,1396.568100,974.705000,710.667400
2005,PAK,F09,82627.523600,74593.141000,183212.409700,1394.194900,973.163400,708.536100
2005,PER,B06,774.739500,671.657100,2104.539500,3.911000,2.381900,28.322100
2005,PER,B0609,1168.680500,1020.311500,3356.226300,5.703000,3.508900,39.525500
2005,PER,F,61190.634100,52864.171100,131180.199700,158.560700,100.526000,2021.494400
2005,PER,F09,60796.693100,52515.516700,129928.512900,156.768700,99.399000,2010.291000
2005,PHL,B06,207.113800,121.107100,778.207900,9.103400,0.028700,5.970600
2005,PHL,B0609,249.887900,149.668600,856.912800,10.537000,0.043200,7.568800
2005,PHL,F,101438.720900,77955.350300,204466.686800,1310.098400,190.987700,1597.931400
2005,PHL,F09,101395.946800,77926.788800,204387.981900,1308.664800,190.973200,1596.333200
2005,POL,B06,55.072700,41.566200,119.212300,0.290600,0.099400,2.969100
2005,POL,B0609,127.034300,91.473100,298.336200,0.675500,0.250000,9.905600
2005,POL,F,326321.016800,262851.101400,608552.816200,1143.590600,393.698100,13256.118000
2005,POL,F09,326249.055200,262801.194500,608373.692300,1143.205700,393.547500,13249.181500
2005,PRT,B06,0.000000,0.000000,0.000000,0.000000,0.000000,0.000000
2005,PRT,B0609,4.951700,3.957600,12.106600,0.014800,0.008600,0.348800
2005,PRT,F,186532.955600,147998.771900,365429.049000,204.271300,113.265800,7788.861100
2005,PRT,F09,186528.003900,147994.814300,365416.942400,204.256500,113.257200,7788.512300
2005,ROU,B06,658.658200,496.966900,1162.462100,1.440700,1.155700,51.079100
2005,ROU,B0609,1085.774400,845.652400,1885.916000,2.883300,1.171900,82.227400
2005,ROU,F,94994.976400,77652.476600,185503.458400,479.531600,79.486100,3650.907300
2005,ROU,F09,94567.860200,77303.791100,184780.004500,478.089000,79.469900,3619.759000
2005,RUS,B06,5830.038100,5609.524700,59876.817500,12.215900,4.684000,73.041300
2005,RUS,B0609,41600.609900,38733.456400,101346.499600,111.787400,42.412500,2401.541700
2005,RUS,F,565323.256200,499374.104500,1248991.216000,1627.454400,747.761800,25368.794700
2005,RUS,F09,529552.684400,466250.172800,1207521.533900,1527.882900,710.033300,23040.294300
2005,SAU,B06,10179.563000,7644.252100,139442.460500,164.901300,145.017900,61.652100
2005,SAU,B0609,10347.403600,7767.098800,139882.660700,165.123800,145.159800,62.906500
2005,SAU,F,130236.410100,101218.169200,327409.651400,171.989400,123.122300,865.732000
2005,SAU,F09,130068.569500,101095.322500,326969.451200,171.766900,122.980400,864.477600
2005,SEN,B06,1.894800,1.502500,2.277400,0.178500,0.000500,0.017800
2005,SEN,B0609,5.940400,5.207100,6.633300,0.187400,0.002300,0.135500
2005,SEN,F,7215.445100,5386.118600,17355.385900,352.532400,5.246000,373.099800
2005,SEN,F09,7211.399500,5382.414000,17351.030000,352.523500,5.244200,372.982100
2005,SGP,B06,0.000000,0.000000,0.000000,0.000000,0.000000,0.000000
2005,SGP,B0609,0.000000,0.000000,0.000000,0.000000,0.000000,0.000000
2005,SGP,F,221295.246700,121687.137400,345307.218400,17104.334600,4771.131400,1909.306100
2005,SGP,F09,221295.246700,121687.137400,345307.218400,17104.334600,4771.131400,1909.306100
2005,STP,B06,0.163900,0.128100,0.345800,0.015500,0.000200,-0.002600
2005,STP,B0609,0.280000,0.219600,0.525000,0.023300,0.000400,-0.004700
2005,STP,F,163.599100,140.449300,288.701300,3.436000,0.231700,-1.810600
2005,STP,F09,163.483000,140.357800,288.522100,3.428200,0.231500,-1.808500
2005,SVK,B06,0.748500,0.550000,0.980400,0.000800,0.000400,0.066400
2005,SVK,B0609,93.545800,69.508500,146.985700,0.271700,0.135000,5.501200
2005,SVK,F,57451.583400,36631.057700,103796.960600,108.850100,48.269500,2794.138200
2005,SVK,F09,57358.786100,36562.099200,103650.955300,108.579200,48.134900,2788.703400
2005,SVN,B06,0.000000,0.000000,0.000000,0.000000,0.000000,0.000000
2005,SVN,B0609,6.799700,4.604700,7.346200,0.021100,0.010200,0.398400
2005,SVN,F,36602.097100,24457.245600,69624.018000,114.468500,57.942500,1213.404500
2005,SVN,F09,36595.297400,24452.640900,69616.671800,114.447400,57.932300,1213.006100
2005,SWE,B06,30.915200,14.779600,46.755500,0.542400,0.310600,2.325300
2005,SWE,B0609,116.192100,79.212100,188.560400,2.070600,1.174500,7.963000
2005,SWE,F,361894.550500,282425.488000,725720.290000,4679.327500,2816.416900,16639.340300
2005,SWE,F09,361809.273600,282361.055500,725578.485100,4677.799300,2815.553000,16633.702600
2005,THA,B06,1674.913600,1275.067000,5474.083100,5.565700,3.162400,67.647600
2005,THA,B0609,1741.467900,1326.450300,6176.589600,7.098500,3.163300,71.330900
2005,THA,F,273945.299700,184025.909400,449128.151100,4253.466100,971.617900,7422.458200
2005,THA,F09,273878.745400,183974.526100,448425.644600,4251.933300,971.617000,7418.774900
2005,TUN,B06,379.241500,272.159200,1375.917700,12.911100,0.013100,5.058300
2005,TUN,B0609,430.521700,307.325800,1512.954600,13.378100,0.051000,5.912700
2005,TUN,F,25664.092600,17882.205600,54520.895200,332.515000,58.965300,179.327500
2005,TUN,F09,25612.812400,17847.039000,54383.858300,332.048000,58.927400,178.473100
2005,TUR,B06,377.485500,296.495100,1186.148000,18.585300,9.532700,31.544000
2005,TUR,B0609,436.050800,344.840800,1491.404800,20.593800,10.620400,36.280700
2005,TUR,F,473786.918200,401301.929100,939749.500800,7456.666200,4856.914700,23980.527800
2005,TUR,F09,473728.352900,401253.583400,939444.244000,7454.657700,4855.827000,23975.791100
2005,TWN,B06,141.466300,96.011600,392.453300,3.906100,3.555400,1.025100
2005,TWN,B0609,517.845400,350.753600,1037.840900,10.910200,9.869000,4.478500
2005,TWN,F,477642.465700,328085.126700,844612.829200,4645.375500,3941.220300,2966.381600
2005,TWN,F09,477266.086600,327830.384700,843967.441600,4638.371400,3934.906700,2962.928200
2005,UKR,B06,1596.991900,1354.490100,3279.847400,78.620600,46.336900,73.724400
2005,UKR,B0609,2632.822200,2239.211900,4379.353400,107.973800,64.011200,111.012400
2005,UKR,F,117839.118200,99555.351100,198785.666600,1541.898200,1015.956200,3629.362300
2005,UKR,F09,116803.287900,98670.629300,197686.160600,1512.545000,998.281900,3592.074300
2005,USA,B06,92194.028500,68407.319800,241677.857500,1284.694100,518.299300,1263.432600
2005,USA,B0609,125661.941300,99351.393900,302550.258000,1315.822600,545.926400,1973.626900
2005,USA,F,10254295.352300,9329387.509800,22801366.192600,39555.105300,18959.607800,127790.180000
2005,USA,F09,10220827.439500,9298443.435700,22740493.792100,39523.976800,18931.980700,127079.985700
2005,VNM,B06,3737.269300,2374.321100,10230.209400,12.498000,5.705900,196.330600
2005,VNM,B0609,3898.316500,2463.679300,10508.534700,13.182700,6.039800,206.237400
2005,VNM,F,72786.332100,49241.936300,122325.782700,298.945400,199.493500,2664.154800
2005,VNM,F09,72625.284900,49152.578100,122047.457400,298.260700,199.159600,2654.248000
2005,ZAF,B06,1354.871800,1149.673100,1608.716300,34.304300,0.008300,77.491100
2005,ZAF,B0609,1882.740800,1617.257200,2326.596500,42.558800,0.014100,109.901700
2005,ZAF,F,321412.944400,279718.176200,595853.520800,2476.255400,177.236800,12239.710000
2005,ZAF,F09,320885.075400,279250.592100,595135.640600,2468.000900,177.231000,12207.299400
2005,ROW,B06,117023.805900,97644.500000,377695.889100,2980.894000,402.100000,155.601300
2005,ROW,B0609,135771.155700,112749.621800,416273.446400,3362.616900,493.460500,235.655900
2005,ROW,F,1322937.540100,1069316.447400,2732496.960300,18027.481900,7874.164600,14940.514300
2005,ROW,F09,1304190.190300,1054211.325600,2693919.403000,17645.759000,7782.804100,14860.459700
2006,AGO,B06,4723.680900,3318.764300,24218.244300,154.836700,2.832100,3.131500
2006,AGO,B0609,5178.596800,3573.021200,27439.975800,166.821500,3.202600,3.693300
2006,AGO,F,17889.483400,12041.454300,52065.985800,358.296400,28.906200,-1.569900
2006,AGO,F09,17434.567500,11787.197400,48844.254300,346.311600,28.535700,-2.131700
2006,ARE,B06,4529.388700,3574.020900,60806.774600,64.824300,33.181000,27.311000
2006,ARE,B0609,8507.480900,6460.563200,70913.857900,109.875800,57.547600,59.267400
2006,ARE,F,136928.875600,97076.191800,303232.510100,1447.206500,800.807100,1198.531000
2006,ARE,F09,132950.783400,94189.649500,293125.426800,1402.155000,776.440500,1166.574600
2006,ARG,B06,5506.261900,5084.794800,15592.652100,16.693800,0.890200,237.429000
2006,ARG,B0609,6368.141000,5841.190200,17383.429000,19.700300,1.145400,304.346800
2006,ARG,F,182763.811500,162167.401300,380983.964100,303.651900,98.734200,9098.690100
2006,ARG,F09,181901.932400,161411.005900,379193.187200,300.645400,98.479000,9031.772300
2006,AUS,B06,4950.117200,4580.277400,20977.648400,105.490500,97.412700,89.721000
2006,AUS,B0609,8411.940500,7767.903000,28619.234600,121.429100,111.628900,159.424200
2006,AUS,F,779287.252800,706201.730900,1505104.980000,2359.394700,2102.210400,17549.041200
2006,AUS,F09,775825.429500,703014.105300,1497463.393800,2343.456100,2087.994200,17479.338000
2006,AUT,B06,368.635300,215.263100,1162.055600,3.046700,0.009000,15.981900
2006,AUT,B0609,403.962300,240.991100,1234.250000,3.342000,0.013300,17.788600
2006,AUT,F,303436.796800,228396.792300,612044.292500,1148.872000,96.958400,9018.799800
2006,AUT,F09,303401.469800,228371.064300,611972.098100,1148.576700,96.954100,9016.993100
2006,BEL,B06,0.000000,0.000000,0.000000,0.000000,0.000000,0.000000
2006,BEL,B0609,26.605300,17.168400,44.111500,0.149400,0.100400,1.332900
2006,BEL,F,465468.965300,330555.893700,844185.637900,2968.866400,2119.057800,14564.418500
2006,BEL,F09,465442.360000,330538.725300,844141.526400,2968.717000,2118.957400,14563.085600
2006,BGD,B06,208.881600,171.664000,977.997900,13.037100,7.215200,1.508800
2006,BGD,B0609,228.150300,187.361400,1024.639300,14.443000,7.992900,1.831600
2006,BGD,F,41207.644500,35409.778700,102308.356600,1255.687600,757.927800,830.196900
2006,BGD,F09,41188.375800,35394.081300,102261.715200,1254.281700,757.150100,829.874100
2006,BGR,B06,7.590100,4.388900,29.277100,0.069600,0.016800,0.954100
2006,BGR,B0609,7.866000,4.575800,29.694800,0.071200,0.017300,0.976700
2006,BGR,F,44983.809400,32716.550700,76531.400900,190.925600,63.136200,2548.399200
2006,BGR,F09,44983.533500,32716.363800,76530.983200,190.924000,63.135700,2548.376600
2006,BLR,B06,101.185100,31.561100,372.336600,0.947100,0.006200,34.192000
2006,BLR,B0609,138.370000,51.965500,478.734100,1.412400,0.012100,42.916300
2006,BLR,F,37650.737200,24893.576700,73705.949500,277.337000,54.853700,3819.984100
2006,BLR,F09,37613.552300,24873.172300,73599.552000,276.871700,54.847800,3811.259800
2006,BRA,B06,14824.746600,13155.810000,40139.338100,689.570200,221.620900,1387.356200
2006,BRA,B0609,15996.712700,14244.180700,42512.545800,693.762500,223.166800,1468.181200
2006,BRA,F,978189.892300,904101.262600,1954783.099200,3630.021400,1623.190900,58459.385500
2006,BRA,F09,977017.926200,903012.891900,1952409.891500,3625.829100,1621.645000,58378.560500
2006,BRN,B06,1611.523100,1345.742200,6335.031700,56.468800,55.443700,-19.048600
2006,BRN,B0609,1822.679700,1535.971900,6908.396600,60.171600,59.073400,-20.771000
2006,BRN,F,9239.357100,8643.857000,17411.280800,123.448900,121.240200,-140.698100
2006,BRN,F09,9028.200500,8453.627300,16837.915900,119.746100,117.610500,-138.975700
2006,CAN,B06,30197.595000,25195.314700,105448.829400,29.549800,21.518500,238.067100
2006,CAN,B0609,36818.948300,30421.816000,121470.517000,44.334700,31.291600,448.855400
2006,CAN,F,1066577.460300,846371.323500,2241888.481400,4938.976600,1169.518500,19762.555200
2006,CAN,F09,1059956.107000,841144.822200,2225866.793800,4924.191700,1159.745400,19551.766900
2006,CHE,B06,0.000000,0.000000,0.000000,0.000000,0.000000,0.000000
2006,CHE,B0609,130.086700,102.948000,200.286300,1.691100,1.146500,2.490700
2006,CHE,F,465583.877800,370225.802400,895452.866700,6934.909800,4796.635000,4875.713000
2006,CHE,F09,465453.791100,370122.854400,895252.580400,6933.218700,4795.488500,4873.222300
2006,CHL,B06,122.209300,93.184000,272.310200,4.550600,1.388400,5.538400
2006,CHL,B0609,262.270200,210.294800,836.632700,8.031100,2.446000,20.090700
2006,CHL,F,130754.951800,105918.825600,275488.925600,2850.150000,1042.721200,5176.920300
2006,CHL,F09,130614.890900,105801.714800,274924.603100,2846.669500,1041.663600,5162.368000
2006,CHN,B06,24062.244200,21199.414500,76644.576300,497.258100,241.392300,1105.042900
2006,CHN,B0609,27500.510700,24295.355300,83269.547200,554.489900,270.171800,1311.913400
2006,CHN,F,4810009.021100,4320815.871700,7370048.078400,38021.359700,24409.852800,132580.088100
2006,CHN,F09,4806570.754600,4317719.930900,7363423.107500,37964.127900,24381.073300,132373.217600
2006,CIV,B06,21.988600,15.004900,33.748700,0.055300,0.002300,0.284800
2006,CIV,B0609,30.003400,20.882900,44.548000,0.068100,0.003600,0.359400
2006,CIV,F,14296.023000,10823.152800,31315.308800,80.035400,20.889000,419.089600
2006,CIV,F09,14288.008200,10817.274800,31304.509500,80.022600,20.887700,419.015000
2006,CMR,B06,455.439800,243.071700,1451.488100,20.341700,13.573300,8.689600
2006,CMR,B0609,521.329400,289.265100,1624.869100,23.360200,15.572900,10.750400
2006,CMR,F,10832.910800,8514.354500,29667.303400,141.886400,100.424000,546.483800
2006,CMR,F09,10767.021200,8468.161100,29493.922400,138.867900,98.424400,544.423000
2006,COD,B06,54.262300,47.455100,322.784400,1.087000,0.298400,0.579900
2006,COD,B0609,80.401900,68.882800,398.484500,1.685300,0.539500,1.061400
2006,COD,F,7463.296300,5900.299100,21089.942900,139.067000,59.290400,171.873300
2006,COD,F09,7437.156700,5878.871400,21014.242800,138.468700,59.049300,171.391800
2006,COL,B06,2444.396200,2229.630900,8942.804100,72.085500,0.049200,58.699300
2006,COL,B0609,2485.925600,2263.984100,9041.412600,72.739700,0.049900,62.536300
2006,COL,F,129323.741300,111194.992600,273771.549100,1082.434000,78.127800,4442.958800
2006,COL,F09,129282.211900,111160.639400,273672.940600,1081.779800,78.127100,4439.121800
2006,CRI,B06,0.163300,0.104400,0.497300,0.014600,0.005100,0.014400
2006,CRI,B0609,0.220400,0.143100,0.657100,0.017600,0.006300,0.019900
2006,CRI,F,17764.772700,12323.277800,39181.277600,572.379900,239.731000,890.267200
2006,CRI,F09,17764.715600,12323.239100,39181.117800,572.376900,239.729800,890.261700
2006,CYP,B06,10.787700,8.997100,24.465800,4.548900,4.535400,0.384200
2006,CYP,B0609,11.019700,9.172200,24.875900,4.610100,4.596500,0.401800
2006,CYP,F,17876.598500,13636.897800,36199.232700,1491.398500,1475.754600,562.533800
2006,CYP,F09,17876.366500,13636.722700,36198.822600,1491.337300,1475.693500,562.516200
2006,CZE,B06,34.115600,32.003100,190.003900,0.248300,0.099800,0.437700
2006,CZE,B0609,116.411700,90.771800,349.868000,0.307800,0.116200,7.133800
2006,CZE,F,221899.206800,162489.066400,370425.795800,337.787800,122.186300,6514.698200
2006,CZE,F09,221816.910700,162430.297700,370265.931700,337.728300,122.169900,6508.002100
2006,DEU,B06,2215.975000,1626.013800,3712.828000,7.948100,1.751500,80.776000
2006,DEU,B0609,2636.645300,1965.152600,4372.839000,9.535700,2.194100,102.082500
2006,DEU,F,2775163.927400,2243042.913300,5557837.233500,6706.466700,3031.969400,75817.381900
2006,DEU,F09,2774743.257100,2242703.774500,5557177.222500,6704.879100,3031.526800,75796.075400
2006,DNK,B06,1025.420600,674.343200,10697.640100,57.287200,4.178600,44.156700
2006,DNK,B0609,1079.941400,710.200400,10867.310400,60.213500,4.432700,46.524500
2006,DNK,F,238786.044800,166099.451600,481073.702500,4078.091900,1214.658100,11675.338000
2006,DNK,F09,238731.524000,166063.594400,480904.032200,4075.165600,1214.404000,11672.970200
2006,EGY,B06,1140.674500,828.122800,15716.500900,15.304600,4.543900,18.074700
2006,EGY,B0609,1232.949400,888.794700,16101.606200,16.327800,4.919800,20.703400
2006,EGY,F,62230.820400,46142.946300,161956.398900,647.265100,325.335900,1064.478000
2006,EGY,F09,62138.545500,46082.274400,161571.293600,646.241900,324.960000,1061.849300
2006,ESP,B06,39.570400,32.800700,91.915800,0.251600,0.152000,2.367700
2006,ESP,B0609,136.954100,111.420200,266.618800,1.190500,0.717400,8.369400
2006,ESP,F,1346026.574200,1118903.312400,2509097.181100,2896.894600,1717.638300,36525.820200
2006,ESP,F09,1345929.190500,1118824.692900,2508922.478100,2895.955700,1717.072900,36519.818500
2006,EST,B06,78.995100,45.669700,184.847100,0.670200,0.270400,6.093300
2006,EST,B0609,79.662100,46.120900,186.060300,0.675000,0.274400,6.126900
2006,EST,F,18469.551100,12461.782000,33957.366600,206.408100,102.842900,606.155000
2006,EST,F09,18468.884100,12461.330800,33956.153400,206.403300,102.838900,606.121400
2006,FIN,B06,0.000000,0.000000,0.000000,0.000000,0.000000,0.000000
2006,FIN,B0609,1.237000,0.950000,2.493300,0.007100,0.002600,0.094100
2006,FIN,F,217263.385000,164667.460200,415786.387900,1791.911400,664.232600,9231.138800
2006,FIN,F09,217262.148000,164666.510200,415783.894600,1791.904300,664.230000,9231.044700
2006,FRA,B06,1167.097100,1083.071300,1500.053300,1.306500,1.015100,74.765200
2006,FRA,B0609,1386.793700,1262.225500,1751.941900,1.978300,1.515700,90.575400
2006,FRA,F,1993914.211700,1655871.635600,4150849.554900,3651.809800,2712.516400,79850.924900
2006,FRA,F09,1993694.515100,1655692.481400,4150597.666300,3651.138000,2712.015800,79835.114700
2006,GBR,B06,16185.086600,13636.568500,55980.170200,210.842400,84.466600,386.997900
2006,GBR,B0609,20427.642500,17333.412700,63635.368000,233.583500,93.885900,528.752800
2006,GBR,F,2192464.830400,1860805.769100,4664768.913400,6921.579700,3522.447000,72045.431100
2006,GBR,F09,2188222.274500,1857108.924900,4657113.715600,6898.838600,3513.027700,71903.676200
2006,GRC,B06,25.628700,20.263500,33.436300,0.870700,0.467200,1.244100
2006,GRC,B0609,43.036100,34.538600,74.837100,1.958400,1.000700,2.511900
2006,GRC,F,192895.651400,150445.643900,444404.951800,8214.123100,4467.638500,9125.823100
2006,GRC,F09,192878.244000,150431.368800,444363.551000,8213.035400,4467.105000,9124.555300
2006,HKG,B06,0.000000,0.000000,0.000000,0.000000,0.000000,0.000000
2006,HKG,B0609,134.435200,91.169200,153.787300,10.841300,3.459200,1.030600
2006,HKG,F,224379.396300,173408.434900,416396.603200,16053.531700,5542.652800,1843.052100
2006,HKG,F09,224244.961100,173317.265700,416242.815900,16042.690400,5539.193600,1842.021500
2006,HRV,B06,24.446100,19.453700,166.023600,0.263500,0.211600,6.871500
2006,HRV,B0609,492.641200,401.388900,871.794400,4.722600,3.811600,30.823000
2006,HRV,F,44766.798000,34148.973200,88565.023500,366.137200,297.829800,2275.749100
2006,HRV,F09,44298.602900,33767.038000,87859.252700,361.678100,294.229800,2251.797600
2006,HUN,B06,84.120200,47.507100,120.806800,0.066700,0.020500,8.253400
2006,HUN,B0609,145.646700,88.740300,219.125600,1.122000,0.437300,12.082400
2006,HUN,F,135084.467800,80546.430400,240929.493700,268.233900,90.490500,5291.012300
2006,HUN,F09,135022.941300,80505.197200,240831.174900,267.178600,90.073700,5287.183300
2006,IDN,B06,5865.623700,4739.675800,24086.861300,35.805900,28.022700,93.449700
2006,IDN,B0609,7210.524700,5809.875500,27245.746900,44.434000,35.010100,115.199800
2006,IDN,F,356926.958900,298311.031000,722057.487500,1994.518800,1719.462300,5294.793900
2006,IDN,F09,355582.057900,297240.831300,718898.601900,1985.890700,1712.474900,5273.043800
2006,IND,B06,9130.398400,6892.131000,20164.930300,260.991500,0.010000,279.370800
2006,IND,B0609,9995.391000,7572.340200,26964.180200,284.513300,0.011700,330.347300
2006,IND,F,861397.626200,711197.687300,1708999.062600,6873.487400,996.624200,28374.522900
2006,IND,F09,860532.633600,710517.478100,1702199.812700,6849.965600,996.622500,28323.546400
2006,IRL,B06,61.993200,37.205900,99.199900,0.066600,0.033600,2.113800
2006,IRL,B0609,151.393000,70.627800,215.334900,0.167300,0.082400,4.582600
2006,IRL,F,272713.904700,169846.631200,485122.930200,219.309900,98.855200,8236.345800
2006,IRL,F09,272624.504900,169813.209300,485006.795200,219.209200,98.806400,8233.877000
2006,ISL,B06,0.205100,0.150800,0.712200,0.011200,0.005300,0.016000
2006,ISL,B0609,0.226100,0.167500,0.787700,0.012100,0.005800,0.018000
2006,ISL,F,16650.522800,12487.900300,32371.716500,429.977900,235.149400,807.765500
2006,ISL,F09,16650.501800,12487.883600,32371.641000,429.977000,235.148900,807.763500
2006,ISR,B06,83.920000,22.687100,287.914900,1.750900,1.034200,3.912400
2006,ISR,B0609,120.636800,48.385000,371.634900,2.203400,1.233000,5.968500
2006,ISR,F,114614.994900,82766.064900,261664.922900,1245.016200,556.413400,4625.114300
2006,ISR,F09,114578.278100,82740.367000,261581.202900,1244.563700,556.214600,4623.058200
2006,ITA,B06,5761.485200,3965.131400,11082.792000,673.763000,6.546000,196.801400
2006,ITA,B0609,5790.199700,3985.250200,11386.508200,678.687600,6.588200,198.419900
2006,ITA,F,2039743.015000,1709814.559500,3850528.793200,10400.822200,5380.092300,69139.351800
2006,ITA,F09,2039714.300500,1709794.440700,3850225.077000,10395.897600,5380.050100,69137.733300
2006,JOR,B06,60.831300,27.581800,143.876100,1.142400,0.000700,0.449200
2006,JOR,B0609,107.272500,60.100200,255.516900,1.228300,0.060400,1.538700
2006,JOR,F,15650.569100,8861.006500,29600.421000,134.873300,25.069300,295.080800
2006,JOR,F09,15604.127900,8828.488100,29488.780200,134.787400,25.009600,293.991300
2006,JPN,B06,362.577200,344.865700,882.904100,1.263600,0.500400,13.347400
2006,JPN,B0609,1341.957400,1191.118300,2653.605900,21.311600,0.504600,112.703200
2006,JPN,F,3847883.275500,3422160.814200,8294294.210200,36400.379300,15794.284900,126500.888100
2006,JPN,F09,3846903.895300,3421314.561600,8292523.508400,36380.331300,15794.280700,126401.532300
2006,KAZ,B06,17584.468900,13282.678700,30958.815500,59.538800,11.235200,549.463300
2006,KAZ,B0609,18445.776200,13910.651000,32447.557000,60.517100,11.937200,570.801100
2006,KAZ,F,61328.206300,49685.463700,127946.665300,453.204700,60.583500,1292.567000
2006,KAZ,F09,60466.899000,49057.491400,126457.923800,452.226400,59.881500,1271.229200
2006,KHM,B06,0.000000,0.000000,0.000000,0.000000,0.000000,0.000000
2006,KHM,B0609,8.036700,6.323800,17.583400,0.158800,0.000400,0.096200
2006,KHM,F,5736.506000,3365.119300,13032.305500,96.848900,10.500100,134.955300
2006,KHM,F09,5728.469300,3358.795500,13014.722100,96.690100,10.499700,134.859100
2006,KOR,B06,64.338900,39.347300,191.462500,20.097100,13.483700,1.019500
2006,KOR,B0609,68.958200,43.031700,209.102900,21.097800,14.153600,1.217900
2006,KOR,F,1281857.401000,1009468.987200,2274798.982400,33525.179400,23700.335100,37652.961400
2006,KOR,F09,1281852.781700,1009465.302800,2274781.342000,33524.178700,23699.665200,37652.763000
2006,LAO,B06,2.872700,1.518700,31.653600,0.013600,0.006800,0.114600
2006,LAO,B0609,10.721900,7.417300,62.300600,0.031200,0.016200,0.310300
2006,LAO,F,1829.867700,1155.664600,5107.914900,4.804400,2.428800,83.683400
2006,LAO,F09,1822.018500,1149.766000,5077.267900,4.786800,2.419400,83.487700
2006,LTU,B06,43.089200,32.822900,103.299900,0.279900,0.067800,1.998800
2006,LTU,B0609,48.750200,36.075600,128.866200,0.326000,0.082000,2.378100
2006,LTU,F,24270.588200,15310.441200,53140.926700,281.810900,73.891300,1694.635500
2006,LTU,F09,24264.927200,15307.188500,53115.360400,281.764800,73.877100,1694.256200
2006,LUX,B06,0.000000,0.000000,0.000000,0.000000,0.000000,0.000000
2006,LUX,B0609,0.000000,0.000000,0.000000,0.000000,0.000000,0.000000
2006,LUX,F,77615.059900,34793.482700,118191.036000,83.395100,32.260100,2030.665800
2006,LUX,F09,77615.059900,34793.482700,118191.036000,83.395100,32.260100,2030.665800
2006,LVA,B06,0.000000,0.000000,0.000000,0.000000,0.000000,0.000000
2006,LVA,B0609,0.069400,0.056200,0.688800,0.000700,0.000300,0.004700
2006,LVA,F,24373.822600,19457.460000,44315.966000,231.409000,115.612100,843.040100
2006,LVA,F09,24373.753200,19457.403800,44315.277200,231.408300,115.611800,843.035400
2006,MAR,B06,1.227300,0.662200,10.965100,0.028800,0.000300,0.048300
2006,MAR,B0609,4.729400,2.998300,47.638600,0.092500,0.001100,0.203500
2006,MAR,F,48058.406100,33901.231000,108216.273900,414.266800,90.666900,1267.330200
2006,MAR,F09,48054.904000,33898.894900,108179.600400,414.203100,90.666100,1267.175000
2006,MEX,B06,6612.279700,5737.016200,66947.357700,80.738400,2.213100,79.094600
2006,MEX,B0609,11090.975600,9544.128500,74502.602500,128.376800,6.598200,154.822400
2006,MEX,F,766729.420000,611065.029500,1708685.356000,3300.352600,729.285000,8630.037300
2006,MEX,F09,762250.724100,607257.917200,1701130.111200,3252.714200,724.899900,8554.309500
2006,MLT,B06,4.312200,2.982400,6.846900,0.067600,0.020000,0.153600
2006,MLT,B0609,17.731700,11.148200,30.921200,0.243300,0.079700,0.804000
2006,MLT,F,9878.299900,6758.232600,16072.010700,77.877900,32.786000,287.667600
2006,MLT,F09,9864.880400,6750.066800,16047.936400,77.702200,32.726300,287.017200
2006,MMR,B06,469.848200,350.547900,960.707700,36.774800,16.778800,5.079200
2006,MMR,B0609,471.798800,352.060900,964.963400,36.870100,16.824100,5.101700
2006,MMR,F,10022.952700,9207.573300,20401.896300,139.882300,79.450300,47.993100
2006,MMR,F09,10021.002100,9206.060300,20397.640600,139.787000,79.405000,47.970600
2006,MYS,B06,13840.284600,10093.982100,22400.696300,186.461000,103.819000,78.367200
2006,MYS,B0609,14931.896900,10841.364800,24544.058200,198.196400,110.344300,85.938400
2006,MYS,F,247968.482400,170672.397100,401738.647900,1475.865300,815.173800,1078.905800
2006,MYS,F09,246876.870100,169925.014400,399595.286000,1464.129900,808.648500,1071.334600
2006,NGA,B06,13092.135600,9420.244500,45158.528000,1894.748500,5.302300,284.733800
2006,NGA,B0609,13126.021800,9447.872700,45223.371800,1895.840800,5.308000,285.379400
2006,NGA,F,146291.245900,135694.673500,347433.940300,658.418800,67.495900,2779.897900
2006,NGA,F09,146257.359700,135667.045300,347369.096500,657.326500,67.490200,2779.252300
2006,NLD,B06,3241.232000,2389.241800,20069.304800,23.858200,14.162300,131.010900
2006,NLD,B0609,5630.641600,4037.691600,26311.469300,27.192900,16.752100,269.938500
2006,NLD,F,669715.411600,478862.181400,1328861.395800,4971.518200,3265.758200,22776.320000
2006,NLD,F09,667326.002000,477213.731600,1322619.231300,4968.183500,3263.168400,22637.392400
2006,NOR,B06,8861.110200,7052.763700,90706.058000,202.173600,65.374200,130.582000
2006,NOR,B0609,12257.743900,9892.529000,97033.150800,243.292700,86.443800,225.100700
2006,NOR,F,231431.499800,188007.060400,468172.736100,7006.191200,2746.003200,8771.831300
2006,NOR,F09,228034.866100,185167.295100,461845.643300,6965.072100,2724.933600,8677.312600
2006,NZL,B06,305.026800,270.965300,647.394100,9.743200,8.632600,5.538100
2006,NZL,B0609,617.405000,546.664200,1079.076000,10.797900,9.514600,11.721700
2006,NZL,F,119934.443200,104514.853500,225536.825700,290.873200,241.807500,2108.762800
2006,NZL,F09,119622.065000,104239.154600,225105.143800,289.818500,240.925500,2102.579200
2006,PAK,B06,1541.430100,1181.292900,4084.770900,50.114600,27.610400,31.936100
2006,PAK,B0609,1613.551900,1239.482200,4261.808800,52.170800,28.766900,34.079500
2006,PAK,F,96029.509000,84370.632400,212768.552300,1415.504300,905.687400,756.930900
2006,PAK,F09,95957.387200,84312.443100,212591.514400,1413.448100,904.530900,754.787500
2006,PER,B06,909.227700,781.425500,2465.026700,5.201000,3.535800,33.109700
2006,PER,B0609,1371.031500,1190.185500,3931.115300,7.650400,5.229700,46.970900
2006,PER,F,71713.275100,61562.430100,153590.952500,181.480700,124.887300,2296.602500
2006,PER,F09,71251.471300,61153.670100,152124.863900,179.031300,123.193400,2282.741300
2006,PHL,B06,215.622300,123.539600,842.877500,1.423700,1.149800,13.930000
2006,PHL,B0609,268.902300,152.855800,938.363800,4.900300,1.178300,15.246200
2006,PHL,F,123980.637000,96406.928400,246540.497800,1501.059900,219.804500,1943.348500
2006,PHL,F09,123927.357000,96377.612200,246445.011500,1497.583300,219.776000,1942.032300
2006,POL,B06,86.753400,57.433900,184.355400,0.415000,0.162100,5.408200
2006,POL,B0609,177.398000,118.123300,388.310000,1.182100,0.445800,16.451100
2006,POL,F,381795.121600,302034.292600,699774.847700,1430.313300,529.938800,16031.197000
2006,POL,F09,381704.477000,301973.603200,699570.893100,1429.546200,529.655100,16020.154100
2006,PRT,B06,0.000000,0.000000,0.000000,0.000000,0.000000,0.000000
2006,PRT,B0609,7.041700,5.510500,19.399200,0.021700,0.012200,0.508100
2006,PRT,F,195458.701600,152038.427300,384194.457200,209.862900,117.350200,8350.627400
2006,PRT,F09,195451.659900,152032.916800,384175.058000,209.841200,117.338000,8350.119300
2006,ROU,B06,807.259400,589.896400,1420.435400,1.884000,1.522800,62.264300
2006,ROU,B0609,1367.406100,1051.562900,2360.418900,3.656500,1.537300,103.302100
2006,ROU,F,118991.970800,96937.361300,231307.256400,550.149100,89.604800,4200.520100
2006,ROU,F09,118431.824100,96475.694800,230367.272900,548.376600,89.590300,4159.482300
2006,RUS,B06,7506.013900,7235.951600,77110.103400,15.282100,6.184100,100.036100
2006,RUS,B0609,53412.491100,50176.742400,130999.936100,141.881700,55.634100,3742.926900
2006,RUS,F,737227.058400,652876.841800,1622861.870300,2086.092500,997.124000,35784.277800
2006,RUS,F09,691320.581200,609936.051000,1568972.037600,1959.492900,947.674000,32141.387000
2006,SAU,B06,10980.353900,7171.729100,161429.343000,181.554100,139.996500,55.988100
2006,SAU,B0609,11159.474800,7280.169800,161918.703100,181.772400,140.126200,57.117500
2006,SAU,F,142371.397300,99836.872300,366246.400100,178.576900,116.092000,810.037700
2006,SAU,F09,142192.276400,99728.431600,365757.040000,178.358600,115.962300,808.908300
2006,SEN,B06,2.213500,1.729800,2.676300,0.219600,0.000400,0.031100
2006,SEN,B0609,7.024200,5.926900,7.795400,0.233900,0.004300,0.112200
2006,SEN,F,7724.184600,5784.489600,18426.535300,324.851200,5.110100,307.235600
2006,SEN,F09,7719.373900,5780.292500,18421.416200,324.836900,5.106200,307.154500
2006,SGP,B06,0.000000,0.000000,0.000000,0.000000,0.000000,0.000000
2006,SGP,B0609,0.000000,0.000000,0.000000,0.000000,0.000000,0.000000
2006,SGP,F,257568.560600,141387.700100,402757.862600,16167.038900,4996.328900,2774.362400
2006,SGP,F09,257568.560600,141387.700100,402757.862600,16167.038900,4996.328900,2774.362400
2006,STP,B06,0.155400,0.107700,0.351200,0.021100,0.000200,-0.000300
2006,STP,B0609,0.258600,0.179300,0.523300,0.032100,0.000400,-0.000600
2006,STP,F,163.044000,130.570700,296.074100,4.968900,0.219800,-0.178400
2006,STP,F09,162.940800,130.499100,295.902000,4.957900,0.219600,-0.178100
2006,SVK,B06,0.905200,0.697200,1.177800,0.001400,0.000500,0.080900
2006,SVK,B0609,92.408900,67.203200,176.584600,0.381400,0.148100,4.989600
2006,SVK,F,70220.302400,42331.556000,125078.930600,132.160500,50.397500,3469.186200
2006,SVK,F09,70128.798700,42265.050000,124903.523800,131.780500,50.249900,3464.277500
2006,SVN,B06,0.000000,0.000000,0.000000,0.000000,0.000000,0.000000
2006,SVN,B0609,6.031000,3.922500,8.170700,0.018300,0.007400,0.368800
2006,SVN,F,41609.836300,27360.235500,77679.888600,121.792600,51.969100,1376.731400
2006,SVN,F09,41603.805300,27356.313000,77671.717900,121.774300,51.961700,1376.362600
2006,SWE,B06,34.182900,16.131100,51.349800,0.639700,0.352800,2.627500
2006,SWE,B0609,134.913600,92.613500,229.228800,2.301600,1.275300,9.301300
2006,SWE,F,400427.715300,308509.969300,793340.280200,4800.891500,2865.206900,17773.950300
2006,SWE,F09,400326.984600,308433.486900,793162.401200,4799.229600,2864.284400,17767.276500
2006,THA,B06,1911.157300,1115.951900,6741.299700,43.600600,2.108500,49.040300
2006,THA,B0609,1985.992200,1166.124500,7545.546400,45.358000,2.108800,56.881700
2006,THA,F,320940.984700,220155.394200,525794.862100,3741.565200,929.001200,9398.378300
2006,THA,F09,320866.149800,220105.221600,524990.615400,3739.807800,929.000900,9390.536900
2006,TUN,B06,397.830400,326.984400,1501.708300,18.794500,0.020400,2.901300
2006,TUN,B0609,459.310100,377.671800,1660.696800,20.040100,0.024100,3.271900
2006,TUN,F,27205.856600,18927.920900,58433.499500,453.150600,94.687800,344.255300
2006,TUN,F09,27144.376900,18877.233500,58274.511000,451.905000,94.684100,343.884700
2006,TUR,B06,417.800900,327.598000,1320.600600,19.107500,10.565900,33.908800
2006,TUR,B0609,481.663900,378.555300,1660.458900,21.330400,11.838600,39.376600
2006,TUR,F,521801.712900,435100.669000,1034682.278100,7029.793000,4675.794800,25960.083900
2006,TUR,F09,521737.849900,435049.711700,1034342.419800,7027.570100,4674.522100,25954.616100
2006,TWN,B06,169.166500,96.890800,434.970400,0.589500,0.428400,1.362200
2006,TWN,B0609,579.062600,332.383000,1131.881700,1.904800,1.110900,7.440500
2006,TWN,F,524519.284000,354678.759000,903331.429900,4693.228100,3944.594000,3363.536000
2006,TWN,F09,524109.387900,354443.266800,902634.518600,4691.912800,3943.911500,3357.457700
2006,UKR,B06,1752.177600,1431.074500,3810.418800,125.806700,69.499000,76.391000
2006,UKR,B0609,3003.334100,2472.941700,5137.278000,175.196100,97.248900,119.595500
2006,UKR,F,139660.446000,116772.130700,239993.937900,2247.684800,1391.369300,4297.527300
2006,UKR,F09,138409.289500,115730.263500,238667.078700,2198.295400,1363.619400,4254.322800
2006,USA,B06,77687.104500,59179.524700,248476.504700,1158.375000,468.288600,976.864100
2006,USA,B0609,121118.222800,99287.796900,335281.888900,1199.471000,504.884000,1861.487500
2006,USA,F,10888685.863000,9848879.498000,24164700.934500,43014.476500,21819.412800,141718.694100
2006,USA,F09,10845254.744700,9808771.225800,24077895.550300,42973.380500,21782.817400,140834.070700
2006,VNM,B06,4051.416100,2529.232900,11298.209900,18.358800,7.508700,179.162500
2006,VNM,B0609,4235.673900,2634.085300,11617.118300,19.330200,7.954900,189.677900
2006,VNM,F,88124.582800,59803.209300,145198.532100,407.803600,265.635800,2923.402500
2006,VNM,F09,87940.325000,59698.356900,144879.623700,406.832200,265.189600,2912.887100
2006,ZAF,B06,1417.312400,1167.039300,1684.636600,44.382100,0.009200,82.160500
2006,ZAF,B0609,1966.441000,1642.918200,2436.395800,56.103800,0.015200,119.316200
2006,ZAF,F,333233.498800,283059.891000,621319.220500,2958.829000,182.283700,13294.296800
2006,ZAF,F09,332684.370200,282584.012100,620567.461300,2947.107300,182.277700,13257.141100
2006,ROW,B06,135766.111800,115802.236200,458039.216800,2748.958600,439.478500,208.894800
2006,ROW,B0609,157986.634200,134085.219600,505266.245800,3158.983600,544.836600,326.357700
2006,ROW,F,1520235.503000,1225261.330200,3170235.536000,20431.682100,9256.923900,16287.515200
2006,ROW,F09,1498014.980600,1206978.346800,3123008.507000,20021.657100,9151.565800,16170.052300
2007,AGO,B06,7802.759000,4786.262400,32464.376900,276.386300,0.081300,-6.500400
2007,AGO,B0609,8711.648900,5191.373300,36855.562300,292.370500,0.699400,-6.845700
2007,AGO,F,23596.461800,14161.275100,66643.625200,509.113600,34.490800,-137.832100
2007,AGO,F09,22687.571900,13756.164200,62252.439800,493.129400,33.872700,-137.486800
2007,ARE,B06,11730.653200,8168.036500,75115.243500,185.351000,97.728200,59.135600
2007,ARE,B0609,15760.029200,10867.315100,86424.720100,220.650600,118.040900,83.452800
2007,ARE,F,176308.669000,119464.834000,372557.299300,1831.691700,1033.182100,1191.290100
2007,ARE,F09,172279.293000,116765.555400,361247.822700,1796.392100,1012.869400,1166.972900
2007,ARG,B06,6537.578800,5902.019200,16081.717700,29.986400,0.008500,318.165900
2007,ARG,B0609,7509.302800,6745.612200,17942.990000,33.130800,0.219600,390.621200
2007,ARG,F,224310.408500,197859.207500,470974.895600,392.880900,116.528900,11406.505300
2007,ARG,F09,223338.684500,197015.614500,469113.623300,389.736500,116.317800,11334.050000
2007,AUS,B06,4836.507900,4384.987700,26058.012800,114.526400,109.651400,88.698100
2007,AUS,B0609,9904.247200,9049.211500,36885.388000,143.172400,136.265800,183.278600
2007,AUS,F,933523.977100,842273.443800,1808822.374000,3012.460700,2731.039100,20661.798200
2007,AUS,F09,928456.237800,837609.220000,1797994.998800,2983.814700,2704.424700,20567.217700
2007,AUT,B06,473.025600,330.790300,1277.522500,0.412600,0.217900,16.915400
2007,AUT,B0609,514.668100,361.215300,1361.959200,0.728200,0.220900,19.040100
2007,AUT,F,354920.060300,266361.126900,712347.940800,1414.098500,107.286900,10430.856200
2007,AUT,F09,354878.417800,266330.701900,712263.504100,1413.782900,107.283900,10428.731500
2007,BEL,B06,0.000000,0.000000,0.000000,0.000000,0.000000,0.000000
2007,BEL,B0609,31.539300,20.873300,51.525800,0.145600,0.081300,1.531300
2007,BEL,F,542074.333100,382344.979100,978925.051400,3075.542500,1720.660200,16676.812500
2007,BEL,F09,542042.793800,382324.105800,978873.525600,3075.396900,1720.578900,16675.281200
2007,BGD,B06,248.478200,202.741100,1146.560700,21.328100,11.048600,1.642000
2007,BGD,B0609,268.791000,219.451600,1199.116100,22.710700,11.776200,1.911200
2007,BGD,F,49025.971200,42150.778400,120237.250700,1534.926600,884.292800,628.347800
2007,BGD,F09,49005.658400,42134.067900,120184.695300,1533.544000,883.565200,628.078600
2007,BGR,B06,12.707900,6.254300,42.218000,0.223400,0.102600,2.398400
2007,BGR,B0609,20.215300,11.007800,51.579400,0.300600,0.138500,3.097000
2007,BGR,F,59044.155500,41503.804700,100356.826700,406.168200,199.830400,3646.085000
2007,BGR,F09,59036.648100,41499.051200,100347.465300,406.091000,199.794500,3645.386400
2007,BLR,B06,124.045800,29.006100,460.370700,1.222900,0.054200,47.851100
2007,BLR,B0609,165.326500,48.016000,585.652800,1.630500,0.059500,59.336900
2007,BLR,F,46413.859000,29883.535900,90885.432400,371.902100,75.554800,5197.880000
2007,BLR,F09,46372.578300,29864.526000,90760.150300,371.494500,75.549500,5186.394200
2007,BRA,B06,17244.903900,15219.919900,42764.737000,790.848600,250.299700,1554.307600
2007,BRA,B0609,18673.655500,16548.132000,45707.551100,794.987200,251.860000,1649.816800
2007,BRA,F,1214236.973400,1119988.450700,2452868.157800,4502.311900,2019.475500,71297.310100
2007,BRA,F09,1212808.221800,1118660.238600,2449925.343700,4498.173300,2017.915200,71201.800900
2007,BRN,B06,1651.397200,1377.267700,6682.213800,68.565500,67.404900,-17.323000
2007,BRN,B0609,1833.209600,1542.247700,7250.497500,71.267000,70.051900,-18.739300
2007,BRN,F,9896.590100,9306.823300,18637.605000,122.789800,120.675400,-136.557500
2007,BRN,F09,9714.777700,9141.843300,18069.321300,120.088300,118.028400,-135.141200
2007,CAN,B06,30509.299400,25449.721700,113692.618500,30.855800,22.354500,312.762500
2007,CAN,B0609,36930.245000,30556.689900,130271.493900,46.274300,32.815500,519.349000
2007,CAN,F,1178444.056600,938234.304800,2490082.266500,5689.968700,1448.120400,23009.416500
2007,CAN,F09,1172023.111000,933127.336600,2473503.391100,5674.550200,1437.659400,22802.830000
2007,CHE,B06,0.000000,0.000000,0.000000,0.000000,0.000000,0.000000
2007,CHE,B0609,146.501100,115.761300,222.403100,1.634500,1.086000,2.823800
2007,CHE,F,524165.601900,413776.875900,1001990.610900,7897.336400,5207.046300,5671.213400
2007,CHE,F09,524019.100800,413661.114600,1001768.207800,7895.701900,5205.960300,5668.389600
2007,CHL,B06,146.661900,108.206700,315.695400,7.976100,3.171300,7.376200
2007,CHL,B0609,317.882400,250.153400,968.647900,12.240800,4.953500,30.952700
2007,CHL,F,153319.736100,122624.420200,316390.346600,3697.284300,1679.481100,6947.048700
2007,CHL,F09,153148.515600,122482.473500,315737.394100,3693.019600,1677.698900,6923.472200
2007,CHN,B06,37776.320000,34393.593000,100793.987900,367.144600,239.390000,2435.812100
2007,CHN,B0609,42769.496000,38729.712500,109506.373800,480.170100,303.796000,2648.161500
2007,CHN,F,6383285.047800,5776358.608700,9690309.914400,59051.894100,40444.017400,186508.329200
2007,CHN,F09,6378291.871800,5772022.489200,9681597.528500,58938.868600,40379.611400,186295.979800
2007,CIV,B06,25.043500,17.029800,38.228600,0.064700,0.002500,0.293800
2007,CIV,B0609,34.117500,23.628300,50.468300,0.080300,0.003900,0.375200
2007,CIV,F,16109.362400,12227.026800,35408.855000,92.456600,24.041900,465.752300
2007,CIV,F09,16100.288400,12220.428300,35396.615300,92.441000,24.040500,465.670900
2007,CMR,B06,443.967800,110.327700,1405.900800,2.662300,2.353100,5.440900
2007,CMR,B0609,513.516100,140.129000,1590.839700,3.057400,2.696200,7.236700
2007,CMR,F,12796.985600,9571.746000,34488.896200,169.171700,118.019800,642.829000
2007,CMR,F09,12727.437300,9541.944700,34303.957300,168.776600,117.676700,641.033200
2007,COD,B06,73.233000,44.722200,432.118300,3.068300,0.075700,2.044200
2007,COD,B0609,99.869200,60.977000,515.953700,3.733400,0.197700,2.897800
2007,COD,F,8724.237000,5923.142600,24673.506600,201.401000,45.043300,262.249700
2007,COD,F09,8697.600800,5906.887800,24589.671200,200.735900,44.921300,261.396100
2007,COL,B06,3098.782100,2831.561400,10339.664100,79.912900,0.052900,73.591300
2007,COL,B0609,3148.512400,2873.443500,10460.484000,80.466400,0.053700,78.194900
2007,COL,F,162534.216300,141284.009500,347678.390300,1299.974300,101.232700,5781.396900
2007,COL,F09,162484.486000,141242.127400,347557.570400,1299.420800,101.231900,5776.793300
2007,CRI,B06,0.198100,0.128000,0.587800,0.020900,0.007400,0.016900
2007,CRI,B0609,0.256900,0.169400,0.782100,0.023300,0.008500,0.022700
2007,CRI,F,21253.186100,14889.471900,46519.040300,672.955800,287.776900,1115.982900
2007,CRI,F09,21253.127300,14889.430500,46518.846000,672.953400,287.775800,1115.977100
2007,CYP,B06,12.665100,10.418200,28.996500,4.600600,4.583400,0.604900
2007,CYP,B0609,12.932600,10.620500,29.482600,4.655500,4.638100,0.628900
2007,CYP,F,21405.214400,16243.735600,42865.624900,1515.274400,1496.239900,714.157800
2007,CYP,F09,21404.946900,16243.533300,42865.138800,1515.219500,1496.185200,714.133800
2007,CZE,B06,47.610100,44.130200,188.081200,0.201800,0.062900,0.644900
2007,CZE,B0609,156.801000,125.546500,380.133600,0.290000,0.096400,8.438000
2007,CZE,F,275049.110900,200330.062900,455154.329600,450.474800,142.329600,7843.179800
2007,CZE,F09,274939.920000,200248.646600,454962.277200,450.386600,142.296100,7835.386700
2007,DEU,B06,3099.141400,2043.833000,4635.907000,17.232600,5.672000,130.668400
2007,DEU,B0609,3602.897000,2444.183400,5421.989600,19.478900,6.537900,156.657400
2007,DEU,F,3239088.422000,2603433.994900,6407684.971300,12007.079400,5088.549900,89399.057300
2007,DEU,F09,3238584.666400,2603033.644500,6406898.888700,12004.833100,5087.684000,89373.068300
2007,DNK,B06,1111.971200,736.772800,11578.849200,47.682900,11.162700,45.803700
2007,DNK,B0609,1211.189900,804.132300,11810.113600,51.599300,12.159900,49.951800
2007,DNK,F,282710.577500,196418.613000,556615.289200,3638.477200,1704.090600,13367.372400
2007,DNK,F09,282611.358800,196351.253500,556384.024800,3634.560800,1703.093400,13363.224300
2007,EGY,B06,1761.462400,1233.167300,19539.813800,44.436100,20.349300,27.272200
2007,EGY,B0609,1902.466000,1323.262500,20038.084000,46.429200,21.382600,30.679400
2007,EGY,F,85824.590400,62170.081900,207817.752200,1130.041300,658.312900,1245.180500
2007,EGY,F09,85683.586800,62079.986700,207319.482000,1128.048200,657.279600,1241.773300
2007,ESP,B06,45.120000,37.284700,109.459200,0.258100,0.147500,2.425300
2007,ESP,B0609,155.509500,126.079000,305.888300,1.009000,0.574700,8.731600
2007,ESP,F,1572130.130800,1304060.387600,2940493.989900,3176.227600,1792.585100,40194.407600
2007,ESP,F09,1572019.741300,1303971.593300,2940297.560800,3175.476700,1792.157900,40188.101300
2007,EST,B06,97.827700,54.789800,239.917100,0.895800,0.316800,8.534800
2007,EST,B0609,99.052000,55.603400,241.939400,0.903500,0.322500,8.596900
2007,EST,F,23381.585500,15598.568000,43769.082000,284.978300,123.960400,798.413900
2007,EST,F09,23380.361200,15597.754400,43767.059700,284.970600,123.954700,798.351800
2007,FIN,B06,0.000000,0.000000,0.000000,0.000000,0.000000,0.000000
2007,FIN,B0609,1.265200,0.977400,2.738100,0.006300,0.002100,0.093300
2007,FIN,F,254947.652700,193153.889800,490439.539500,1630.255600,728.510200,10538.394000
2007,FIN,F09,254946.387500,193152.912400,490436.801400,1630.249300,728.508100,10538.300700
2007,FRA,B06,1120.063700,1043.844500,1474.921200,1.196200,0.960400,68.690300
2007,FRA,B0609,1364.911100,1243.850700,1760.345800,1.822200,1.435300,85.756200
2007,FRA,F,2292020.607600,1903472.995400,4768611.738000,4502.439100,3420.205500,88801.301700
2007,FRA,F09,2291775.760200,1903272.989200,4768326.313400,4501.813100,3419.730600,88784.235800
2007,GBR,B06,19180.546900,15883.571600,61054.159700,214.150100,78.283600,462.504000
2007,GBR,B0609,24018.373300,20187.048300,69856.054500,236.089500,86.418500,601.853500
2007,GBR,F,2436800.340300,2066100.770300,5257931.229000,6965.207400,3496.962600,80957.319400
2007,GBR,F09,2431962.513900,2061797.293600,5249129.334200,6943.268000,3488.827700,80817.969900
2007,GRC,B06,28.569300,20.439700,37.778500,0.884300,0.474600,1.466600
2007,GRC,B0609,48.931900,36.146000,85.954900,1.814100,0.906400,2.934700
2007,GRC,F,225463.816900,171664.682800,517674.053500,9267.651200,4612.330900,10903.566100
2007,GRC,F09,225443.454300,171648.976500,517625.877100,9266.721400,4611.899100,10902.098000
2007,HKG,B06,0.000000,0.000000,0.000000,0.000000,0.000000,0.000000
2007,HKG,B0609,148.458700,107.112700,169.924500,10.445200,4.064300,1.649900
2007,HKG,F,247753.419300,192184.354300,456583.370000,18851.449000,6240.636000,3066.268000
2007,HKG,F09,247604.960600,192077.241600,456413.445500,18841.003800,6236.571700,3064.618100
2007,HRV,B06,30.241200,23.664500,199.699400,0.411100,0.339900,8.091400
2007,HRV,B0609,488.724600,398.867500,869.570700,3.956000,3.285900,32.984600
2007,HRV,F,53542.456400,40768.330200,106252.343800,439.040300,367.561200,2876.739500
2007,HRV,F09,53083.973000,40393.127200,105582.472500,435.495400,364.615200,2851.846300
2007,HUN,B06,53.190000,30.926100,124.632300,0.039300,0.012500,4.977600
2007,HUN,B0609,121.888800,75.557600,229.761000,1.241700,0.546900,9.751800
2007,HUN,F,159627.865300,92718.843500,288467.197200,383.900500,142.311400,6992.792400
2007,HUN,F09,159559.166500,92674.212000,288362.068500,382.698100,141.777000,6988.018200
2007,IDN,B06,6935.914200,5583.472200,28557.349800,43.407600,34.282800,113.608700
2007,IDN,B0609,8540.768700,6877.834400,32314.638800,52.847000,42.073800,139.630000
2007,IDN,F,421981.805700,352446.762900,854608.226100,2347.836300,2042.628600,6039.490600
2007,IDN,F09,420376.951200,351152.400700,850850.937100,2338.396900,2034.837600,6013.469300
2007,IND,B06,12372.010000,9373.986100,26465.322500,380.505100,0.011100,389.315400
2007,IND,B0609,13617.563900,10369.961100,35685.764400,404.065700,0.013000,462.291100
2007,IND,F,1158572.435600,960142.445500,2236095.208100,8517.939100,1359.889700,40677.829000
2007,IND,F09,1157326.881700,959146.470500,2226874.766200,8494.378500,1359.887800,40604.853300
2007,IRL,B06,85.792400,34.213400,128.667800,0.109200,0.058900,1.832100
2007,IRL,B0609,201.349700,81.243700,290.364900,0.275400,0.159700,5.179400
2007,IRL,F,325657.097900,207045.424200,574706.721400,366.059100,226.234900,9166.154700
2007,IRL,F09,325541.540600,206998.393900,574545.024300,365.892900,226.134100,9162.807400
2007,ISL,B06,0.320300,0.240200,1.077500,0.020600,0.010900,0.022300
2007,ISL,B0609,0.342700,0.259100,1.165800,0.021300,0.011400,0.024200
2007,ISL,F,21291.730500,16622.255500,40990.815700,573.251400,344.480300,1006.359300
2007,ISL,F09,21291.708100,16622.236600,40990.727400,573.250700,344.479800,1006.357400
2007,ISR,B06,73.895100,16.072800,253.227000,1.587600,0.926000,3.676100
2007,ISR,B0609,114.903000,44.586600,348.101200,2.053000,1.141300,5.723100
2007,ISR,F,134738.634100,97380.280900,304402.142300,1606.790200,694.955900,4710.800500
2007,ISR,F09,134697.626200,97351.767100,304307.268100,1606.324800,694.740600,4708.753500
2007,ITA,B06,5970.025400,4142.781500,11692.943500,733.486200,31.934600,197.712900
2007,ITA,B0609,6000.699200,4164.927900,12016.754400,738.042600,32.112400,199.370300
2007,ITA,F,2358942.693400,1971492.150600,4418493.689600,13043.078500,6492.875700,78269.832800
2007,ITA,F09,2358912.019600,1971470.004200,4418169.878700,13038.522100,6492.697900,78268.175400
2007,JOR,B06,67.552800,29.134000,163.766600,1.204900,0.001500,0.573700
2007,JOR,B0609,120.367800,60.161300,291.856900,2.004500,0.004200,1.549500
2007,JOR,F,18475.096000,10495.837000,34532.669600,163.919400,25.182500,178.207200
2007,JOR,F09,18422.281000,10464.809700,34404.579300,163.119800,25.179800,177.231400
2007,JPN,B06,527.276600,498.808900,1051.432500,2.132000,0.784000,18.611900
2007,JPN,B0609,1527.203700,1358.372000,2857.838700,21.332000,0.788800,137.568800
2007,JPN,F,3972562.131600,3506458.302400,8403279.154700,43826.284300,17628.749300,123511.158400
2007,JPN,F09,3971562.204500,3505598.739300,8401472.748500,43807.084300,17628.744500,123392.201500
2007,KAZ,B06,20654.570600,15273.765600,38098.894100,158.956700,21.897200,767.094000
2007,KAZ,B0609,21672.899700,15985.462500,39930.986300,159.836700,22.468000,792.702200
2007,KAZ,F,72706.294700,57273.996800,159658.845400,650.302400,99.166900,1273.251500
2007,KAZ,F09,71687.965600,56562.299900,157826.753200,649.422400,98.596100,1247.643300
2007,KHM,B06,0.000000,0.000000,0.000000,0.000000,0.000000,0.000000
2007,KHM,B0609,7.046200,5.622300,18.427600,0.111500,0.000300,0.105000
2007,KHM,F,6668.520900,4042.557600,15183.954100,111.968900,11.651800,183.984300
2007,KHM,F09,6661.474700,4036.935300,15165.526500,111.857400,11.651500,183.879300
2007,KOR,B06,66.599400,41.688000,198.281800,21.870900,15.241800,1.022800
2007,KOR,B0609,71.367100,45.432900,216.550500,22.898900,15.957100,1.239600
2007,KOR,F,1464569.371700,1147030.976400,2571788.942600,45958.935800,33394.925600,42430.369500
2007,KOR,F09,1464564.604000,1147027.231500,2571770.673900,45957.907800,33394.210300,42430.152700
2007,LAO,B06,3.465800,1.749600,39.483500,0.022800,0.010200,0.142700
2007,LAO,B0609,13.174800,9.033800,77.743900,0.045900,0.021400,0.402100
2007,LAO,F,2295.639700,1467.191100,6403.307200,6.738500,3.130200,106.436600
2007,LAO,F09,2285.930700,1459.906900,6365.046800,6.715400,3.119000,106.177200
2007,LTU,B06,33.591100,24.733700,100.156400,0.322200,0.152500,1.998100
2007,LTU,B0609,40.615800,28.838500,132.443500,0.376000,0.179000,2.492200
2007,LTU,F,30744.699200,20032.304800,68192.530300,209.729700,105.109000,1876.074100
2007,LTU,F09,30737.674500,20028.200000,68160.243200,209.675900,105.082500,1875.580000
2007,LUX,B06,0.000000,0.000000,0.000000,0.000000,0.000000,0.000000
2007,LUX,B0609,0.000000,0.000000,0.000000,0.000000,0.000000,0.000000
2007,LUX,F,95929.931500,43232.032100,144804.336700,94.687100,35.076700,2724.387700
2007,LUX,F09,95929.931500,43232.032100,144804.336700,94.687100,35.076700,2724.387700
2007,LVA,B06,0.000000,0.000000,0.000000,0.000000,0.000000,0.000000
2007,LVA,B0609,0.273500,0.204900,1.183200,0.004000,0.000100,0.022600
2007,LVA,F,32859.523200,26014.926200,61617.789200,276.754500,122.304200,1151.896900
2007,LVA,F09,32859.249700,26014.721300,61616.606000,276.750500,122.304100,1151.874300
2007,MAR,B06,1.295200,0.853900,14.086400,0.087000,0.001100,0.102800
2007,MAR,B0609,5.917800,4.317600,62.132600,0.139000,0.002500,0.269400
2007,MAR,F,53191.335400,37086.884400,132009.013800,552.785300,128.832700,1680.951300
2007,MAR,F09,53186.712800,37083.420700,131960.967600,552.733300,128.831300,1680.784700
2007,MEX,B06,7376.881400,6297.586400,74762.853400,119.752700,2.332400,95.406800
2007,MEX,B0609,12697.171600,10789.390000,83760.611400,167.482400,6.530700,187.628300
2007,MEX,F,829967.980000,659243.435900,1845218.922700,3687.645700,741.642200,9686.765200
2007,MEX,F09,824647.689800,654751.632300,1836221.164700,3639.916000,737.443900,9594.543700
2007,MLT,B06,5.037900,3.193200,7.975000,0.094700,0.036700,0.126900
2007,MLT,B0609,19.792100,11.786100,35.152900,0.256500,0.108200,0.669000
2007,MLT,F,11878.038200,8061.435600,19154.351000,104.898000,51.368000,310.136300
2007,MLT,F09,11863.284000,8052.842700,19127.173100,104.736200,51.296500,309.594200
2007,MMR,B06,593.031900,418.539300,1170.659700,51.314500,23.595100,7.136200
2007,MMR,B0609,595.728300,420.600900,1176.351000,51.412400,23.643300,7.170600
2007,MMR,F,13863.024400,12634.115700,27574.912900,192.121200,107.782100,76.217400
2007,MMR,F09,13860.328000,12632.054100,27569.221600,192.023300,107.733900,76.183000
2007,MYS,B06,16464.645900,11834.721700,26652.905700,209.028800,118.071800,96.649200
2007,MYS,B0609,17763.866700,12715.309100,29204.921400,218.930900,123.596000,106.641400
2007,MYS,F,294851.136600,201687.685800,477931.506000,1546.486800,848.270400,1429.554500
2007,MYS,F09,293551.915800,200807.098400,475379.490300,1536.584700,842.746200,1419.562300
2007,NGA,B06,14421.185100,8016.894100,49385.294200,2847.525800,4.280300,469.974500
2007,NGA,B0609,14449.071600,8039.079000,49447.131100,2848.056800,4.283500,470.575500
2007,NGA,F,171935.259300,155824.286800,408580.356200,797.250900,65.331300,2811.717400
2007,NGA,F09,171907.372800,155802.101900,408518.519300,796.719900,65.328100,2811.116400
2007,NLD,B06,3905.550100,2745.493900,23176.948800,35.153300,19.781800,137.886300
2007,NLD,B0609,5750.337900,3973.106900,29011.727800,37.784400,21.819200,230.616400
2007,NLD,F,778585.418100,551172.339100,1541641.744100,6121.247800,3900.219200,25994.276700
2007,NLD,F09,776740.630300,549944.726100,1535806.965100,6118.616700,3898.181800,25901.546600
2007,NOR,B06,9209.958500,7434.440000,93625.318500,219.614000,58.477600,99.257300
2007,NOR,B0609,14628.326600,11834.344100,103332.843700,280.949300,86.617900,244.938200
2007,NOR,F,286702.074000,229724.569800,570851.565100,8992.112700,3234.550000,10969.831700
2007,NOR,F09,281283.705900,225324.665700,561144.039900,8930.777400,3206.409700,10824.150800
2007,NZL,B06,524.855200,439.496800,1197.740400,4.165500,3.675000,11.245400
2007,NZL,B0609,952.675300,809.055900,1856.598600,5.916100,5.192200,20.929100
2007,NZL,F,140488.566100,122774.191600,263156.951800,352.904600,296.325200,2471.583300
2007,NZL,F09,140060.746000,122404.632500,262498.093600,351.154000,294.808000,2461.899600
2007,PAK,B06,1823.683700,1411.678200,4826.934500,73.811800,48.653000,37.108100
2007,PAK,B0609,1909.714400,1482.136400,5037.126000,75.909700,50.082100,39.648300
2007,PAK,F,110448.390900,96918.387800,243752.021300,1638.820100,1199.785100,840.091100
2007,PAK,F09,110362.360200,96847.929600,243541.829800,1636.722200,1198.356000,837.550900
2007,PER,B06,1060.157300,915.230400,2851.248000,20.471400,14.063000,31.520900
2007,PER,B0609,1595.988700,1375.790800,4547.043900,20.898700,14.365000,46.980500
2007,PER,F,82890.246900,69748.739600,177499.424100,184.856800,126.118700,2638.876500
2007,PER,F09,82354.415500,69288.179200,175803.628200,184.429500,125.816700,2623.416900
2007,PHL,B06,250.903400,149.412700,945.991000,12.387400,0.031300,6.112300
2007,PHL,B0609,312.965000,194.239500,1059.010000,14.043800,0.044500,8.245100
2007,PHL,F,151375.662600,121368.938600,301155.689900,1709.255400,240.340100,2280.698300
2007,PHL,F09,151313.601000,121324.111800,301042.670900,1707.599000,240.326900,2278.565500
2007,POL,B06,88.346300,59.085300,210.971000,0.433100,0.156000,5.411900
2007,POL,B0609,221.341200,146.745900,510.585000,1.424700,0.504700,22.708700
2007,POL,F,489109.829600,385147.787000,884051.028200,1827.912600,619.430800,20615.273000
2007,POL,F09,488976.834700,385060.126400,883751.414200,1826.921000,619.082100,20597.976200
2007,PRT,B06,0.000000,0.000000,0.000000,0.000000,0.000000,0.000000
2007,PRT,B0609,10.116300,8.077400,23.505900,0.017000,0.010000,0.719600
2007,PRT,F,226900.270600,176409.351500,444860.714600,245.657700,140.817400,9240.349100
2007,PRT,F09,226890.154300,176401.274100,444837.208700,245.640700,140.807400,9239.629500
2007,ROU,B06,1181.090000,819.480000,2081.779500,3.118900,2.495700,83.940900
2007,ROU,B0609,1954.267500,1455.197600,3400.586600,6.413900,2.510100,129.995700
2007,ROU,F,159523.352900,127264.423700,320269.902100,903.287900,117.555900,5951.662200
2007,ROU,F09,158750.175400,126628.706100,318951.095000,899.992900,117.541500,5905.607400
2007,RUS,B06,9864.627100,9507.503000,101384.774400,28.293900,10.172900,143.515200
2007,RUS,B0609,70271.853300,66115.571000,173039.549200,177.658700,64.898500,5684.681600
2007,RUS,F,988067.308500,876425.305800,2156247.155400,3002.726600,1347.575000,48119.078800
2007,RUS,F09,927660.082300,819817.237800,2084592.380600,2853.361800,1292.849400,42577.912400
2007,SAU,B06,11276.865300,7357.010900,176517.701800,215.794500,151.408100,49.479100
2007,SAU,B0609,11469.339600,7470.603600,177053.306400,216.048600,151.549400,50.507500
2007,SAU,F,157609.906300,107729.180500,405743.981900,209.753600,125.721100,784.732400
2007,SAU,F09,157417.432000,107615.587800,405208.377300,209.499500,125.579800,783.704000
2007,SEN,B06,0.667800,0.244800,3.027100,0.171400,0.000100,0.007000
2007,SEN,B0609,5.065200,4.141400,8.817100,0.180600,0.001500,0.180200
2007,SEN,F,9616.985900,7004.348600,22481.411800,433.558100,7.320900,385.071700
2007,SEN,F09,9612.588500,7000.452000,22475.621800,433.548900,7.319500,384.898500
2007,SGP,B06,0.000000,0.000000,0.000000,0.000000,0.000000,0.000000
2007,SGP,B0609,0.000000,0.000000,0.000000,0.000000,0.000000,0.000000
2007,SGP,F,295932.740000,175241.696300,470206.337400,14677.945800,4083.731600,3629.312800
2007,SGP,F09,295932.740000,175241.696300,470206.337400,14677.945800,4083.731600,3629.312800
2007,STP,B06,0.163100,0.103500,0.373400,0.028300,0.000200,-0.002800
2007,STP,B0609,0.265900,0.172300,0.555100,0.038300,0.000400,-0.005700
2007,STP,F,172.378000,134.527500,314.147700,5.807200,0.219900,-2.738200
2007,STP,F09,172.275200,134.458700,313.966000,5.797200,0.219700,-2.735300
2007,SVK,B06,1.093500,0.575100,1.587700,0.002600,0.000600,0.235400
2007,SVK,B0609,99.956000,73.758700,238.045000,0.252600,0.100100,5.386800
2007,SVK,F,95007.304900,58621.925100,168898.119300,170.610000,63.384600,4706.726200
2007,SVK,F09,94908.442400,58548.741500,168661.662000,170.360000,63.285100,4701.574800
2007,SVN,B06,0.000000,0.000000,0.000000,0.000000,0.000000,0.000000
2007,SVN,B0609,7.628600,5.118100,10.203700,0.023400,0.008900,0.430800
2007,SVN,F,52663.470700,34727.558900,96469.744600,195.702300,70.692900,1729.125600
2007,SVN,F09,52655.842100,34722.440800,96459.540900,195.678900,70.684000,1728.694800
2007,SWE,B06,40.123200,11.366800,60.190600,0.567100,0.302400,3.175900
2007,SWE,B0609,144.551600,91.097700,268.975100,2.499500,1.275900,9.957400
2007,SWE,F,471707.443000,363571.693400,927748.271400,5621.444900,3154.327500,20390.692400
2007,SWE,F09,471603.014600,363491.962500,927539.486900,5619.512500,3153.354000,20383.910900
2007,THA,B06,2238.018600,1330.061500,8016.461900,50.377000,2.894100,56.307700
2007,THA,B0609,2321.941900,1387.710300,8926.734700,51.719000,2.989500,64.354000
2007,THA,F,381725.226400,268634.279800,625470.548200,3782.979700,1120.488200,10828.425100
2007,THA,F09,381641.303100,268576.631000,624560.275400,3781.637700,1120.392800,10820.378800
2007,TUN,B06,547.452200,461.724900,1999.619500,13.919600,0.020800,5.900300
2007,TUN,B0609,651.373300,546.925000,2213.173200,14.387900,0.026200,6.701900
2007,TUN,F,32713.961800,21876.636500,67571.986600,487.316800,80.172900,497.478500
2007,TUN,F09,32610.040700,21791.436400,67358.432900,486.848500,80.167500,496.676900
2007,TUR,B06,486.769100,377.325000,1607.199600,29.136600,10.374300,34.911100
2007,TUR,B0609,556.978000,432.983400,2020.814500,31.328900,11.255200,40.344800
2007,TUR,F,625426.991500,521225.602000,1257590.548600,8375.438300,4261.674900,28834.322900
2007,TUR,F09,625356.782600,521169.943600,1257176.933700,8373.246000,4260.794000,28828.889200
2007,TWN,B06,216.033200,108.269100,495.067800,0.898000,0.676000,2.520800
2007,TWN,B0609,663.608200,348.989900,1246.647400,2.487300,1.599700,12.765100
2007,TWN,F,571742.679500,384243.051200,966985.596600,5414.319100,4578.563100,4834.559200
2007,TWN,F09,571295.104500,384002.330400,966234.017000,5412.729800,4577.639400,4824.314900
2007,UKR,B06,2200.923700,1810.581700,4974.499300,157.385300,89.959600,81.964100
2007,UKR,B0609,3882.323000,3226.952100,6750.571300,223.141500,128.100800,132.500400
2007,UKR,F,183894.511200,153364.077600,317940.550000,2671.753300,1717.446600,5020.639600
2007,UKR,F09,182213.111900,151947.707200,316164.478000,2605.997100,1679.305400,4970.103300
2007,USA,B06,69901.702500,53618.476900,265994.327400,1096.590500,441.574700,1033.155000
2007,USA,B0609,113735.763200,94268.446800,360754.591300,1134.760700,475.540800,1968.975400
2007,USA,F,11553387.553100,10445686.970200,25461021.984800,47040.953400,24149.462100,146489.490700
2007,USA,F09,11509553.492400,10405037.000300,25366261.720900,47002.783200,24115.496000,145553.670300
2007,VNM,B06,4661.221700,2359.616700,12622.339300,21.899800,12.271600,178.929800
2007,VNM,B0609,4850.718800,2488.006900,12953.355300,22.673000,12.685500,185.348100
2007,VNM,F,106430.147200,68070.933000,173360.814700,612.837100,385.651600,3431.830900
2007,VNM,F09,106240.650100,67942.542800,173029.798700,612.063900,385.237700,3425.412600
2007,ZAF,B06,1551.241100,1252.603700,1839.809800,64.399200,0.010000,86.460700
2007,ZAF,B0609,2151.028100,1771.508100,2660.814100,75.682300,0.015700,127.065800
2007,ZAF,F,362838.889900,305597.866400,678855.146300,3454.962700,185.930700,14812.570200
2007,ZAF,F09,362239.102900,305078.962000,678034.142000,3443.679600,185.925000,14771.965100
2007,ROW,B06,168861.579800,146480.906600,551146.570200,3816.801300,580.756100,276.273900
2007,ROW,B0609,193949.965300,167153.856100,606136.116800,4215.279100,684.808900,393.787500
2007,ROW,F,1806280.785900,1456574.777500,3789538.454500,25070.734900,10584.997300,19281.238800
2007,ROW,F09,1781192.400400,1435901.828000,3734548.907900,24672.257100,10480.944500,19163.725200
2008,AGO,B06,13016.752600,7345.263200,46245.101500,579.536200,44.833000,47.678100
2008,AGO,B0609,14608.784400,8005.045500,52186.748100,605.932300,48.107100,55.080100
2008,AGO,F,36830.641300,21049.894800,93622.031900,748.399800,115.325600,200.938100
2008,AGO,F09,35238.609500,20390.112500,87680.385300,722.003700,112.051500,193.536100
2008,ARE,B06,9604.461300,6448.517300,91299.967600,174.589200,96.276100,18.182000
2008,ARE,B0609,14838.585000,9706.886500,105113.312600,221.288400,123.745400,29.669100
2008,ARE,F,215078.191600,140696.247200,460956.639800,2613.886900,1498.658700,542.810700
2008,ARE,F09,209844.067900,137437.878000,447143.294800,2567.187700,1471.189400,531.323600
2008,ARG,B06,7664.800200,6824.042100,18142.648100,52.559200,0.016800,415.142600
2008,ARG,B0609,8767.960600,7776.713200,20211.645200,56.212900,0.163200,499.406100
2008,ARG,F,277717.107600,244366.555300,588159.792100,562.530400,142.356300,13924.609000
2008,ARG,F09,276613.947200,243413.884200,586090.795000,558.876700,142.209900,13840.345500
2008,AUS,B06,3190.025200,2912.942800,27294.695700,116.095300,113.760600,55.693100
2008,AUS,B0609,7995.066600,7323.047900,37092.081300,146.177100,142.451400,123.642600
2008,AUS,F,1006894.158500,906943.811900,1953878.738500,2807.720700,2536.032200,20095.370300
2008,AUS,F09,1002089.117100,902533.706800,1944081.352900,2777.638900,2507.341400,20027.420800
2008,AUT,B06,518.032600,360.309500,1886.353900,2.586400,0.056500,26.550400
2008,AUT,B0609,583.716900,408.955300,2016.767700,2.929300,0.060000,30.277600
2008,AUT,F,412298.554300,310221.894500,808773.351600,1879.923200,126.540800,11624.820700
2008,AUT,F09,412232.870000,310173.248700,808642.937800,1879.580300,126.537300,11621.093500
2008,BEL,B06,0.000000,0.000000,0.000000,0.000000,0.000000,0.000000
2008,BEL,B0609,19.953100,13.112400,61.393200,0.061000,0.034000,0.814600
2008,BEL,F,620852.423000,435632.139400,1100687.724900,2233.551900,767.935700,18041.525300
2008,BEL,F09,620832.469900,435619.027000,1100626.331700,2233.490900,767.901700,18040.710700
2008,BGD,B06,273.054700,222.675900,1304.539300,31.921900,14.869100,2.237600
2008,BGD,B0609,294.869500,240.715400,1359.931900,33.275700,15.526000,2.538700
2008,BGD,F,56953.301800,47746.105000,138473.629300,1882.661800,1009.349600,819.448200
2008,BGD,F09,56931.487000,47728.065500,138418.236700,1881.308000,1008.692700,819.147100
2008,BGR,B06,14.608300,1.032700,50.088700,0.140700,0.102200,5.353400
2008,BGR,B0609,34.457400,15.031600,73.427500,0.218900,0.138900,6.493400
2008,BGR,F,71198.616400,49287.791900,121411.835600,502.509200,221.481200,4437.532200
2008,BGR,F09,71178.767300,49273.793000,121388.496800,502.431000,221.444500,4436.392200
2008,BLR,B06,173.114200,45.263300,623.496100,3.863400,1.335900,62.547700
2008,BLR,B0609,217.591800,65.784700,770.900400,4.629000,1.617100,74.655700
2008,BLR,F,62828.858400,40332.859800,122283.823700,786.811400,325.884200,6958.138500
2008,BLR,F09,62784.380800,40312.338400,122136.419400,786.045800,325.603000,6946.030500
2008,BRA,B06,23322.983100,20957.452900,62538.785100,790.198600,312.293000,2026.188900
2008,BRA,B0609,25192.414800,22703.795200,66257.272600,794.102000,314.237600,2162.113100
2008,BRA,F,1494875.608800,1360784.803100,2985016.431100,4453.328700,2477.101100,95044.686200
2008,BRA,F09,1493006.177100,1359038.460800,2981297.943600,4449.425300,2475.156500,94908.762000
2008,BRN,B06,2986.839700,2535.455600,8913.541800,105.100400,103.344000,-46.054600
2008,BRN,B0609,3260.696500,2781.773200,9644.320500,108.402200,106.564700,-49.498600
2008,BRN,F,14407.556800,13479.152900,24674.344200,149.811100,146.687300,-286.187700
2008,BRN,F09,14133.700000,13232.835300,23943.565500,146.509300,143.466600,-282.743700
2008,CAN,B06,38150.199000,31856.876500,149682.546400,42.613500,30.192300,386.246300
2008,CAN,B0609,45904.041200,37842.011300,169149.897200,58.508600,40.442700,563.128300
2008,CAN,F,1232207.468400,985716.947300,2601557.043200,6161.465400,1324.550000,23214.903900
2008,CAN,F09,1224453.626200,979731.812500,2582089.692400,6145.570300,1314.299600,23038.021900
2008,CHE,B06,0.000000,0.000000,0.000000,0.000000,0.000000,0.000000
2008,CHE,B0609,164.971600,137.256700,249.829200,9.337600,5.256100,1.924100
2008,CHE,F,618669.655700,493394.530000,1171182.021200,9971.171900,6613.012800,6218.208700
2008,CHE,F09,618504.684100,493257.273300,1170932.192000,9961.834300,6607.756700,6216.284600
2008,CHL,B06,182.525400,144.505800,354.445900,4.482700,2.323300,8.633600
2008,CHL,B0609,369.775700,291.362600,1084.976300,7.753600,4.113700,89.129500
2008,CHL,F,182796.444000,142584.488300,352837.150500,5169.273600,2459.730800,8763.555500
2008,CHL,F09,182609.193700,142437.631500,352106.620100,5166.002700,2457.940400,8683.059600
2008,CHN,B06,21980.069600,18920.824200,116226.802900,610.615700,235.285300,827.337400
2008,CHN,B0609,26891.285100,23311.000500,127226.391000,670.129300,261.944400,1076.411700
2008,CHN,F,8021763.866100,7251869.578500,12300427.990700,56660.267300,32722.924400,211522.807100
2008,CHN,F09,8016852.650600,7247479.402200,12289428.402600,56600.753700,32696.265300,211273.732800
2008,CIV,B06,30.027000,21.623200,45.960400,0.070900,0.002500,0.310500
2008,CIV,B0609,40.957000,29.947700,60.750500,0.087100,0.004100,0.404900
2008,CIV,F,19490.715200,15152.388400,42651.647800,99.995700,27.979900,489.833700
2008,CIV,F09,19479.785200,15144.063900,42636.857700,99.979500,27.978300,489.739300
2008,CMR,B06,718.979600,372.977100,2341.083200,3.752500,2.879200,25.485300
2008,CMR,B0609,816.216700,433.242300,2593.087800,4.279700,3.300200,30.234400
2008,CMR,F,15296.760600,11530.453600,40058.782300,207.052800,155.389200,631.555800
2008,CMR,F09,15199.523500,11470.188400,39806.777700,206.525600,154.968200,626.806700
2008,COD,B06,96.900700,66.936700,569.069000,2.737400,0.110600,3.008800
2008,COD,B0609,130.768400,86.608500,671.403000,3.380600,0.288900,4.609300
2008,COD,F,10446.404600,6613.294300,29356.503400,263.580200,57.061400,476.768000
2008,COD,F09,10412.536900,6593.622500,29254.169400,262.937000,56.883100,475.167500
2008,COL,B06,4294.087300,3901.557200,16993.951600,163.978700,0.060400,140.880800
2008,COL,B0609,4350.698200,3948.102100,17133.100400,164.727500,0.061200,145.868700
2008,COL,F,195242.892100,168846.321400,410039.727600,1752.380400,128.515200,7376.986100
2008,COL,F09,195186.281200,168799.776500,409900.578800,1751.631600,128.514400,7371.998200
2008,CRI,B06,0.244100,0.158900,0.693100,0.024100,0.009400,0.019400
2008,CRI,B0609,0.333400,0.221700,0.943700,0.026800,0.010800,0.027400
2008,CRI,F,25255.007600,17687.478200,54248.135900,723.458600,343.121700,1271.776100
2008,CRI,F09,25254.918300,17687.415400,54247.885300,723.455900,343.120300,1271.768100
2008,CYP,B06,16.251800,10.710800,35.303000,4.109600,3.173200,0.492900
2008,CYP,B0609,16.583100,10.959900,35.923700,4.141800,3.198400,0.516600
2008,CYP,F,25460.078100,17784.706200,50424.183600,2118.397500,1668.635100,837.559500
2008,CYP,F09,25459.746800,17784.457100,50423.562900,2118.365300,1668.609900,837.535800
2008,CZE,B06,74.812800,68.426600,235.819500,0.279000,0.059100,1.202300
2008,CZE,B0609,212.536100,167.501700,480.354600,0.425800,0.107800,10.802600
2008,CZE,F,338538.960400,250783.507300,563237.699500,622.506300,159.434200,9805.895300
2008,CZE,F09,338401.237100,250684.432200,562993.164400,622.359500,159.385500,9796.295000
2008,DEU,B06,2621.089800,1589.727700,4940.204400,11.762100,6.455600,117.086900
2008,DEU,B0609,3151.766300,2011.507400,5834.106700,13.939600,7.620600,142.985400
2008,DEU,F,3643687.972200,2937281.500600,7113701.171300,15849.550600,7766.671800,104843.990000
2008,DEU,F09,3643157.295700,2936859.720900,7112807.269000,15847.373100,7765.506800,104818.091500
2008,DNK,B06,1332.178800,801.984200,13971.046900,126.105100,0.286700,64.837100
2008,DNK,B0609,1481.917400,898.084300,14292.270500,138.725500,0.500900,72.199500
2008,DNK,F,320515.898900,218279.997400,626156.089400,6475.156400,1745.413900,15072.901500
2008,DNK,F09,320366.160300,218183.897300,625834.865800,6462.536000,1745.199700,15065.539100
2008,EGY,B06,1956.671800,1243.956400,23841.145700,31.779200,8.655300,15.183700
2008,EGY,B0609,2131.091000,1373.437000,24453.673100,32.235500,9.058800,17.345400
2008,EGY,F,108151.233800,78328.660300,259551.180300,1215.344600,603.778400,1561.532000
2008,EGY,F09,107976.814600,78199.179700,258938.652900,1214.888300,603.374900,1559.370300
2008,ESP,B06,69.655200,59.101500,150.122500,0.059700,0.032400,2.772700
2008,ESP,B0609,184.076900,150.996400,332.547500,0.764600,0.438700,8.036300
2008,ESP,F,1659309.877700,1371407.035300,3199115.088000,3655.156900,2107.853600,35959.368300
2008,ESP,F09,1659195.456000,1371315.140400,3198932.663000,3654.452000,2107.447300,35954.104700
2008,EST,B06,108.074600,59.863500,263.473400,0.867900,0.190800,9.105000
2008,EST,B0609,109.359200,60.586700,265.674600,0.877900,0.194000,9.206400
2008,EST,F,25798.218200,17236.124300,48251.421700,228.307500,115.131600,909.195400
2008,EST,F09,25796.933600,17235.401100,48249.220500,228.297500,115.128400,909.094000
2008,FIN,B06,0.000000,0.000000,0.000000,0.000000,0.000000,0.000000
2008,FIN,B0609,22.618400,16.895600,30.852500,0.095700,0.050700,0.876200
2008,FIN,F,291142.905500,219534.733600,554264.233100,1888.457000,793.674200,11710.179100
2008,FIN,F09,291120.287100,219517.838000,554233.380600,1888.361300,793.623500,11709.302900
2008,FRA,B06,764.770900,688.130500,1103.847100,0.804800,0.687300,35.188700
2008,FRA,B0609,1035.635500,906.308700,1428.852500,1.285100,1.058700,53.918700
2008,FRA,F,2541557.191900,2105534.410800,5273669.946100,3033.985400,2222.902100,95639.885300
2008,FRA,F09,2541286.327300,2105316.232600,5273344.940700,3033.505100,2222.530700,95621.155300
2008,GBR,B06,18990.431700,15658.872800,65612.239400,242.133200,101.085100,459.815400
2008,GBR,B0609,24447.430900,20437.251100,76105.552800,260.350700,109.312300,602.484200
2008,GBR,F,2322036.928600,1934931.511200,5002576.031000,7551.411300,4081.932900,75757.575600
2008,GBR,F09,2316579.929400,1930153.132900,4992082.717600,7533.193800,4073.705700,75614.906800
2008,GRC,B06,19.706800,11.655900,28.841400,1.301000,0.575300,1.391200
2008,GRC,B0609,41.296700,28.037700,81.477100,1.979500,0.951200,2.988400
2008,GRC,F,242249.485300,181344.624700,568310.505500,12541.408400,5659.623100,11593.291900
2008,GRC,F09,242227.895400,181328.242900,568257.869800,12540.729900,5659.247200,11591.694700
2008,HKG,B06,0.000000,0.000000,0.000000,0.000000,0.000000,0.000000
2008,HKG,B0609,154.249200,115.153600,177.477900,8.934800,4.014600,3.184900
2008,HKG,F,260700.059700,201767.044100,474242.007900,20081.364300,7227.905000,5496.365300
2008,HKG,F09,260545.810500,201651.890500,474064.530000,20072.429500,7223.890400,5493.180400
2008,HRV,B06,32.014900,25.072300,226.566800,0.480900,0.393000,8.777800
2008,HRV,B0609,518.503400,416.834400,953.704700,3.925100,3.218800,36.298600
2008,HRV,F,60330.331800,45262.801500,121021.970200,521.688500,434.570200,3317.641100
2008,HRV,F09,59843.843300,44871.039400,120294.832300,518.244300,431.744400,3290.120300
2008,HUN,B06,126.913300,64.857200,200.576500,0.763500,0.222300,10.966800
2008,HUN,B0609,199.571800,106.884000,358.368500,0.835300,0.246600,13.898000
2008,HUN,F,183328.885800,108349.696200,327715.510900,396.695400,113.428200,8693.141200
2008,HUN,F09,183256.227300,108307.669400,327557.718900,396.623600,113.403900,8690.210000
2008,IDN,B06,8005.425800,6283.522100,33655.336700,53.126300,40.782900,124.289800
2008,IDN,B0609,9863.883400,7748.270600,38066.581200,63.806600,49.409100,153.440700
2008,IDN,F,496649.561300,403930.679700,1007233.671600,2781.102200,2351.394500,7137.270800
2008,IDN,F09,494791.103700,402465.931200,1002822.427100,2770.421900,2342.768300,7108.119900
2008,IND,B06,14521.378200,10388.921700,29808.661000,407.659600,0.010000,332.714100
2008,IND,B0609,15807.308300,11391.215200,39362.862000,425.392500,0.011500,391.998100
2008,IND,F,1341870.053000,1093571.182500,2512955.826600,9027.907600,1550.367800,36251.656800
2008,IND,F09,1340584.122900,1092568.889000,2503401.625600,9010.174700,1550.366300,36192.372800
2008,IRL,B06,58.135700,26.279900,91.875200,0.107800,0.065100,2.059900
2008,IRL,B0609,237.177100,129.229800,310.324500,0.553200,0.332700,8.440300
2008,IRL,F,363961.129300,225158.949300,620000.305700,427.157900,237.921500,9961.830000
2008,IRL,F09,363782.087900,225055.999400,619781.856400,426.712500,237.653900,9955.449600
2008,ISL,B06,0.307500,0.224900,1.030300,0.023300,0.013000,0.017100
2008,ISL,B0609,0.328500,0.242300,1.109500,0.023900,0.013400,0.018500
2008,ISL,F,16850.048300,12762.511600,33594.969400,516.872600,319.926200,670.667800
2008,ISL,F09,16850.027300,12762.494200,33594.890200,516.872000,319.925800,670.666400
2008,ISR,B06,86.678300,15.297700,301.012000,1.664200,1.124400,3.410500
2008,ISR,B0609,136.090000,48.416000,414.829100,2.178600,1.406700,5.633200
2008,ISR,F,168441.762600,125097.996600,371798.335400,2029.700000,926.157600,5628.641600
2008,ISR,F09,168392.350900,125064.878300,371684.518300,2029.185600,925.875300,5626.418900
2008,ITA,B06,6456.007500,5597.733600,13094.981300,19.354100,13.956100,228.605100
2008,ITA,B0609,6491.990900,5627.433600,13475.258700,19.964100,14.192000,230.582700
2008,ITA,F,2579353.186500,2161072.574900,4827218.885400,14835.824800,8078.197900,81574.819900
2008,ITA,F09,2579317.203100,2161042.874900,4826838.608000,14835.214800,8077.962000,81572.842300
2008,JOR,B06,79.425600,37.803900,205.276200,1.844300,0.001800,0.686100
2008,JOR,B0609,141.643700,75.373400,365.833300,2.701600,0.005200,1.788900
2008,JOR,F,22248.657400,12709.613800,43039.070400,199.425800,29.823900,171.733000
2008,JOR,F09,22186.439300,12672.044300,42878.513300,198.568500,29.820500,170.630200
2008,JPN,B06,769.096100,725.802200,1361.488900,3.639500,1.277600,27.959700
2008,JPN,B0609,1922.539200,1712.115000,3437.952600,23.866400,1.283500,184.712300
2008,JPN,F,4691616.485200,4099596.330400,9635674.966500,55195.106300,22774.210100,141190.531200
2008,JPN,F09,4690463.042100,4098610.017600,9633598.502800,55174.879400,22774.204200,141033.778600
2008,KAZ,B06,25416.342200,20502.855900,47432.271800,210.522300,62.235200,796.155500
2008,KAZ,B0609,26658.322900,21380.238800,49713.185700,212.220800,63.185700,832.261700
2008,KAZ,F,89632.224400,70015.852700,200414.880600,876.274600,185.290400,1496.571400
2008,KAZ,F09,88390.243700,69138.469800,198133.966700,874.576100,184.339900,1460.465200
2008,KHM,B06,0.000000,0.000000,0.000000,0.000000,0.000000,0.000000
2008,KHM,B0609,9.267700,7.124400,22.182800,0.147400,0.000300,0.134900
2008,KHM,F,8010.302100,4655.851900,18068.315700,149.508800,14.718000,235.981500
2008,KHM,F09,8001.034400,4648.727500,18046.132900,149.361400,14.717700,235.846600
2008,KOR,B06,41.671800,25.449700,123.632100,14.222000,9.728300,0.614100
2008,KOR,B0609,45.598200,28.419600,139.331300,14.882900,10.180400,0.757400
2008,KOR,F,1476484.030800,1092761.667400,2469446.634900,56487.298300,40405.027100,41643.827300
2008,KOR,F09,1476480.104400,1092758.697500,2469430.935700,56486.637400,40404.575000,41643.684000
2008,LAO,B06,4.459800,2.315900,50.726900,0.053400,0.019600,0.175200
2008,LAO,B0609,16.314600,10.147000,99.339300,0.099500,0.038600,0.571900
2008,LAO,F,2972.573500,2004.812100,8237.261400,11.103200,4.477400,118.573600
2008,LAO,F09,2960.718700,1996.981000,8188.649000,11.057100,4.458400,118.176900
2008,LTU,B06,43.006100,28.366700,114.133500,1.219100,0.182500,2.989800
2008,LTU,B0609,45.659800,29.923700,142.533000,1.262200,0.190800,3.191200
2008,LTU,F,40308.137800,25194.660900,86505.889400,264.487300,90.357200,3309.581300
2008,LTU,F09,40305.484100,25193.103900,86477.489900,264.444200,90.348900,3309.379900
2008,LUX,B06,0.000000,0.000000,0.000000,0.000000,0.000000,0.000000
2008,LUX,B0609,0.000000,0.000000,0.000000,0.000000,0.000000,0.000000
2008,LUX,F,101680.924800,46755.015300,157311.394700,118.483200,38.330100,2661.886500
2008,LUX,F09,101680.924800,46755.015300,157311.394700,118.483200,38.330100,2661.886500
2008,LVA,B06,0.000000,0.000000,0.000000,0.000000,0.000000,0.000000
2008,LVA,B0609,0.700700,0.479100,1.860400,0.010100,0.002400,0.123200
2008,LVA,F,37940.439300,30505.731700,71430.955700,317.615500,147.718100,1203.846800
2008,LVA,F09,37939.738600,30505.252600,71429.095300,317.605400,147.715700,1203.723600
2008,MAR,B06,2.696200,1.618500,14.556800,0.196100,0.003100,0.112200
2008,MAR,B0609,8.183200,5.574200,70.685600,0.256500,0.005400,0.226300
2008,MAR,F,65943.374500,44288.276800,158396.282000,729.502700,154.942900,1257.278300
2008,MAR,F09,65937.887500,44284.321100,158340.153200,729.442300,154.940600,1257.164200
2008,MEX,B06,8474.979500,7167.634000,85619.388800,450.453400,0.134700,81.701200
2008,MEX,B0609,15196.087000,12822.812500,97025.179300,467.544300,15.291500,129.729400
2008,MEX,F,893601.092200,708963.029500,1959273.964100,4136.927400,762.062900,4102.092400
2008,MEX,F09,886879.984700,703307.851000,1947868.173600,4119.836500,746.906100,4054.064200
2008,MLT,B06,6.876800,3.657100,9.518300,0.033500,0.020400,0.194200
2008,MLT,B0609,31.740000,17.258900,49.229000,0.071100,0.052300,0.793900
2008,MLT,F,15354.437300,10112.756400,23742.762000,136.011000,80.706000,345.123300
2008,MLT,F09,15329.574100,10099.154600,23703.051300,135.973400,80.674100,344.523600
2008,MMR,B06,783.404200,590.736000,1497.877800,79.905700,41.005500,8.001400
2008,MMR,B0609,787.719000,594.249900,1506.685300,80.048700,41.083800,8.048600
2008,MMR,F,22550.704800,20848.865100,43546.936900,329.609500,198.567500,104.525900
2008,MMR,F09,22546.390000,20845.351200,43538.129400,329.466500,198.489200,104.478700
2008,MYS,B06,19631.216000,13953.317200,31773.578900,289.744300,193.567500,109.875900
2008,MYS,B0609,21177.444100,15006.875200,34811.345300,300.389600,200.245000,120.596300
2008,MYS,F,351720.019100,243845.114800,569953.121700,1829.172000,1134.397000,1609.129900
2008,MYS,F09,350173.791000,242791.556800,566915.355300,1818.526700,1127.719500,1598.409500
2008,NGA,B06,18728.922000,13312.685400,62373.339000,2386.777200,3.524800,387.133400
2008,NGA,B0609,18770.281600,13345.424400,62458.269400,2388.551300,3.531800,388.054600
2008,NGA,F,208320.387700,191367.557000,497245.945200,2127.280600,97.634800,4118.588400
2008,NGA,F09,208279.028100,191334.818000,497161.014800,2125.506500,97.627800,4117.667200
2008,NLD,B06,4401.057700,3462.571400,26360.957900,36.413800,21.063100,163.233100
2008,NLD,B0609,7058.925500,5424.791700,35055.266800,40.364400,24.047500,290.837200
2008,NLD,F,881340.766800,637277.467400,1737182.457300,6845.091900,4476.975000,30401.831700
2008,NLD,F09,878682.899000,635315.247100,1728488.148400,6841.141300,4473.990600,30274.227600
2008,NOR,B06,12285.395100,10209.145400,125423.043700,224.141500,55.112600,177.941500
2008,NOR,B0609,19201.413700,15862.898000,137991.374900,313.097500,88.815900,338.937600
2008,NOR,F,326922.743300,260553.968000,644478.197500,10423.484800,3307.620200,11776.035400
2008,NOR,F09,320006.724700,254900.215400,631909.866300,10334.528800,3273.916900,11615.039300
2008,NZL,B06,593.595400,475.899500,1353.219000,6.443800,5.770200,12.303900
2008,NZL,B0609,867.942000,710.198000,1857.913200,7.649200,6.829700,18.409800
2008,NZL,F,144889.406800,124454.134500,270822.883200,463.238000,398.211000,2531.041900
2008,NZL,F09,144615.060200,124219.836000,270318.189000,462.032600,397.151500,2524.936000
2008,PAK,B06,1891.226500,1436.428400,4872.972400,126.890000,96.686100,37.734200
2008,PAK,B0609,1981.223900,1509.342300,5087.163000,129.646900,98.824500,40.378500
2008,PAK,F,114434.094200,99215.349500,247687.657400,2159.618300,1730.589500,622.965300
2008,PAK,F09,114344.096800,99142.435600,247473.466800,2156.861400,1728.451100,620.321000
2008,PER,B06,1408.166300,1227.153800,3834.201400,25.150100,18.191300,40.620800
2008,PER,B0609,2078.078300,1777.484900,5929.153600,25.731400,18.623600,58.934000
2008,PER,F,102937.421800,84600.139100,214154.659900,215.815000,151.551000,2818.457300
2008,PER,F09,102267.509800,84049.808000,212059.707700,215.233700,151.118700,2800.144100
2008,PHL,B06,294.623500,181.604900,1192.248200,18.133700,0.041000,8.052600
2008,PHL,B0609,362.494700,231.071500,1319.733000,19.817300,0.057600,10.687900
2008,PHL,F,176096.817500,142725.870600,350261.749500,1961.920100,243.046600,2615.352800
2008,PHL,F09,176028.946300,142676.404000,350134.264700,1960.236500,243.030000,2612.717500
2008,POL,B06,98.960100,73.358900,219.191300,1.369000,0.448100,8.564500
2008,POL,B0609,275.236100,197.587000,587.050600,2.347100,0.853700,27.637300
2008,POL,F,607132.960600,475086.740100,1100323.634900,2061.603500,799.356100,27780.906400
2008,POL,F09,606956.684600,474962.512000,1099955.775600,2060.625400,798.950500,27761.833600
2008,PRT,B06,0.000000,0.000000,0.000000,0.000000,0.000000,0.000000
2008,PRT,B0609,11.375300,9.053100,19.474100,0.015000,0.008200,0.745500
2008,PRT,F,257040.407600,198573.610400,496854.177900,265.548200,143.744400,9998.534600
2008,PRT,F09,257029.032300,198564.557300,496834.703800,265.533200,143.736200,9997.789100
2008,ROU,B06,1242.450200,939.487300,2140.500500,35.446400,0.003800,52.784400
2008,ROU,B0609,1897.856700,1445.780600,3269.904200,43.394100,0.007400,90.891400
2008,ROU,F,196867.072600,156088.721100,395122.526300,1280.808200,131.443700,6777.284400
2008,ROU,F09,196211.666100,155582.427800,393993.122600,1272.860500,131.440100,6739.177400
2008,RUS,B06,12524.179100,11995.451200,128646.800500,45.160800,12.858600,169.229800
2008,RUS,B0609,90701.038800,84535.050100,219859.652100,242.408200,77.751700,5964.045000
2008,RUS,F,1268713.244500,1116850.174300,2752374.324600,4157.214200,1661.895200,59474.549700
2008,RUS,F09,1190536.384800,1044310.575400,2661161.473000,3959.966800,1597.002100,53679.734500
2008,SAU,B06,15163.430700,8977.685400,238356.531700,91.237400,48.385500,78.948800
2008,SAU,B0609,15421.002700,9136.418100,239028.221300,92.008100,48.800500,80.657700
2008,SAU,F,205197.606600,139764.122600,498959.521200,523.835100,303.031400,1063.004600
2008,SAU,F09,204940.034600,139605.389900,498287.831600,523.064400,302.616400,1061.295700
2008,SEN,B06,0.383400,0.110300,3.422900,0.200100,0.000000,0.004000
2008,SEN,B0609,5.228500,4.466700,9.969900,0.213600,0.001300,0.133300
2008,SEN,F,11834.040700,8429.287500,27458.726000,536.554800,7.900900,430.327900
2008,SEN,F09,11829.195600,8424.931100,27452.179000,536.541300,7.899600,430.198600
2008,SGP,B06,0.000000,0.000000,0.000000,0.000000,0.000000,0.000000
2008,SGP,B0609,0.000000,0.000000,0.000000,0.000000,0.000000,0.000000
2008,SGP,F,317696.691200,164792.244200,505837.078000,17619.816100,3621.285700,4581.707200
2008,SGP,F09,317696.691200,164792.244200,505837.078000,17619.816100,3621.285700,4581.707200
2008,STP,B06,0.189100,0.111400,0.438600,0.040600,0.000200,0.002600
2008,STP,B0609,0.301900,0.187400,0.635500,0.050900,0.000400,0.004800
2008,STP,F,195.481900,150.730600,374.125900,7.140400,0.216200,2.914700
2008,STP,F09,195.369100,150.654600,373.929000,7.130100,0.216000,2.912500
2008,SVK,B06,1.557100,1.063100,2.047300,0.003800,0.001500,0.161700
2008,SVK,B0609,117.106100,82.709500,290.199200,0.084400,0.034600,8.711100
2008,SVK,F,123413.724500,78689.894000,216857.050000,223.393900,85.205500,5576.113700
2008,SVK,F09,123298.175500,78608.247600,216568.898100,223.313300,85.172400,5567.564300
2008,SVN,B06,0.000000,0.000000,0.000000,0.000000,0.000000,0.000000
2008,SVN,B0609,6.689400,4.273100,9.612200,0.040000,0.013100,0.444900
2008,SVN,F,60380.343400,39657.849700,111401.438200,398.354700,126.339400,2363.924500
2008,SVN,F09,60373.654000,39653.576600,111391.826000,398.314700,126.326300,2363.479600
2008,SWE,B06,43.798600,26.420600,64.462200,1.398200,0.673500,2.847000
2008,SWE,B0609,249.084300,173.059100,389.982000,4.442500,2.501100,15.289900
2008,SWE,F,510913.582200,390401.754600,992671.347300,6417.618600,3629.498700,23348.084500
2008,SWE,F09,510708.296500,390255.116100,992345.827500,6414.574300,3627.671100,23335.641600
2008,THA,B06,2101.469900,1188.249800,9233.761300,47.478400,1.231100,44.339800
2008,THA,B0609,2196.691400,1249.607000,10245.195100,48.738500,1.358000,52.597700
2008,THA,F,447196.841700,303800.651600,718023.055400,4374.739400,1322.165900,11031.940500
2008,THA,F09,447101.620200,303739.294400,717011.621600,4373.479300,1322.039000,11023.682600
2008,TUN,B06,602.315500,461.920100,2290.497700,19.418600,0.036300,6.693900
2008,TUN,B0609,728.024600,564.469500,2543.213800,19.970600,0.041600,7.170200
2008,TUN,F,39673.179700,25886.521900,80177.322900,626.838100,90.612200,467.917200
2008,TUN,F09,39547.470600,25783.972500,79924.606800,626.286100,90.606900,467.440900
2008,TUR,B06,488.742300,375.449600,1771.533400,50.465700,29.431400,32.842200
2008,TUR,B0609,550.808000,425.213500,2227.439900,53.085800,31.036500,37.518900
2008,TUR,F,682814.557500,562501.040300,1399434.342000,14910.826900,9798.078600,31278.764200
2008,TUR,F09,682752.491800,562451.276400,1398978.435500,14908.206800,9796.473500,31274.087500
2008,TWN,B06,172.130900,95.310900,381.084700,0.621800,0.385000,2.021100
2008,TWN,B0609,739.532900,410.405100,1180.449700,2.345100,1.240400,14.146200
2008,TWN,F,616796.693200,411549.716000,1021249.128300,5802.083200,4882.848000,5022.225200
2008,TWN,F09,616229.291200,411234.621800,1020449.763300,5800.359900,4881.992600,5010.100100
2008,UKR,B06,3454.132100,2723.739400,7088.455000,278.674800,132.875100,143.503800
2008,UKR,B0609,5622.764400,4474.461600,9380.574400,382.210300,183.174700,209.751100
2008,UKR,F,233620.722400,190289.142800,401653.047800,3597.818200,2013.341100,6931.468900
2008,UKR,F09,231452.090100,188538.420600,399360.928400,3494.282700,1963.041500,6865.221600
2008,USA,B06,115190.959700,83327.198000,369685.929800,1663.058300,743.049200,1403.106600
2008,USA,B0609,164866.905200,129100.405300,479532.421400,1710.151300,785.242600,2338.453600
2008,USA,F,11981167.795400,10721042.897500,26131882.719700,50689.501900,27058.963800,155908.933300
2008,USA,F09,11931491.849900,10675269.690200,26022036.228100,50642.408900,27016.770400,154973.586300
2008,VNM,B06,6785.156800,4367.824500,17783.126300,48.142900,24.897900,192.954900
2008,VNM,B0609,7050.794700,4516.905300,18242.016300,49.780200,25.852800,205.223800
2008,VNM,F,144335.884500,93418.577500,228785.627700,829.403300,558.076600,3791.723100
2008,VNM,F09,144070.246600,93269.496700,228326.737700,827.766000,557.121700,3779.454200
2008,ZAF,B06,1525.595700,1203.023400,1788.433100,71.562700,0.010400,71.500300
2008,ZAF,B0609,2118.623400,1705.280200,2586.510800,81.317500,0.016600,105.559400
2008,ZAF,F,357779.725200,293561.865900,659205.604700,3602.048300,172.603700,13479.859900
2008,ZAF,F09,357186.697500,293059.609100,658407.527000,3592.293500,172.597500,13445.800800
2008,ROW,B06,210648.181900,179666.020700,720012.705100,5231.241700,892.629500,607.237000
2008,ROW,B0609,244025.437900,207279.358900,792064.496800,5665.048000,1046.545600,739.480100
2008,ROW,F,2202700.999500,1779812.836600,4610121.524700,30772.921200,13583.329400,22352.118100
2008,ROW,F09,2169323.743500,1752199.498400,4538069.733000,30339.114900,13429.413300,22219.875000
2009,AGO,B06,11848.231500,5196.801200,35734.877300,182.167700,31.988200,41.791400
2009,AGO,B0609,13380.729500,6189.585200,40217.503700,185.436500,33.869000,46.975800
2009,AGO,F,36305.209800,22044.741500,82721.743300,1382.641200,109.896400,186.924400
2009,AGO,F09,34772.711800,21051.957500,78239.116900,1379.372400,108.015600,181.740000
2009,ARE,B06,9899.839100,7137.690800,83497.351500,209.145700,114.924900,21.210100
2009,ARE,B0609,13823.718600,9730.543100,93803.440900,249.415400,138.232700,31.082900
2009,ARE,F,173781.793500,109936.797600,367312.890200,1973.049200,1141.668500,552.147500
2009,ARE,F09,169857.914000,107343.945300,357006.800800,1932.779500,1118.360700,542.274700
2009,ARG,B06,6352.412700,5775.302900,16699.503000,44.661300,0.020300,373.818500
2009,ARG,B0609,7340.701500,6651.234500,18657.976900,48.664100,0.215100,453.958800
2009,ARG,F,248324.763700,224057.680200,534098.127900,526.879300,121.556900,13662.391800
2009,ARG,F09,247336.474900,223181.748600,532139.654000,522.876500,121.362100,13582.251500
2009,AUS,B06,6592.796700,6080.540700,25225.692600,245.592000,242.423500,111.988900
2009,AUS,B0609,12515.189500,11506.039200,36944.101500,286.749500,282.002000,181.629500
2009,AUS,F,986920.981500,889261.178100,1919896.146400,3112.884300,2835.909300,19025.005400
2009,AUS,F09,980998.588700,883835.679600,1908177.737500,3071.726800,2796.330800,18955.364800
2009,AUT,B06,505.894400,370.661900,1432.939500,3.485600,0.014300,25.978900
2009,AUT,B0609,563.942400,415.739500,1550.630700,3.665500,0.018100,29.370500
2009,AUT,F,364077.445400,284225.406300,732299.756700,1294.830900,105.041000,10919.020500
2009,AUT,F09,364019.397400,284180.328700,732182.065500,1294.651000,105.037200,10915.628900
2009,BEL,B06,0.000000,0.000000,0.000000,0.000000,0.000000,0.000000
2009,BEL,B0609,12.034900,7.428200,43.530900,0.041200,0.016600,0.482500
2009,BEL,F,519470.447500,373225.246300,967241.176800,2115.514400,388.379600,16069.118300
2009,BEL,F09,519458.412600,373217.818100,967197.645900,2115.473200,388.363000,16068.635800
2009,BGD,B06,363.511800,278.038900,1537.631800,31.128700,14.432200,2.450700
2009,BGD,B0609,387.246300,296.964600,1601.851200,32.554000,15.113100,2.766800
2009,BGD,F,64649.360600,54208.946200,157016.803300,1999.717000,1059.403400,1010.028800
2009,BGD,F09,64625.626100,54190.020500,156952.583900,1998.291700,1058.722500,1009.712700
2009,BGR,B06,7.585100,0.484000,22.528500,0.103300,0.086400,1.966900
2009,BGR,B0609,21.135900,10.440300,40.244100,0.222200,0.127500,2.757200
2009,BGR,F,61389.042500,46247.623100,109223.520700,604.955300,186.080200,2640.171400
2009,BGR,F09,61375.491700,46237.666800,109205.805100,604.836400,186.039100,2639.381100
2009,BLR,B06,137.017100,33.404600,504.885300,1.198200,0.007700,45.559400
2009,BLR,B0609,187.684500,55.747500,660.260400,1.582600,0.015100,59.284000
2009,BLR,F,49777.037800,33344.111500,98940.326300,335.992500,80.862900,5523.669900
2009,BLR,F09,49726.370400,33321.768600,98784.951200,335.608100,80.855500,5509.945300
2009,BRA,B06,20829.565100,18505.020600,41996.874300,1048.263000,391.547100,1841.680800
2009,BRA,B0609,22462.737400,20019.499200,45457.389400,1052.928900,393.596100,1988.481600
2009,BRA,F,1368200.314200,1267738.672500,2859094.777000,4611.650900,2268.868800,84930.680200
2009,BRA,F09,1366567.141900,1266224.193900,2855634.261900,4606.985000,2266.819800,84783.879400
2009,BRN,B06,2147.985800,1784.508600,6477.981000,65.096300,63.394700,-33.431400
2009,BRN,B0609,2335.425000,1952.438300,7005.125600,67.266800,65.487900,-35.779000
2009,BRN,F,10359.662400,9554.953200,18093.797000,106.425800,102.987400,-194.011000
2009,BRN,F09,10172.223200,9387.023500,17566.652400,104.255300,100.894200,-191.663400
2009,CAN,B06,28479.384600,24183.013900,84043.023100,30.893000,22.417500,315.087800
2009,CAN,B0609,35795.971100,29700.389900,100100.535000,48.791200,34.956100,495.839200
2009,CAN,F,1057641.350100,855438.479300,2310018.481700,4889.398100,1212.653000,20658.197800
2009,CAN,F09,1050324.763600,849921.103300,2293960.969800,4871.499900,1200.114400,20477.446400
2009,CHE,B06,0.000000,0.000000,0.000000,0.000000,0.000000,0.000000
2009,CHE,B0609,154.524400,124.457800,230.684000,1.416800,0.933000,2.601100
2009,CHE,F,598905.932400,482935.612600,1138812.623500,7750.439100,4836.759100,5219.992400
2009,CHE,F09,598751.408000,482811.154800,1138581.939500,7749.022300,4835.826100,5217.391300
2009,CHL,B06,161.960100,142.611900,321.761800,2.288300,0.890200,2.706400
2009,CHL,B0609,320.984000,271.889500,985.797900,4.363000,1.991700,62.494400
2009,CHL,F,153869.166800,125542.181900,316820.193300,3453.689100,1541.340700,6954.964000
2009,CHL,F09,153710.142900,125412.904300,316156.157200,3451.614400,1540.239200,6895.176000
2009,CHN,B06,42074.992100,38118.143900,126037.430200,1162.936700,590.349000,1691.619200
2009,CHN,B0609,48527.365200,44072.401800,137965.483500,1248.434700,637.135300,2024.863900
2009,CHN,F,8559694.802100,7926158.629700,13339099.368200,61398.589400,39936.618200,212805.892100
2009,CHN,F09,8553242.429000,7920204.371800,13327171.314900,61313.091400,39889.831900,212472.647400
2009,CIV,B06,29.347600,21.038000,45.159600,0.062700,0.003300,0.335600
2009,CIV,B0609,40.073600,29.260600,59.676900,0.077500,0.005100,0.429300
2009,CIV,F,18783.297500,14415.241800,41956.968700,90.174100,28.431100,538.376700
2009,CIV,F09,18772.571500,14407.019200,41942.451400,90.159300,28.429300,538.283000
2009,CMR,B06,558.484800,360.685100,1809.265400,3.579400,2.823600,18.003600
2009,CMR,B0609,641.846200,419.030400,2036.058600,4.105000,3.243100,22.122400
2009,CMR,F,14290.960500,11664.721800,39647.909100,207.543900,158.121100,570.543200
2009,CMR,F09,14207.599100,11606.376500,39421.115900,207.018300,157.701600,566.424400
2009,COD,B06,64.585800,44.995500,336.004600,2.629600,0.004400,1.698600
2009,COD,B0609,93.321000,63.315000,429.165700,3.331400,0.068600,2.811300
2009,COD,F,10856.774100,8012.975100,28624.024100,209.453800,45.862800,315.429500
2009,COD,F09,10828.038900,7994.655600,28530.863000,208.752000,45.798600,314.316800
2009,COL,B06,3991.634200,3683.462800,14779.146600,106.726300,0.061300,120.881500
2009,COL,B0609,4045.228300,3727.715700,14910.973000,107.328300,0.062000,125.503300
2009,COL,F,181524.119600,159077.422600,389437.980100,1206.165700,126.947800,6129.336400
2009,COL,F09,181470.525500,159033.169700,389306.153700,1205.563700,126.947100,6124.714600
2009,CRI,B06,0.206100,0.148400,0.661200,0.019200,0.008900,0.014200
2009,CRI,B0609,0.281600,0.206000,0.873700,0.021900,0.010400,0.020100
2009,CRI,F,23380.234100,17707.786200,52537.667900,660.443200,344.296400,973.160800
2009,CRI,F09,23380.158600,17707.728600,52537.455400,660.440500,344.294900,973.154900
2009,CYP,B06,15.087300,10.614600,32.783500,5.628900,3.969300,0.309100
2009,CYP,B0609,15.425600,10.881300,33.333000,5.689800,4.012700,0.322500
2009,CYP,F,24073.963200,17985.369300,47588.923300,2615.050900,1895.732000,630.253900
2009,CYP,F09,24073.624900,17985.102600,47588.373800,2614.990000,1895.688600,630.240500
2009,CZE,B06,79.688800,72.963600,225.198600,0.266600,0.099600,1.253800
2009,CZE,B0609,163.389400,141.309800,399.282100,0.310200,0.110000,4.540700
2009,CZE,F,269619.064700,202666.492900,464881.134800,399.314600,135.247200,7556.830700
2009,CZE,F09,269535.364100,202598.146700,464707.051300,399.271000,135.236800,7553.543800
2009,DEU,B06,2136.432600,1245.011000,3611.661500,8.470100,5.707200,100.547600
2009,DEU,B0609,2553.773500,1583.570600,4369.149300,10.554900,7.129200,122.292700
2009,DEU,F,3132723.555500,2608597.061100,6280467.740600,12299.550900,8447.773600,90593.588700
2009,DEU,F09,3132306.214600,2608258.501500,6279710.252800,12297.466100,8446.351600,90571.843600
2009,DNK,B06,1179.272800,811.212900,8328.117200,71.711400,3.674600,57.989100
2009,DNK,B0609,1384.855600,956.498100,8910.347700,83.784200,4.492900,69.490100
2009,DNK,F,268732.028900,192394.331300,551732.037700,4622.304400,1159.546000,13094.202200
2009,DNK,F09,268526.446100,192249.046100,551149.807200,4610.231600,1158.727700,13082.701200
2009,EGY,B06,2366.909200,1942.491000,27322.635800,116.993200,40.596200,40.725600
2009,EGY,B0609,2541.072700,2076.660500,27998.147900,121.919100,42.577700,45.414500
2009,EGY,F,113918.939400,91725.906800,283892.008400,2362.284700,1139.329100,1472.663300
2009,EGY,F09,113744.775900,91591.737300,283216.496300,2357.358800,1137.347600,1467.974400
2009,ESP,B06,51.268000,43.511700,106.227200,0.042800,0.023500,1.853200
2009,ESP,B0609,142.106100,116.951300,264.312000,0.652600,0.396400,5.748400
2009,ESP,F,1346805.765800,1148263.241500,2768471.569200,2825.462200,1727.554500,24084.453700
2009,ESP,F09,1346714.927700,1148189.801900,2768313.484400,2824.852400,1727.181600,24080.558500
2009,EST,B06,90.598100,53.163800,225.519900,0.634500,0.308900,10.182100
2009,EST,B0609,91.772000,53.862300,227.773800,0.642900,0.313500,10.309100
2009,EST,F,18713.821100,13025.727600,36513.726800,125.701700,86.126700,876.264900
2009,EST,F09,18712.647200,13025.029100,36511.472900,125.693300,86.122100,876.137900
2009,FIN,B06,0.000000,0.000000,0.000000,0.000000,0.000000,0.000000
2009,FIN,B0609,9.281800,6.785500,33.440400,0.043300,0.038600,0.452100
2009,FIN,F,237888.216300,187292.216800,469804.368200,1397.587600,769.381300,10053.434500
2009,FIN,F09,237878.934500,187285.431300,469770.927800,1397.544300,769.342700,10052.982400
2009,FRA,B06,632.556200,561.065800,868.474900,0.366400,0.284800,30.106400
2009,FRA,B0609,844.616000,734.582200,1217.254400,0.622000,0.473500,45.013100
2009,FRA,F,2222778.075500,1886181.205600,4741744.470300,1599.102000,1061.126800,78126.618800
2009,FRA,F09,2222566.015700,1886007.689200,4741395.690800,1598.846400,1060.938100,78111.712100
2009,GBR,B06,14946.423700,12793.139400,41145.162900,136.382700,24.713700,342.744300
2009,GBR,B0609,20530.589900,17637.390300,50440.731900,148.643500,28.422900,482.600200
2009,GBR,F,1961368.289400,1653206.880400,4192520.794400,4641.577700,1980.966100,60192.097500
2009,GBR,F09,1955784.123200,1648362.629500,4183225.225400,4629.316900,1977.256900,60052.241600
2009,GRC,B06,15.152700,8.096100,24.132900,0.780000,0.391200,0.832800
2009,GRC,B0609,36.100500,23.500400,74.542900,1.403900,0.742200,2.134200
2009,GRC,F,219133.060800,170845.642600,524154.695100,8793.949500,4328.567800,8790.496100
2009,GRC,F09,219112.113000,170830.238300,524104.285100,8793.325600,4328.216800,8789.194700
2009,HKG,B06,0.000000,0.000000,0.000000,0.000000,0.000000,0.000000
2009,HKG,B0609,139.355800,103.284800,162.355900,6.939300,3.293300,3.201500
2009,HKG,F,227671.094800,180989.021600,436771.674800,14241.444200,6030.081300,4897.541800
2009,HKG,F09,227531.739000,180885.736800,436609.318900,14234.504900,6026.788000,4894.340300
2009,HRV,B06,21.590700,17.448900,198.606200,0.192600,0.155700,6.612700
2009,HRV,B0609,458.546100,378.582400,952.730200,2.530300,2.067800,29.749300
2009,HRV,F,50978.191500,39432.039600,106362.495700,347.494000,290.060000,2731.251900
2009,HRV,F09,50541.236100,39070.906100,105608.371700,345.156300,288.147900,2708.115300
2009,HUN,B06,36.587300,21.828100,88.309300,0.302900,0.109500,2.917200
2009,HUN,B0609,136.477900,85.809100,294.197900,0.373300,0.131200,7.651700
2009,HUN,F,142103.084300,84822.562300,260315.887100,289.774600,89.978000,6726.241100
2009,HUN,F09,142003.193700,84758.581300,260109.998500,289.704200,89.956300,6721.506600
2009,IDN,B06,8323.225000,7010.928500,35478.774400,47.538100,37.888600,73.975500
2009,IDN,B0609,10296.417600,8662.673600,40147.669500,58.787700,47.257900,92.214400
2009,IDN,F,526866.203600,454181.199500,1063529.734900,2870.864800,2502.725800,4342.948000
2009,IDN,F09,524893.011000,452529.454400,1058860.839800,2859.615200,2493.356500,4324.709100
2009,IND,B06,15976.259500,12434.220400,31844.200700,417.594000,0.013200,324.071600
2009,IND,B0609,17855.839300,13931.965300,41965.124900,443.580000,0.015500,395.356400
2009,IND,F,1456283.515800,1219349.017100,2665960.402600,9447.500600,1752.763200,32294.717100
2009,IND,F09,1454403.936000,1217851.272200,2655839.478400,9421.514600,1752.760900,32223.432300
2009,IRL,B06,98.926300,38.152700,157.938600,0.424000,0.308900,4.253700
2009,IRL,B0609,181.426200,86.768000,274.601800,0.893500,0.676700,7.265600
2009,IRL,F,299098.304900,170994.454300,520174.218100,683.406000,490.492900,8655.031800
2009,IRL,F09,299015.805000,170945.839000,520057.554900,682.936500,490.125100,8652.019900
2009,ISL,B06,0.181100,0.122000,0.578800,0.008900,0.000000,0.009000
2009,ISL,B0609,0.200900,0.137200,0.642800,0.009200,0.000000,0.010200
2009,ISL,F,11264.891100,8260.597300,23552.425100,216.748700,26.390100,405.636300
2009,ISL,F09,11264.871300,8260.582100,23552.361100,216.748400,26.390100,405.635100
2009,ISR,B06,91.786300,61.722600,297.598800,3.480900,1.324100,3.747000
2009,ISR,B0609,130.934300,89.593400,398.261100,4.175500,1.646400,5.452600
2009,ISR,F,145268.181400,112775.255000,340352.708400,1722.561700,844.434500,4772.555600
2009,ISR,F09,145229.033400,112747.384200,340252.046100,1721.867100,844.112200,4770.850000
2009,ITA,B06,5056.360000,4296.897600,9737.018200,15.911800,11.716600,196.438000
2009,ITA,B0609,5086.834900,4322.148900,10061.634300,16.381300,11.962200,198.470600
2009,ITA,F,2122537.225700,1825416.542800,4179866.781500,10715.267700,6836.249000,74030.545600
2009,ITA,F09,2122506.750800,1825391.291500,4179542.165400,10714.798200,6836.003400,74028.513000
2009,JOR,B06,79.103100,46.460900,211.765500,1.754300,0.002300,1.027400
2009,JOR,B0609,139.750900,87.192700,374.333700,2.572100,0.006400,2.412700
2009,JOR,F,22641.621400,14306.350600,45110.748700,164.985100,29.454400,214.929100
2009,JOR,F09,22580.973600,14265.618800,44948.180500,164.167300,29.450300,213.543800
2009,JPN,B06,749.242500,715.086300,1362.976000,3.585600,2.046500,28.337200
2009,JPN,B0609,1831.315400,1666.937100,3385.139000,21.296100,5.495000,175.465000
2009,JPN,F,4286841.887800,3881575.072800,9380662.171000,49177.163000,26374.492400,142876.177000
2009,JPN,F09,4285759.814900,3880623.222000,9378640.008000,49159.452500,26371.043900,142729.049200
2009,KAZ,B06,21137.227900,16743.418500,40055.031600,219.087200,38.314700,420.706000
2009,KAZ,B0609,22169.660700,17498.366700,41981.190200,219.974100,38.784100,440.277400
2009,KAZ,F,72165.371800,57876.104300,168405.648300,596.494800,113.913300,1073.045500
2009,KAZ,F09,71132.939000,57121.156100,166479.489700,595.607900,113.443900,1053.474100
2009,KHM,B06,0.000000,0.000000,0.000000,0.000000,0.000000,0.000000
2009,KHM,B0609,7.878100,6.583300,20.689300,0.118400,0.000300,0.104900
2009,KHM,F,8125.924700,5771.003000,18276.417100,121.557900,13.547800,149.121900
2009,KHM,F09,8118.046600,5764.419700,18255.727800,121.439500,13.547500,149.017000
2009,KOR,B06,63.168300,40.868200,190.523800,17.460300,11.257800,1.022200
2009,KOR,B0609,65.479500,42.689400,199.483600,17.772500,11.459000,1.103700
2009,KOR,F,1294136.893000,994013.225600,2190095.247900,40814.988900,27692.561500,35733.393300
2009,KOR,F09,1294134.581800,994011.404400,2190086.288100,40814.676700,27692.360300,35733.311800
2009,LAO,B06,5.468500,2.964800,55.118500,0.052900,0.023000,0.199800
2009,LAO,B0609,18.419900,11.409800,107.478700,0.102700,0.045500,0.602100
2009,LAO,F,3245.832700,2321.040500,8918.334900,9.585000,4.354300,99.121300
2009,LAO,F09,3232.881300,2312.595500,8865.974700,9.535200,4.331800,98.719000
2009,LTU,B06,28.577200,20.688400,71.159700,0.186600,0.120400,2.038300
2009,LTU,B0609,30.480900,21.806500,88.115000,0.197500,0.126900,2.177000
2009,LTU,F,27860.245500,18523.009300,63598.660600,151.734800,95.244500,2053.680700
2009,LTU,F09,27858.341800,18521.891200,63581.705300,151.723900,95.238000,2053.542000
2009,LUX,B06,0.000000,0.000000,0.000000,0.000000,0.000000,0.000000
2009,LUX,B0609,0.000000,0.000000,0.000000,0.000000,0.000000,0.000000
2009,LUX,F,85716.535400,39608.335200,136989.012100,80.184000,28.484900,2276.320700
2009,LUX,F09,85716.535400,39608.335200,136989.012100,80.184000,28.484900,2276.320700
2009,LVA,B06,0.000000,0.000000,0.000000,0.000000,0.000000,0.000000
2009,LVA,B0609,1.426000,1.043200,2.580500,0.019700,0.008000,0.259200
2009,LVA,F,27389.910700,22787.678100,52148.720100,250.349800,137.487600,980.908200
2009,LVA,F09,27388.484700,22786.634900,52146.139600,250.330100,137.479600,980.649000
2009,MAR,B06,1.175700,0.770000,14.277700,0.070000,0.001200,0.240800
2009,MAR,B0609,6.336200,4.653100,70.248200,0.121100,0.003200,0.664300
2009,MAR,F,55628.898700,40684.182100,148582.061300,527.336400,104.887900,2572.847500
2009,MAR,F09,55623.738200,40680.299000,148526.090800,527.285300,104.885900,2572.424000
2009,MEX,B06,4788.295400,4069.254300,48684.041300,111.447900,0.977600,77.912400
2009,MEX,B0609,10667.964800,8987.857200,58765.076500,176.033200,3.385200,198.916600
2009,MEX,F,693157.195000,547698.779100,1571679.464800,3908.808800,460.192700,9711.362100
2009,MEX,F09,687277.525600,542780.176200,1561598.429600,3844.223500,457.785100,9590.357900
2009,MLT,B06,6.886100,4.346100,9.794700,0.084700,0.040300,0.184500
2009,MLT,B0609,24.000900,14.700400,34.122800,0.207800,0.108000,0.791900
2009,MLT,F,15038.852100,10643.577400,23070.217200,83.408300,48.979700,384.910000
2009,MLT,F09,15021.737300,10633.223100,23045.889100,83.285200,48.912000,384.302600
2009,MMR,B06,1054.145000,842.555300,1927.147300,93.835400,55.336600,9.150600
2009,MMR,B0609,1060.583400,847.989100,1939.630500,94.051900,55.469800,9.208700
2009,MMR,F,33108.508300,31062.006800,61431.148700,437.744900,293.650200,119.421500
2009,MMR,F09,33102.069900,31056.573000,61418.665500,437.528400,293.517000,119.363400
2009,MYS,B06,17219.440300,12923.573400,27844.452700,202.470200,146.543900,79.819600
2009,MYS,B0609,18565.670900,13879.196400,30510.686800,211.537900,152.631600,87.988200
2009,MYS,F,308333.711000,219214.109500,499441.514100,1523.260500,969.900700,1283.979900
2009,MYS,F09,306987.480400,218258.486500,496775.280000,1514.192800,963.813000,1275.811300
2009,NGA,B06,13258.624900,8930.220900,41039.405400,1858.016200,1.951900,307.136000
2009,NGA,B0609,13284.191300,8949.407100,41096.180600,1859.471900,1.955400,307.799400
2009,NGA,F,183169.332200,164728.200700,442261.197700,2278.487700,78.730700,3237.948700
2009,NGA,F09,183143.765800,164709.014500,442204.422500,2277.032000,78.727200,3237.285300
2009,NLD,B06,4160.798700,3106.331200,23994.851500,36.181500,20.832200,151.873600
2009,NLD,B0609,6460.334200,4718.442100,30398.272400,39.467100,23.423600,226.546100
2009,NLD,F,796600.267700,588101.605600,1582252.185200,5922.707000,3861.116100,25740.195500
2009,NLD,F09,794300.732200,586489.494700,1575848.764300,5919.421400,3858.524700,25665.523000
2009,NOR,B06,7968.159000,6576.936600,77955.904400,59.431900,18.325900,85.678300
2009,NOR,B0609,16719.268600,13741.099500,93308.760500,123.769600,49.549500,250.100400
2009,NOR,F,277506.268400,224008.227900,564534.050600,5752.994200,2348.796300,10474.929300
2009,NOR,F09,268755.158800,216844.065000,549181.194500,5688.656500,2317.572700,10310.507200
2009,NZL,B06,478.717400,383.663200,1151.162000,4.834100,4.347100,9.323300
2009,NZL,B0609,665.107100,544.414300,1554.864200,5.706500,5.120400,13.276500
2009,NZL,F,128577.575800,112392.719500,245287.826000,401.724600,348.290400,2173.384500
2009,NZL,F09,128391.186100,112231.968400,244884.123800,400.852200,347.517100,2169.431300
2009,PAK,B06,1902.589800,1453.817500,4886.050700,134.348900,100.417900,50.188300
2009,PAK,B0609,1990.410900,1523.739900,5098.587000,137.531900,102.843400,53.419300
2009,PAK,F,117298.637200,102009.628100,255330.811700,2304.707000,1820.188100,855.425400
2009,PAK,F09,117210.816100,101939.705700,255118.275400,2301.524000,1817.762600,852.194400
2009,PER,B06,1460.187600,1289.342000,3000.815900,28.490400,19.944900,44.361600
2009,PER,B0609,2165.624400,1877.905300,4592.380600,29.119300,20.403400,63.338000
2009,PER,F,97137.598600,82953.732700,209365.759900,210.861500,149.176100,2913.411900
2009,PER,F09,96432.161800,82365.169400,207774.195200,210.232600,148.717600,2894.435500
2009,PHL,B06,316.194700,213.650300,1134.602700,19.989600,0.047600,8.594000
2009,PHL,B0609,382.410200,261.975600,1258.538500,21.782100,0.063900,10.818500
2009,PHL,F,170923.072400,139624.430300,339450.594300,1850.532400,224.716100,2266.128900
2009,PHL,F09,170856.856900,139576.105000,339326.658500,1848.739900,224.699800,2263.904400
2009,POL,B06,77.284900,55.827300,173.360700,0.860000,0.356600,6.519200
2009,POL,B0609,251.528200,167.939100,566.553100,1.798500,0.796900,26.699400
2009,POL,F,462725.163900,366058.775600,871317.744500,1388.863800,637.526400,18365.605500
2009,POL,F09,462550.920600,365946.663800,870924.552100,1387.925300,637.086100,18345.425300
2009,PRT,B06,0.000000,0.000000,0.000000,0.000000,0.000000,0.000000
2009,PRT,B0609,7.898100,6.294800,17.319000,0.009000,0.005100,0.428300
2009,PRT,F,219206.034000,174826.500400,444028.830600,183.607000,103.508800,7765.781600
2009,PRT,F09,219198.135900,174820.205600,444011.511600,183.598000,103.503700,7765.353300
2009,ROU,B06,1105.676700,902.240700,1969.691500,21.744400,0.002800,32.916800
2009,ROU,B0609,1699.029400,1384.719400,3054.560700,27.721700,0.005600,59.884000
2009,ROU,F,161342.457300,133371.095000,324471.229300,988.529900,151.102400,4587.297100
2009,ROU,F09,160749.104600,132888.616300,323386.360100,982.552600,151.099600,4560.329900
2009,RUS,B06,9361.116800,9071.233300,96035.264400,32.478800,8.598000,108.963600
2009,RUS,B0609,67472.742600,63588.240200,163604.182300,199.896100,59.280700,4160.343300
2009,RUS,F,938515.770800,831522.807000,2050016.398200,3313.841900,1257.435200,38448.000600
2009,RUS,F09,880404.145000,777005.800100,1982447.480300,3146.424600,1206.752500,34396.620900
2009,SAU,B06,12582.500500,7291.955000,160700.277300,81.290600,37.832400,43.094800
2009,SAU,B0609,12787.269000,7414.983900,161289.797700,82.107800,38.250700,44.244100
2009,SAU,F,169111.138300,115097.253600,447407.378700,489.010200,263.362300,711.347800
2009,SAU,F09,168906.369800,114974.224700,446817.858300,488.193000,262.944000,710.198500
2009,SEN,B06,1.857400,0.952800,11.912100,0.698600,0.000200,0.021900
2009,SEN,B0609,19.031800,15.969400,34.696600,0.744500,0.009000,0.449000
2009,SEN,F,11324.398300,8689.721900,26287.026100,428.212500,6.138900,399.257200
2009,SEN,F09,11307.223900,8674.705300,26264.241600,428.166600,6.130100,398.830100
2009,SGP,B06,0.000000,0.000000,0.000000,0.000000,0.000000,0.000000
2009,SGP,B0609,0.000000,0.000000,0.000000,0.000000,0.000000,0.000000
2009,SGP,F,318910.916000,186518.912800,508524.533900,19317.306700,6035.945700,5048.050100
2009,SGP,F09,318910.916000,186518.912800,508524.533900,19317.306700,6035.945700,5048.050100
2009,STP,B06,0.156900,0.100500,0.392000,0.029400,0.000200,0.001200
2009,STP,B0609,0.258100,0.172800,0.579200,0.038800,0.000300,0.002200
2009,STP,F,195.071900,156.520600,377.780800,6.530000,0.224300,1.455300
2009,STP,F09,194.970700,156.448300,377.593600,6.520600,0.224200,1.454300
2009,SVK,B06,1.291500,0.741400,1.785300,0.004600,0.001500,0.192800
2009,SVK,B0609,124.339500,81.914800,296.660600,0.108400,0.024700,11.974100
2009,SVK,F,104875.561800,71320.266400,189604.061500,172.956100,66.146100,4073.976900
2009,SVK,F09,104752.513800,71239.093000,189309.186200,172.852300,66.122900,4062.195600
2009,SVN,B06,0.000000,0.000000,0.000000,0.000000,0.000000,0.000000
2009,SVN,B0609,6.145200,4.037000,8.906500,0.027100,0.013700,0.516000
2009,SVN,F,49284.536200,34904.342700,95304.736700,223.703400,104.833000,1932.350600
2009,SVN,F09,49278.391000,34900.305700,95295.830200,223.676300,104.819300,1931.834600
2009,SWE,B06,34.135100,26.874600,52.846700,0.492500,0.299600,3.546900
2009,SWE,B0609,201.939700,163.844400,382.985900,3.411200,2.167200,17.535600
2009,SWE,F,404790.438200,318207.225500,809982.117700,4920.457200,3062.268400,20106.215600
2009,SWE,F09,404622.633600,318070.255700,809651.978500,4917.538500,3060.400800,20092.226900
2009,THA,B06,2176.654000,1423.726900,8693.032900,34.111400,4.410600,51.831700
2009,THA,B0609,2276.591800,1495.071100,9779.226500,35.121700,4.619000,60.502400
2009,THA,F,415839.427400,304963.010000,676887.795000,3124.114900,1324.790900,11136.723600
2009,THA,F09,415739.489600,304891.665800,675801.601400,3123.104600,1324.582500,11128.052900
2009,TUN,B06,521.071100,423.497400,1836.959000,19.212100,0.024600,8.466700
2009,TUN,B0609,633.207700,515.873800,2069.399100,19.701500,0.050400,9.171700
2009,TUN,F,35618.022900,24924.520900,74397.878000,552.145000,93.354900,452.255400
2009,TUN,F09,35505.886300,24832.144500,74165.437900,551.655600,93.329100,451.550400
2009,TUR,B06,391.026800,316.409500,1464.535800,19.238600,6.388500,28.611800
2009,TUR,B0609,438.826000,355.586700,1841.436000,20.304500,6.797600,32.390300
2009,TUR,F,560130.552800,472407.831300,1163898.519200,6201.285400,2809.418200,25272.927100
2009,TUR,F09,560082.753600,472368.654100,1163521.619000,6200.219500,2809.009100,25269.148600
2009,TWN,B06,210.608500,107.309700,476.545200,0.835800,0.483800,2.083300
2009,TWN,B0609,606.852800,321.825000,1162.457800,2.150700,1.105900,11.438300
2009,TWN,F,507124.903500,352991.161600,887180.474000,3943.673600,3129.376300,4257.777500
2009,TWN,F09,506728.659200,352776.646300,886494.561400,3942.358700,3128.754200,4248.422500
2009,UKR,B06,1955.690200,1586.299600,4267.623700,159.606300,82.588500,84.028300
2009,UKR,B0609,3348.536400,2733.876700,5742.554600,222.997300,116.002400,129.579000
2009,UKR,F,146100.621600,120894.547100,255122.654700,2256.652300,1354.085400,4696.823500
2009,UKR,F09,144707.775400,119746.970000,253647.723800,2193.261300,1320.671500,4651.272800
2009,USA,B06,54295.012400,41880.372600,220211.903400,879.350100,443.000500,601.298100
2009,USA,B0609,84757.523500,70134.676400,292461.392600,903.906000,464.678100,1156.838400
2009,USA,F,10302064.093500,9393671.705200,24262892.153600,38698.178600,22959.936800,119614.907400
2009,USA,F09,10271601.582400,9365417.401400,24190642.664400,38673.622700,22938.259200,119059.367100
2009,VNM,B06,3512.516500,2237.221400,8426.983000,30.482200,16.466500,132.733200
2009,VNM,B0609,3764.852100,2414.828900,8887.466100,32.148700,17.647000,147.386200
2009,VNM,F,157384.136700,110495.748100,254222.365400,915.256300,661.549500,4439.297800
2009,VNM,F09,157131.801100,110318.140600,253761.882300,913.589800,660.369000,4424.644800
2009,ZAF,B06,1567.558900,1400.518300,1815.448800,34.472800,0.005200,45.999700
2009,ZAF,B0609,2169.215600,1915.283700,2625.582200,74.372700,0.017400,74.054800
2009,ZAF,F,353585.958900,305548.102800,669580.306300,3139.144900,148.831000,13279.616700
2009,ZAF,F09,352984.302200,305033.337400,668770.172900,3099.245000,148.818800,13251.561600
2009,ROW,B06,201875.773900,178637.601300,601026.993800,4242.661500,903.766300,692.972900
2009,ROW,B0609,229030.817200,201428.509900,661865.644800,4643.489600,1038.943800,873.904600
2009,ROW,F,2124055.618200,1748636.089300,4520971.488600,29517.504500,13577.209800,25374.982900
2009,ROW,F09,2096900.574900,1725845.180700,4460132.837600,29116.676400,13442.032300,25194.051200
2010,AGO,B06,11887.609900,6999.973800,42212.667000,556.450400,82.230500,-13.040400
2010,AGO,B0609,13293.075300,7725.217200,47032.021200,582.368000,87.305700,-14.597900
2010,AGO,F,35995.830500,22409.282000,91153.903600,672.334900,150.647900,-85.426600
2010,AGO,F09,34590.365100,21684.038600,86334.549400,646.417300,145.572700,-83.869100
2010,ARE,B06,11008.029400,8491.963900,89903.010600,546.510500,263.989500,16.415300
2010,ARE,B0609,15377.739900,11849.667800,101874.195200,639.250000,310.492500,22.446100
2010,ARE,F,216331.990100,158407.317100,440295.961300,4580.935500,2325.530700,414.464000
2010,ARE,F09,211962.279600,155049.613200,428324.776700,4488.196000,2279.027700,408.433200
2010,ARG,B06,7197.872200,6446.099300,18998.183800,64.451400,0.026100,438.114100
2010,ARG,B0609,8380.765400,7483.451000,21349.093700,69.578200,0.088300,527.849600
2010,ARG,F,318033.191500,283757.834000,681097.783300,724.275500,176.644600,16662.631800
2010,ARG,F09,316850.298300,282720.482300,678746.873400,719.148700,176.582400,16572.896300
2010,AUS,B06,9631.293700,8823.305000,33442.680200,330.570700,319.080000,176.915400
2010,AUS,B0609,16175.345300,14857.004300,47015.827100,360.619100,347.003900,257.536700
2010,AUS,F,1212017.012000,1101471.415600,2375256.823800,4110.891600,3735.373600,22791.975300
2010,AUS,F09,1205472.960400,1095437.716300,2361683.676900,4080.843200,3707.449700,22711.354000
2010,AUT,B06,579.803600,199.790600,1604.800700,2.430200,0.585500,16.219900
2010,AUT,B0609,637.964700,244.882100,1721.253400,2.663500,0.589000,19.174800
2010,AUT,F,367883.432100,274604.552800,727847.264700,1752.655300,112.476300,11257.176300
2010,AUT,F09,367825.271000,274559.461300,727730.812000,1752.422000,112.472800,11254.221400
2010,BEL,B06,0.000000,0.000000,0.000000,0.000000,0.000000,0.000000
2010,BEL,B0609,5.078500,2.906900,34.364400,0.017400,0.010300,0.215700
2010,BEL,F,546943.556500,380363.650000,993424.975900,3094.228100,462.013300,16488.884600
2010,BEL,F09,546938.478000,380360.743100,993390.611500,3094.210700,462.003000,16488.668900
2010,BGD,B06,412.360200,333.135100,1723.345700,46.606300,21.613900,2.923100
2010,BGD,B0609,436.883400,353.470300,1795.696200,48.224500,22.390700,3.230500
2010,BGD,F,71857.197700,60945.477600,175129.649900,2317.955300,1246.181200,1048.249900
2010,BGD,F09,71832.674500,60925.142400,175057.299400,2316.337100,1245.404400,1047.942500
2010,BGR,B06,8.669300,7.394300,27.256800,0.043000,0.001300,0.650200
2010,BGR,B0609,15.809600,12.764600,38.553700,0.079900,0.020300,1.012100
2010,BGR,F,57631.952100,42848.293300,104788.973500,470.705900,102.221300,2929.476700
2010,BGR,F09,57624.811800,42842.923000,104777.676600,470.669000,102.202300,2929.114800
2010,BLR,B06,145.226500,36.168100,452.773100,2.965100,0.955400,35.352000
2010,BLR,B0609,193.883300,57.403300,597.609100,3.751500,1.224200,45.292600
2010,BLR,F,63244.628200,41257.558600,118661.276900,750.027000,293.948600,5463.020300
2010,BLR,F09,63195.971400,41236.323400,118516.440900,749.240600,293.679800,5453.079700
2010,BRA,B06,26683.347100,21937.597500,62842.546500,2277.697000,720.048100,2482.497000
2010,BRA,B0609,30374.485400,25290.899100,70374.635900,2297.007000,727.505400,2806.113700
2010,BRA,F,1739418.646400,1597246.992400,3688561.292600,5720.331600,2669.227400,105380.785100
2010,BRA,F09,1735727.508100,1593893.690800,3681029.203200,5701.021600,2661.770100,105057.168400
2010,BRN,B06,3815.167900,3380.726800,7939.904700,53.058100,50.692500,-40.414200
2010,BRN,B0609,4173.718500,3689.826700,8892.664200,58.072700,55.442000,-43.853000
2010,BRN,F,17309.551100,15845.071600,27146.323500,189.162800,182.603400,-133.288000
2010,BRN,F09,16951.000500,15535.971700,26193.564000,184.148200,177.853900,-129.849200
2010,CAN,B06,36013.612700,29693.098500,110141.349300,433.750100,8.770200,372.600100
2010,CAN,B0609,44493.706500,36134.857500,132474.353900,451.465200,23.193900,588.077500
2010,CAN,F,1268766.084900,1030974.240900,2728807.387300,5364.081500,1508.459000,20322.339100
2010,CAN,F09,1260285.991100,1024532.481900,2706474.382700,5346.366400,1494.035300,20106.861700
2010,CHE,B06,4.746000,3.735300,8.751400,0.132500,0.080800,0.068000
2010,CHE,B0609,37.234700,29.639200,63.595700,0.531700,0.352900,0.683100
2010,CHE,F,635351.617500,507705.076900,1218970.368400,9977.185900,6716.034900,6347.285500
2010,CHE,F09,635319.128800,507679.173000,1218915.524100,9976.786700,6715.762800,6346.670400
2010,CHL,B06,188.598800,148.055900,401.148600,2.462700,1.393500,8.599200
2010,CHL,B0609,380.808400,301.672800,1229.993700,5.307900,2.841800,67.206500
2010,CHL,F,185076.728300,150016.139300,390269.444500,5175.201400,2474.975000,8355.779300
2010,CHL,F09,184884.518700,149862.522400,389440.599400,5172.356200,2473.526700,8297.172000
2010,CHN,B06,38827.827500,35696.289900,144969.135300,289.771500,182.793500,2377.475200
2010,CHN,B0609,45722.307100,42072.999800,158688.868300,350.425800,216.817800,2716.838500
2010,CHN,F,9671176.261800,8828252.173100,15343644.862800,71192.340300,47369.806800,270872.997800
2010,CHN,F09,9664281.782200,8821875.463200,15329925.129800,71131.686000,47335.782500,270533.634500
2010,CIV,B06,30.572800,22.222000,47.378700,0.062600,0.007600,0.244500
2010,CIV,B0609,41.662500,30.791600,62.649300,0.078100,0.010600,0.326000
2010,CIV,F,18930.044600,14394.020000,44083.407400,91.254100,31.704700,466.084200
2010,CIV,F09,18918.954900,14385.450400,44068.136800,91.238600,31.701700,466.002700
2010,CMR,B06,497.745200,276.696400,1575.846800,2.240100,1.979300,5.862800
2010,CMR,B0609,578.085400,327.931800,1795.519000,2.670400,2.351700,7.761500
2010,CMR,F,14922.088500,11748.223700,40155.276500,193.318600,142.517100,542.615400
2010,CMR,F09,14841.748300,11696.988300,39935.604300,192.888300,142.144700,540.716700
2010,COD,B06,101.970800,58.389200,509.764200,11.856400,0.008400,0.912400
2010,COD,B0609,132.117900,75.316500,613.843500,13.789000,0.013300,1.366200
2010,COD,F,12398.230000,8324.338100,32883.352700,377.860300,35.640300,221.403400
2010,COD,F09,12368.082900,8307.410800,32779.273400,375.927700,35.635400,220.949600
2010,COL,B06,5785.644800,5399.951500,22663.931300,156.048100,0.079500,170.791700
2010,COL,B0609,5846.374400,5450.922500,22820.925700,156.742500,0.080200,176.612700
2010,COL,F,223830.579400,198214.170300,476463.402300,1317.155200,139.601100,8294.408300
2010,COL,F09,223769.849800,198163.199300,476306.407900,1316.460800,139.600400,8288.587300
2010,CRI,B06,0.238500,0.169100,0.801000,0.026100,0.011900,0.016800
2010,CRI,B0609,0.336300,0.242300,1.058400,0.030100,0.014000,0.024800
2010,CRI,F,27874.822000,21136.841600,63605.826200,839.324800,429.303000,1178.389200
2010,CRI,F09,27874.724200,21136.768400,63605.568800,839.320800,429.300900,1178.381200
2010,CYP,B06,7.618500,5.604000,24.322500,2.743000,2.570100,0.286100
2010,CYP,B0609,7.885200,5.771300,24.874100,2.743600,2.570700,0.301500
2010,CYP,F,22650.489300,16435.079400,46044.066200,1976.684700,1847.295800,659.679400
2010,CYP,F09,22650.222600,16434.912100,46043.514600,1976.684100,1847.295200,659.664000
2010,CZE,B06,53.061500,46.718700,154.391700,0.270300,0.108800,1.009300
2010,CZE,B0609,128.215900,105.254200,321.562700,0.319800,0.118600,4.150800
2010,CZE,F,288190.851600,207159.438000,485430.914800,420.076200,142.552400,7963.281900
2010,CZE,F09,288115.697200,207100.902500,485263.743800,420.026700,142.542600,7960.140400
2010,DEU,B06,2041.349600,1197.650800,3311.744000,7.546500,5.200500,104.531500
2010,DEU,B0609,2430.854400,1501.506500,3933.889400,8.980500,6.009100,126.551400
2010,DEU,F,3234908.157400,2594328.556900,6385121.908800,10948.255400,5947.234500,94695.727400
2010,DEU,F09,3234518.652600,2594024.701200,6384499.763400,10946.821400,5946.425900,94673.707500
2010,DNK,B06,1236.190500,874.326000,8981.166900,41.849800,6.860100,65.529800
2010,DNK,B0609,1428.390700,1011.885700,9491.235600,47.995700,8.077700,76.497200
2010,DNK,F,262598.700300,185867.177100,545878.609900,3766.056000,1379.117900,13092.427000
2010,DNK,F09,262406.500100,185729.617400,545368.541200,3759.910100,1377.900300,13081.459600
2010,EGY,B06,2098.007000,1814.750600,30111.619000,235.671800,121.287600,32.616400
2010,EGY,B0609,2294.182600,1996.836300,30866.831500,235.812300,121.390300,33.871900
2010,EGY,F,125675.774200,102715.913300,321622.169000,3916.256000,2307.508100,1993.042700
2010,EGY,F09,125479.598600,102533.827600,320866.956500,3916.115500,2307.405400,1991.787200
2010,ESP,B06,47.601400,38.840000,119.287200,0.051000,0.026000,1.920100
2010,ESP,B0609,143.148900,113.034200,285.192300,0.783100,0.400700,6.998800
2010,ESP,F,1267608.317200,1055132.771600,2603158.686200,3063.487800,1637.827500,29153.919900
2010,ESP,F09,1267512.769700,1055058.577400,2602992.781100,3062.755700,1637.452800,29148.841200
2010,EST,B06,108.330600,59.708800,256.711100,0.835800,0.370300,10.021200
2010,EST,B0609,109.795300,60.518900,259.428600,0.847200,0.376400,10.150800
2010,EST,F,20966.820600,13788.247000,38813.638000,156.051500,104.431600,892.645500
2010,EST,F09,20965.355900,13787.436900,38810.920500,156.040100,104.425500,892.515900
2010,FIN,B06,0.000000,0.000000,0.000000,0.000000,0.000000,0.000000
2010,FIN,B0609,28.442300,17.693900,58.436500,0.203800,0.163700,0.848200
2010,FIN,F,239878.681100,185211.582700,468455.235300,2219.081600,1279.925700,10279.742300
2010,FIN,F09,239850.238800,185193.888800,468396.798800,2218.877800,1279.762000,10278.894100
2010,FRA,B06,715.778000,649.769000,1058.815600,1.017500,0.507200,35.904800
2010,FRA,B0609,861.223300,765.082700,1311.607800,1.436400,0.729700,47.515100
2010,FRA,F,2256553.612500,1867380.124200,4721193.532100,3053.402700,1765.798700,81586.682400
2010,FRA,F09,2256408.167200,1867264.810500,4720940.739900,3052.983800,1765.576200,81575.072100
2010,GBR,B06,16167.678200,13429.591000,50456.753900,174.626800,34.241100,444.566400
2010,GBR,B0609,21474.434900,17880.287300,59682.384500,191.961400,39.404000,600.833500
2010,GBR,F,2015927.634200,1687310.900900,4287902.956100,4923.909000,2246.173800,66867.111800
2010,GBR,F09,2010620.877500,1682860.204600,4278677.325500,4906.574400,2241.010900,66710.844700
2010,GRC,B06,15.141200,13.049800,25.289600,0.115400,0.100000,0.831000
2010,GRC,B0609,30.981800,25.611500,77.733500,0.333800,0.291200,2.065500
2010,GRC,F,200286.781900,155667.928000,471608.950500,7390.873500,2489.158000,9198.270000
2010,GRC,F09,200270.941300,155655.366300,471556.506600,7390.655100,2488.966800,9197.035500
2010,HKG,B06,0.000000,0.000000,0.000000,0.000000,0.000000,0.000000
2010,HKG,B0609,162.857200,74.864900,184.735900,7.875500,7.252700,0.127700
2010,HKG,F,263684.423900,206624.427900,489811.052600,17188.165700,7829.656100,2511.780900
2010,HKG,F09,263521.566700,206549.563000,489626.316700,17180.290200,7822.403400,2511.653200
2010,HRV,B06,17.889600,7.062100,185.001100,0.088300,0.066800,6.092200
2010,HRV,B0609,231.099700,198.568300,666.011200,0.133300,0.101600,10.879300
2010,HRV,F,46755.298200,35795.814200,99129.409600,329.919400,283.625900,2652.149900
2010,HRV,F09,46542.088100,35604.308000,98648.399500,329.874400,283.591100,2647.362800
2010,HUN,B06,33.430700,15.851800,106.523900,0.193100,0.106200,2.699400
2010,HUN,B0609,70.938700,38.717100,194.336200,0.216500,0.112400,4.744000
2010,HUN,F,146651.196000,82236.369500,266775.216300,253.829200,100.777000,7903.061100
2010,HUN,F09,146613.688000,82213.504200,266687.404000,253.805800,100.770800,7901.016500
2010,IDN,B06,11217.904300,9756.701000,46806.569600,68.677300,55.284500,67.610000
2010,IDN,B0609,13333.722200,11497.023200,52452.879800,81.657100,66.024900,86.259900
2010,IDN,F,690290.142100,588049.735700,1395313.265800,3794.210600,3281.697500,5300.583600
2010,IDN,F09,688174.324200,586309.413500,1389666.955600,3781.230800,3270.957100,5281.933700
2010,IND,B06,19257.163500,14978.550100,39091.496200,643.299500,0.013500,510.421700
2010,IND,B0609,21246.607900,16550.717200,51609.181900,674.642700,0.015400,602.984300
2010,IND,F,1826040.132000,1521679.657300,3344095.138100,12473.805000,2106.853800,48836.505000
2010,IND,F09,1824050.687600,1520107.490200,3331577.452400,12442.461800,2106.851900,48743.942400
2010,IRL,B06,62.398900,16.480400,107.323100,0.202900,0.116300,2.278300
2010,IRL,B0609,138.777100,49.295400,207.875400,0.494400,0.292100,4.048200
2010,IRL,F,256879.145400,134602.478100,464981.878300,392.882600,225.844500,6206.891600
2010,IRL,F09,256802.767200,134569.663100,464881.326000,392.591100,225.668700,6205.121700
2010,ISL,B06,0.200200,0.134300,0.623200,0.014400,0.004800,0.010200
2010,ISL,B0609,0.219600,0.149200,0.689500,0.015000,0.005100,0.011400
2010,ISL,F,12531.921600,9070.514000,25385.298300,368.857700,156.025800,466.618100
2010,ISL,F09,12531.902200,9070.499100,25385.232000,368.857100,156.025500,466.616900
2010,ISR,B06,110.618100,77.874500,341.853900,4.409800,2.025000,5.308800
2010,ISR,B0609,162.701600,115.466600,463.246700,5.322000,2.512500,7.925100
2010,ISR,F,195115.843800,153902.690500,414719.575800,2186.179600,1246.377900,6748.079800
2010,ISR,F09,195063.760300,153865.098400,414598.183000,2185.267400,1245.890400,6745.463500
2010,ITA,B06,5428.796300,3818.495200,10230.382500,30.365700,19.369300,210.774900
2010,ITA,B0609,5448.888900,3834.780000,10444.298700,30.707500,19.477100,212.046400
2010,ITA,F,2169545.786800,1821377.152200,4157588.585100,14148.485500,7279.885700,71099.374700
2010,ITA,F09,2169525.694200,1821360.867400,4157374.668900,14148.143700,7279.777900,71098.103200
2010,JOR,B06,87.574900,51.696200,231.846900,3.279100,0.003500,1.309800
2010,JOR,B0609,155.007400,104.214000,411.578400,3.397200,0.093000,3.974400
2010,JOR,F,24732.327700,15605.690000,49299.695500,187.528300,46.198500,334.185000
2010,JOR,F09,24664.895200,15553.172200,49119.964000,187.410200,46.109000,331.520400
2010,JPN,B06,829.819300,789.580000,1495.641200,4.301300,2.612600,31.218500
2010,JPN,B0609,2041.896200,1835.605200,3714.631400,26.115400,6.310800,180.078500
2010,JPN,F,4810763.928300,4293350.914400,10363001.225500,59620.490100,33737.707400,156464.554300
2010,JPN,F09,4809551.851400,4292304.889200,10360782.235300,59598.676000,33734.009200,156315.694300
2010,KAZ,B06,22628.965000,17644.849100,47200.398400,301.811600,55.628400,905.869900
2010,KAZ,B0609,23751.329600,18491.571200,49470.162000,303.558000,57.026000,934.854800
2010,KAZ,F,78011.995200,64270.111700,199540.113000,555.326600,124.564000,1893.790400
2010,KAZ,F09,76889.630600,63423.389600,197270.349400,553.580200,123.166400,1864.805500
2010,KHM,B06,0.000000,0.000000,0.000000,0.000000,0.000000,0.000000
2010,KHM,B0609,7.816600,6.009900,21.990000,0.124500,0.000600,0.085200
2010,KHM,F,8777.286500,5917.742100,19840.644000,140.896600,11.329000,175.265000
2010,KHM,F09,8769.469900,5911.732200,19818.654000,140.772100,11.328400,175.179800
2010,KOR,B06,75.527700,54.544200,240.050400,20.744700,14.094900,1.375400
2010,KOR,B0609,80.187600,58.093000,252.501500,21.676600,14.728300,1.606900
2010,KOR,F,1610581.046200,1221346.321000,2697659.313000,52077.790900,37011.458100,46607.517600
2010,KOR,F09,1610576.386300,1221342.772200,2697646.861900,52076.859000,37010.824700,46607.286100
2010,LAO,B06,6.553900,3.954400,67.044600,0.014300,0.006700,0.245100
2010,LAO,B0609,22.672500,13.976600,131.253000,0.047900,0.022500,0.823700
2010,LAO,F,3960.900600,2680.577900,10865.779600,10.329200,4.532800,111.636400
2010,LAO,F09,3944.782000,2670.555700,10801.571200,10.295600,4.517000,111.057800
2010,LTU,B06,32.484400,20.831000,81.717500,0.523000,0.291700,3.686200
2010,LTU,B0609,34.998500,22.449800,101.188400,0.565700,0.315400,3.891000
2010,LTU,F,29750.717100,18687.964400,65681.072300,222.764600,125.275300,2570.093500
2010,LTU,F09,29748.203000,18686.345600,65661.601400,222.721900,125.251600,2569.888700
2010,LUX,B06,0.000000,0.000000,0.000000,0.000000,0.000000,0.000000
2010,LUX,B0609,0.000000,0.000000,0.000000,0.000000,0.000000,0.000000
2010,LUX,F,100675.237900,47909.760400,153700.386800,184.741800,34.583400,2311.660400
2010,LUX,F09,100675.237900,47909.760400,153700.386800,184.741800,34.583400,2311.660400
2010,LVA,B06,0.000000,0.000000,0.000000,0.000000,0.000000,0.000000
2010,LVA,B0609,3.141200,2.102100,4.938300,0.049800,0.005000,0.606600
2010,LVA,F,27490.300100,22152.055700,49744.267800,201.881800,76.265700,927.694800
2010,LVA,F09,27487.158900,22149.953600,49739.329500,201.832000,76.260700,927.088200
2010,MAR,B06,1.505800,0.928300,13.406300,0.097800,0.001900,0.125200
2010,MAR,B0609,6.976100,4.934700,70.112900,0.155000,0.004200,0.311000
2010,MAR,F,59191.963700,41555.235100,152468.089900,572.877100,129.668800,1701.012600
2010,MAR,F09,59186.493400,41551.228700,152411.383300,572.819900,129.666500,1700.826800
2010,MEX,B06,6376.723800,5258.055300,63620.683600,163.796600,1.030100,83.765300
2010,MEX,B0609,13058.493600,10734.799800,75097.506000,234.210600,2.919500,192.241000
2010,MEX,F,829087.073500,641259.158200,1856315.549100,4400.727600,511.684900,10923.600000
2010,MEX,F09,822405.303700,635782.413700,1844838.726700,4330.313600,509.795500,10815.124300
2010,MLT,B06,7.454400,4.944200,10.945400,0.059700,0.021400,0.265200
2010,MLT,B0609,19.171600,12.935100,27.945600,0.127200,0.047200,0.663500
2010,MLT,F,15329.383700,10444.377900,23686.158800,83.146500,40.356100,342.526800
2010,MLT,F09,15317.666500,10436.387000,23669.158600,83.079000,40.330300,342.128500
2010,MMR,B06,1487.544800,1269.408700,2669.670900,141.927300,100.425200,17.413300
2010,MMR,B0609,1496.254100,1277.077500,2685.979800,142.239700,100.649400,17.524100
2010,MMR,F,44253.064700,42188.837300,79378.501800,556.785800,428.041900,178.733800
2010,MMR,F09,44244.355400,42181.168500,79362.192900,556.473400,427.817700,178.623000
2010,MYS,B06,20569.149600,15337.254800,33972.144600,158.027700,109.611100,115.301500
2010,MYS,B0609,22228.886100,16506.646000,37339.594300,166.059700,115.086800,123.174200
2010,MYS,F,368988.205500,259365.567500,609962.968800,1807.907000,1186.319600,1625.935600
2010,MYS,F09,367328.469000,258196.176300,606595.519100,1799.875000,1180.843900,1618.062900
2010,NGA,B06,23801.477200,15280.430700,79437.181000,3430.142000,2.553400,505.368400
2010,NGA,B0609,23840.603100,15306.278700,79528.594700,3432.637500,2.559800,506.347500
2010,NGA,F,228664.758300,207852.831600,542291.618500,958.794100,79.689600,4551.036300
2010,NGA,F09,228625.632400,207826.983600,542200.204800,956.298600,79.683200,4550.057200
2010,NLD,B06,4151.251100,3088.695500,23622.130800,3.107000,1.808200,135.075000
2010,NLD,B0609,7554.468200,5561.268600,31355.672800,5.233200,3.011400,234.283800
2010,NLD,F,791810.182000,607586.829400,1559596.086600,5026.445400,2858.951200,26531.029200
2010,NLD,F09,788406.964900,605114.256300,1551862.544600,5024.319200,2857.748000,26431.820400
2010,NOR,B06,8922.843600,7568.100500,89993.107300,76.258400,9.492300,67.542800
2010,NOR,B0609,18646.976700,15635.783400,106540.834800,119.017100,33.567000,247.875800
2010,NOR,F,294082.413300,234985.781400,609110.711700,5243.732400,1744.611300,11874.345600
2010,NOR,F09,284358.280200,226918.098500,592562.984200,5200.973700,1720.536600,11694.012600
2010,NZL,B06,417.165900,334.741500,1151.939200,4.929800,4.451900,8.583500
2010,NZL,B0609,636.636000,521.271800,1630.169700,6.100900,5.489000,13.395500
2010,NZL,F,143159.417500,124784.302200,274438.395200,470.536900,405.760300,2600.800300
2010,NZL,F09,142939.947400,124597.771900,273960.164700,469.365800,404.723200,2595.988300
2010,PAK,B06,1846.767500,1458.315100,5081.889600,142.343200,98.287700,78.766200
2010,PAK,B0609,1941.256700,1535.007000,5314.947700,145.716100,100.682500,83.899100
2010,PAK,F,133138.126000,117234.866000,288241.634600,2332.198200,1748.175800,1024.929800
2010,PAK,F09,133043.636800,117158.174100,288008.576500,2328.825300,1745.781000,1019.796900
2010,PER,B06,2157.173000,1936.784100,4672.431500,37.823300,23.127500,61.045000
2010,PER,B0609,2999.667100,2638.341500,6870.780600,38.637200,23.719500,84.036200
2010,PER,F,117420.641300,98810.146300,253664.724600,287.119200,184.026900,3645.784700
2010,PER,F09,116578.147200,98108.588900,251466.375500,286.305300,183.434900,3622.793500
2010,PHL,B06,342.643700,219.189000,1211.633600,23.155200,0.048700,8.850800
2010,PHL,B0609,416.636500,271.735200,1354.041600,25.219900,0.064100,11.187800
2010,PHL,F,201663.697500,162017.276700,401659.279800,2247.732300,265.448000,2740.021800
2010,PHL,F09,201589.704700,161964.730500,401516.871800,2245.667600,265.432600,2737.684800
2010,POL,B06,93.963700,65.378100,253.567200,0.463600,0.232900,5.665600
2010,POL,B0609,420.102200,288.539500,889.930100,1.953100,0.906600,38.067600
2010,POL,F,515736.172100,400909.668600,956816.375900,1566.360100,679.936500,23183.897400
2010,POL,F09,515410.033600,400686.507200,956180.013000,1564.870600,679.262800,23151.495400
2010,PRT,B06,0.000000,0.000000,0.000000,0.000000,0.000000,0.000000
2010,PRT,B0609,12.343200,8.424700,33.897300,0.027600,0.012500,0.725300
2010,PRT,F,217743.729700,169484.972400,435227.736700,219.231200,106.973800,8059.102500
2010,PRT,F09,217731.386500,169476.547700,435193.839400,219.203600,106.961300,8058.377200
2010,ROU,B06,1450.303900,1296.661500,2688.923000,11.995700,0.003000,38.277100
2010,ROU,B0609,1967.522000,1742.594600,3915.089200,21.528600,0.005500,61.736700
2010,ROU,F,176062.609600,143784.376600,333094.660900,681.135300,186.951300,6092.129600
2010,ROU,F09,175545.391500,143338.443500,331868.494700,671.602400,186.948800,6068.670000
2010,RUS,B06,11567.204700,11165.488900,118814.306500,50.448000,12.403100,167.716500
2010,RUS,B0609,84803.650900,80119.552500,203991.577300,266.072400,75.182400,5421.538200
2010,RUS,F,1205340.081500,1068411.948300,2583202.440900,4099.586100,1560.958500,50484.505800
2010,RUS,F09,1132103.635300,999457.884700,2498025.170100,3883.961700,1498.179200,45230.684100
2010,SAU,B06,16088.144200,10190.559500,209824.691100,108.905800,51.940900,47.405300
2010,SAU,B0609,16347.123700,10354.953800,210542.227500,109.933400,52.477100,48.714400
2010,SAU,F,207763.809900,148238.163300,539196.104200,586.206900,324.902800,825.500200
2010,SAU,F09,207504.830400,148073.769000,538478.567800,585.179300,324.366600,824.191100
2010,SEN,B06,1.788500,1.104200,10.923500,0.528000,0.000200,0.018900
2010,SEN,B0609,17.520000,15.137100,31.817100,0.572800,0.005900,0.472300
2010,SEN,F,11746.990200,9131.292000,26687.366900,407.355800,5.698300,408.246100
2010,SEN,F09,11731.258700,9117.259100,26666.473300,407.311000,5.692600,407.792700
2010,SGP,B06,0.000000,0.000000,0.000000,0.000000,0.000000,0.000000
2010,SGP,B0609,0.000000,0.000000,0.000000,0.000000,0.000000,0.000000
2010,SGP,F,390398.867100,227082.050800,622191.433400,22338.907600,6122.999900,5071.032400
2010,SGP,F09,390398.867100,227082.050800,622191.433400,22338.907600,6122.999900,5071.032400
2010,STP,B06,0.157500,0.091800,0.412300,0.039100,0.000100,0.000900
2010,STP,B0609,0.259600,0.160800,0.602500,0.051500,0.000200,0.001600
2010,STP,F,196.177200,152.580800,386.578900,8.225300,0.210700,1.320300
2010,STP,F09,196.075100,152.511800,386.388700,8.212900,0.210600,1.319600
2010,SVK,B06,1.332800,0.817100,1.816100,0.004500,0.001500,0.174600
2010,SVK,B0609,115.231500,78.085600,245.413200,0.083900,0.018200,10.243500
2010,SVK,F,105163.631000,68030.208200,192964.832300,175.321100,65.952800,4979.779400
2010,SVK,F09,105049.732300,67952.939700,192721.235200,175.241700,65.936100,4969.710500
2010,SVN,B06,0.000000,0.000000,0.000000,0.000000,0.000000,0.000000
2010,SVN,B0609,5.200400,3.260100,7.807700,0.023600,0.011600,0.468400
2010,SVN,F,49462.944800,33724.298500,93445.400200,244.187700,109.500900,1991.784200
2010,SVN,F09,49457.744400,33721.038400,93437.592500,244.164100,109.489300,1991.315800
2010,SWE,B06,39.567300,31.101500,61.076300,0.786800,0.417000,3.858900
2010,SWE,B0609,224.967700,179.141700,420.061800,4.825300,2.738000,16.576800
2010,SWE,F,455668.506700,359214.700700,914555.510400,5065.376600,2988.398200,21437.604600
2010,SWE,F09,455483.106300,359066.660500,914196.524900,5061.338100,2986.077200,21424.886700
2010,THA,B06,2663.826200,1932.281800,10685.463100,6.238500,4.236800,104.611300
2010,THA,B0609,2774.264200,2014.742300,11850.060400,7.368200,4.442900,114.000800
2010,THA,F,515315.545100,365894.326800,829167.617800,4259.801700,2114.682300,14156.846400
2010,THA,F09,515205.107100,365811.866300,828003.020500,4258.672000,2114.476200,14147.456900
2010,TUN,B06,721.385600,577.000700,2343.333600,16.937000,0.022600,-15.843000
2010,TUN,B0609,841.945100,668.430600,2588.054600,17.465400,0.115300,-14.924000
2010,TUN,F,36617.998600,23809.381700,76216.114400,580.534200,94.752200,757.346500
2010,TUN,F09,36497.439100,23717.951800,75971.393400,580.005800,94.659500,756.427500
2010,TUR,B06,538.046700,484.955200,1787.006500,11.227100,5.001700,18.166000
2010,TUR,B0609,609.057800,541.139500,2246.895000,14.814500,6.553600,23.843000
2010,TUR,F,670956.023200,557140.189600,1387361.178400,9088.827200,4475.921800,33893.396200
2010,TUR,F09,670885.012100,557084.005300,1386901.289900,9085.239800,4474.369900,33887.719200
2010,TWN,B06,219.272200,111.928800,526.401400,0.951300,0.536100,1.820600
2010,TWN,B0609,743.510100,379.523800,1384.465000,2.968400,1.466600,11.293900
2010,TWN,F,669094.986400,447820.173100,1103714.072800,5249.610100,4046.070500,4493.733500
2010,TWN,F09,668570.748500,447552.578100,1102856.009200,5247.593000,4045.140000,4484.260200
2010,UKR,B06,3093.960100,2505.760300,5782.114600,237.268700,121.466800,127.303200
2010,UKR,B0609,4668.707100,3802.243500,7449.576000,306.739600,157.676300,178.027900
2010,UKR,F,170883.647200,139363.157200,294453.930700,2273.860500,1376.764100,5854.144000
2010,UKR,F09,169308.900200,138066.674000,292786.469300,2204.389600,1340.554600,5803.419300
2010,USA,B06,113845.739900,84036.537500,295089.579800,1542.527900,721.123600,1552.357100
2010,USA,B0609,148225.355800,115708.050200,377576.483700,1575.810400,750.631600,2237.561100
2010,USA,F,11175192.002000,10081361.118300,25671472.680200,43256.609400,23781.669200,136126.879300
2010,USA,F09,11140812.386100,10049689.605600,25588985.776300,43223.326900,23752.161200,135441.675300
2010,VNM,B06,3903.948900,2680.814800,9312.687600,35.802400,20.105500,223.017300
2010,VNM,B0609,4198.791900,2903.315900,9907.374000,37.787400,21.570600,254.044000
2010,VNM,F,211307.181600,154418.622800,344866.604000,1242.810800,919.854800,7698.413100
2010,VNM,F09,211012.338600,154196.121700,344271.917600,1240.825800,918.389700,7667.386400
2010,ZAF,B06,1946.216000,1714.835500,2255.465200,22.387600,0.004500,53.832800
2010,ZAF,B0609,2685.757000,2378.639400,3261.953300,26.695000,0.025500,92.523800
2010,ZAF,F,436419.329800,375969.242000,835667.900500,3999.785600,169.701500,16664.019600
2010,ZAF,F09,435679.788800,375305.438100,834661.412400,3995.478200,169.680500,16625.328600
2010,ROW,B06,222593.041600,196105.310300,725568.641800,5225.341000,1050.630700,275.887100
2010,ROW,B0609,249690.068200,218571.824000,791886.871200,5613.921800,1174.593100,401.191300
2010,ROW,F,2319024.850600,1897823.667200,5024054.045700,32329.024400,14661.210400,25483.340000
2010,ROW,F09,2291927.824000,1875357.153500,4957735.816300,31940.443600,14537.248000,25358.035800
2011,AGO,B06,13296.419800,8340.814000,53741.982100,586.407400,112.954100,-36.000600
2011,AGO,B0609,15094.510400,9279.247500,61414.481300,615.091900,119.290700,-40.532300
2011,AGO,F,44727.599300,27198.457000,118337.094000,777.082000,215.837700,-278.006000
2011,AGO,F09,42929.508700,26260.023500,110664.594800,748.397500,209.501100,-273.474300
2011,ARE,B06,15290.422600,11304.755500,120853.386500,688.797600,350.712100,31.364500
2011,ARE,B0609,21005.886600,15632.266500,136268.870600,789.110500,403.228500,41.777800
2011,ARE,F,261691.392100,188773.571300,522251.355400,4861.513000,2567.061900,610.049700
2011,ARE,F09,255975.928100,184446.060300,506835.871300,4761.200100,2514.545500,599.636400
2011,ARG,B06,9035.841600,7997.150100,21534.448100,93.042500,0.044700,554.282100
2011,ARG,B0609,10458.753500,9237.832100,24230.247400,99.096000,0.055300,656.403900
2011,ARG,F,395414.185700,350238.244700,849426.271400,872.893200,187.363300,20499.476800
2011,ARG,F09,393991.273800,348997.562700,846730.472100,866.839700,187.352700,20397.355000
2011,AUS,B06,11143.583900,10124.136300,40416.962500,392.078500,379.134100,200.417500
2011,AUS,B0609,20114.514000,18342.835600,59262.104100,438.888800,422.919600,307.779900
2011,AUS,F,1437567.068200,1299675.762000,2843103.866300,4644.114700,4188.569300,25795.765800
2011,AUS,F09,1428596.138100,1291457.062700,2824258.724700,4597.304400,4144.783800,25688.403400
2011,AUT,B06,611.356200,219.380700,2187.075700,2.319300,0.626200,26.908000
2011,AUT,B0609,678.379100,270.939200,2318.499500,2.529100,0.629600,30.548600
2011,AUT,F,419899.722600,307614.356300,816249.455500,1856.482000,131.909300,12900.176600
2011,AUT,F09,419832.699700,307562.797800,816118.031700,1856.272200,131.905900,12896.536000
2011,BEL,B06,0.000000,0.000000,0.000000,0.000000,0.000000,0.000000
2011,BEL,B0609,3.068100,1.707300,21.005800,0.011200,0.007000,0.123800
2011,BEL,F,640175.150400,438219.037600,1126634.642400,3239.280000,547.210100,18608.912600
2011,BEL,F09,640172.082300,438217.330300,1126613.636600,3239.268800,547.203100,18608.788800
2011,BGD,B06,426.560400,344.655900,1864.993200,48.315300,22.518100,3.487100
2011,BGD,B0609,455.552400,368.628200,1947.774900,50.037800,23.352400,3.893600
2011,BGD,F,78287.240400,65260.389000,191396.498900,2459.736600,1331.003900,1287.074100
2011,BGD,F09,78258.248400,65236.416700,191313.717200,2458.014100,1330.169600,1286.667600
2011,BGR,B06,21.931400,18.315100,146.719100,0.160700,0.002300,1.539600
2011,BGR,B0609,33.804400,26.542700,163.701500,0.218700,0.033100,2.099200
2011,BGR,F,67439.394400,48410.652700,121209.539600,546.439700,89.487900,3547.630100
2011,BGR,F09,67427.521400,48402.425100,121192.557200,546.381700,89.457100,3547.070500
2011,BLR,B06,243.156200,53.367000,698.525800,5.103300,1.819500,49.888300
2011,BLR,B0609,306.313300,77.087000,881.550800,6.086600,2.192000,61.432200
2011,BLR,F,74682.532500,44289.382200,135917.404300,880.062400,364.879500,6500.299700
2011,BLR,F09,74619.375400,44265.662200,135734.379300,879.079100,364.507000,6488.755800
2011,BRA,B06,31144.086100,25935.827100,89131.867600,2531.921900,815.760100,2863.535500
2011,BRA,B0609,35304.260000,29716.895400,98599.626700,2551.289700,823.578100,3228.453300
2011,BRA,F,2063721.421000,1889944.847400,4357491.292500,6902.611900,3275.929100,124840.391300
2011,BRA,F09,2059561.247100,1886163.779100,4348023.533400,6883.244100,3268.111100,124475.473500
2011,BRN,B06,4852.626600,4170.701800,10534.265600,67.371600,64.386000,-43.568300
2011,BRN,B0609,5348.219100,4604.642100,11847.125900,74.550800,71.220700,-47.797600
2011,BRN,F,23588.042000,21444.388800,36769.370700,273.646300,264.345900,-164.596800
2011,BRN,F09,23092.449500,21010.448500,35456.510400,266.467100,257.511200,-160.367500
2011,CAN,B06,45023.285900,37116.836700,135153.923800,540.639100,14.249200,427.614600
2011,CAN,B0609,56353.856100,45786.701100,164338.150900,564.173900,33.613700,714.717200
2011,CAN,F,1407658.480000,1138706.662400,3020374.765600,5835.077500,1679.825100,22014.071300
2011,CAN,F09,1396327.909800,1130036.798000,2991190.538500,5811.542700,1660.460600,21726.968700
2011,CHE,B06,4.575500,3.632900,9.251600,0.170900,0.106000,0.064500
2011,CHE,B0609,41.643600,33.435900,69.129300,1.382300,0.860000,0.562200
2011,CHE,F,755430.141300,604315.282700,1453685.250100,11359.440300,7781.873500,7518.221200
2011,CHE,F09,755393.073200,604285.479700,1453625.372400,11358.228900,7781.119500,7517.723500
2011,CHL,B06,225.274600,179.967900,470.424700,3.133900,1.253800,10.090500
2011,CHL,B0609,463.001600,365.465100,1441.316000,6.562400,2.713800,77.052500
2011,CHL,F,223547.014000,178351.996600,460496.622400,5936.034900,2408.174500,9982.268000
2011,CHL,F09,223309.287000,178166.499400,459525.731100,5932.606400,2406.714500,9915.306000
2011,CHN,B06,34657.051400,29996.824300,152776.698000,1032.593800,482.558700,1386.755200
2011,CHN,B0609,42850.622100,37368.974200,170373.066100,1136.011800,536.371000,1784.487500
2011,CHN,F,12586315.186500,11417192.173100,19641224.556500,91147.390400,57300.388400,336739.077500
2011,CHN,F09,12578121.615800,11409820.023200,19623628.188400,91043.972400,57246.576100,336341.345200
2011,CIV,B06,29.321900,21.095000,47.827100,0.067500,0.007700,0.217700
2011,CIV,B0609,40.361900,29.465400,63.186000,0.085200,0.010800,0.288600
2011,CIV,F,17663.274300,13771.743700,45207.859200,90.597700,28.191700,409.149600
2011,CIV,F09,17652.234300,13763.373300,45192.500300,90.580000,28.188600,409.078700
2011,CMR,B06,393.131900,226.367400,1329.930700,3.061600,2.511700,16.490500
2011,CMR,B0609,471.963600,278.307000,1547.228400,3.681900,3.022500,20.066000
2011,CMR,F,16296.411800,12878.186500,44857.356600,219.722700,175.220900,650.578000
2011,CMR,F09,16217.580100,12826.246900,44640.058900,219.102400,174.710100,647.002500
2011,COD,B06,151.847400,110.862500,826.947500,9.689300,0.009200,1.498100
2011,COD,B0609,192.866400,137.374300,968.565800,11.195500,0.013600,2.283700
2011,COD,F,13803.070500,9304.750600,38100.967300,365.311700,35.461000,322.358600
2011,COD,F09,13762.051500,9278.238800,37959.349000,363.805500,35.456600,321.573000
2011,COL,B06,8413.508400,7844.983400,36153.045000,244.158800,0.094400,244.296300
2011,COL,B0609,8479.511800,7899.550500,36339.330000,244.865000,0.095000,250.679100
2011,COL,F,263419.873400,230346.338700,550373.576900,1442.093800,127.551400,10205.815700
2011,COL,F09,263353.870000,230291.771600,550187.291900,1441.387600,127.550800,10199.432900
2011,CRI,B06,0.284400,0.198200,0.919300,0.029100,0.013800,0.020000
2011,CRI,B0609,0.407400,0.289200,1.214700,0.033500,0.016200,0.029900
2011,CRI,F,32069.886200,24051.036300,72547.843200,903.875700,485.891600,1389.404100
2011,CRI,F09,32069.763200,24050.945300,72547.547800,903.871300,485.889200,1389.394200
2011,CYP,B06,11.189100,8.742100,25.988200,3.177900,3.065200,0.439000
2011,CYP,B0609,11.538600,8.980800,26.577600,3.179000,3.066200,0.457900
2011,CYP,F,23682.747100,17191.906200,48904.576700,1911.400900,1836.338200,668.992300
2011,CYP,F09,23682.397600,17191.667500,48903.987300,1911.399800,1836.337200,668.973400
2011,CZE,B06,47.365800,40.890500,179.751300,0.426600,0.230100,0.760000
2011,CZE,B0609,161.474000,127.471300,424.423300,0.489400,0.239900,5.075400
2011,CZE,F,332031.465100,234852.064200,547962.889300,433.219200,174.817500,8533.329400
2011,CZE,F09,331917.356900,234765.483400,547718.217300,433.156400,174.807700,8529.014000
2011,DEU,B06,2313.463800,1252.493600,3968.481500,8.133900,5.431000,135.554300
2011,DEU,B0609,2745.525600,1585.346500,4723.441200,9.413300,6.216400,161.060000
2011,DEU,F,3706862.653300,2936899.321200,7178571.112600,10062.083100,6180.209800,107342.569700
2011,DEU,F09,3706430.591500,2936566.468300,7177816.152900,10060.803700,6179.424400,107317.064000
2011,DNK,B06,1476.801000,1044.955900,10717.711900,29.539000,11.120800,66.755200
2011,DNK,B0609,1740.024200,1226.470300,11415.812000,35.059100,13.425400,80.274300
2011,DNK,F,294349.244500,203890.278700,595957.967400,3224.389500,1735.940500,13925.128400
2011,DNK,F09,294086.021300,203708.764300,595259.867300,3218.869400,1733.635900,13911.609300
2011,EGY,B06,3025.055500,2511.128900,31387.264500,292.048700,99.573000,18.026300
2011,EGY,B0609,3329.130400,2761.335900,32582.965000,306.293200,104.853600,21.947200
2011,EGY,F,151291.587400,125641.627200,375531.519600,4250.314200,1859.055700,-887.314900
2011,EGY,F09,150987.512500,125391.420200,374335.819100,4236.069700,1853.775100,-891.235800
2011,ESP,B06,55.258700,46.518600,107.541100,0.062400,0.029600,2.252900
2011,ESP,B0609,156.038600,124.090400,309.090500,1.063500,0.505700,7.299000
2011,ESP,F,1327352.708800,1080513.216400,2721861.955200,2697.693800,1361.713900,30110.337700
2011,ESP,F09,1327251.928900,1080435.644600,2721660.405800,2696.692700,1361.237800,30105.291600
2011,EST,B06,136.036000,72.193200,317.535000,0.907400,0.309000,14.029900
2011,EST,B0609,137.815100,73.144500,320.789400,0.919300,0.314300,14.202300
2011,EST,F,26399.040200,16315.535500,47647.190400,192.940500,121.744000,1058.262500
2011,EST,F09,26397.261100,16314.584200,47643.936000,192.928600,121.738700,1058.090100
2011,FIN,B06,0.000000,0.000000,0.000000,0.000000,0.000000,0.000000
2011,FIN,B0609,54.148600,34.792900,78.144300,0.323500,0.269200,1.693700
2011,FIN,F,275788.227800,210337.390800,526846.637500,2478.002100,1396.546100,12222.274600
2011,FIN,F09,275734.079200,210302.597900,526768.493200,2477.678600,1396.276900,12220.580900
2011,FRA,B06,990.620800,901.444700,1299.339900,1.465500,0.798900,49.416000
2011,FRA,B0609,1138.115400,1017.148100,1507.790100,1.912200,1.048600,61.571400
2011,FRA,F,2496491.156100,2040079.389500,5164476.213000,3097.777300,1821.553500,95099.671600
2011,FRA,F09,2496343.661500,2039963.686100,5164267.762800,3097.330600,1821.303800,95087.516200
2011,GBR,B06,19299.788800,15023.432800,58621.215600,318.777700,134.797400,626.644800
2011,GBR,B0609,25028.549400,19886.472400,67723.857400,346.447700,147.274700,805.460800
2011,GBR,F,2179866.175100,1795572.430500,4595893.067400,6670.908700,3732.095600,76536.036400
2011,GBR,F09,2174137.414500,1790709.390900,4586790.425600,6643.238700,3719.618300,76357.220400
2011,GRC,B06,23.736400,18.726400,37.945200,0.642200,0.213000,1.538400
2011,GRC,B0609,51.414200,40.021700,98.856600,1.839400,0.574500,3.652000
2011,GRC,F,193838.296300,146950.109900,449956.561100,6537.849900,2129.551400,8111.276900
2011,GRC,F09,193810.618500,146928.814600,449895.649700,6536.652700,2129.189900,8109.163300
2011,HKG,B06,0.000000,0.000000,0.000000,0.000000,0.000000,0.000000
2011,HKG,B0609,174.021500,136.272600,198.768800,5.740400,2.890000,0.697000
2011,HKG,F,282372.620700,222907.440000,528822.198800,17997.729100,8505.860800,2223.970400
2011,HKG,F09,282198.599200,222771.167400,528623.430000,17991.988700,8502.970800,2223.273400
2011,HRV,B06,22.151400,12.456600,200.940100,0.282600,0.241700,6.072000
2011,HRV,B0609,157.308800,128.448200,578.281100,0.316600,0.264200,12.027300
2011,HRV,F,51966.761500,39695.362300,107621.561600,311.838000,274.783600,2286.364800
2011,HRV,F09,51831.604100,39579.370700,107244.220600,311.804000,274.761100,2280.409500
2011,HUN,B06,41.969000,25.151700,134.658100,0.039500,0.015000,3.304100
2011,HUN,B0609,99.841900,59.005500,288.743200,0.077000,0.022400,6.060400
2011,HUN,F,163217.391900,91077.316400,292187.558500,248.098000,100.603500,8174.188200
2011,HUN,F09,163159.519000,91043.462600,292033.473400,248.060500,100.596100,8171.431900
2011,IDN,B06,8214.955800,6809.771500,56728.544600,72.747300,62.017500,47.566600
2011,IDN,B0609,9999.475000,8293.257900,62522.351200,83.853800,71.421800,58.420600
2011,IDN,F,810933.574100,684564.463100,1642793.649500,4787.730700,4167.684600,5123.942300
2011,IDN,F09,809149.054900,683080.976700,1636999.842900,4776.624200,4158.280300,5113.088300
2011,IND,B06,18081.173600,14148.477400,40741.929700,936.717100,0.006100,574.523200
2011,IND,B0609,20222.598300,15921.398900,55268.773900,1013.087200,0.009000,656.962400
2011,IND,F,1935149.208600,1547165.113200,3660142.852300,12736.159600,2053.080500,64832.154000
2011,IND,F09,1933007.783900,1545392.191700,3645616.008100,12659.789500,2053.077600,64749.714800
2011,IRL,B06,75.723300,18.258300,144.042700,0.200100,0.099500,3.319700
2011,IRL,B0609,241.784300,80.170300,320.564100,0.594000,0.313700,7.305000
2011,IRL,F,235861.276800,110873.805200,458182.137500,287.933200,136.043900,6224.715700
2011,IRL,F09,235695.215800,110811.893200,458005.616100,287.539300,135.829700,6220.730400
2011,ISL,B06,0.215900,0.139500,0.682500,0.014700,0.002700,0.010500
2011,ISL,B0609,0.233500,0.153000,0.751400,0.015200,0.002900,0.011500
2011,ISL,F,14489.014600,10204.934000,28697.205400,357.388900,113.348000,523.941600
2011,ISL,F09,14488.997000,10204.920500,28697.136500,357.388400,113.347800,523.940600
2011,ISR,B06,118.054600,83.279900,377.231100,4.456600,1.858300,5.649900
2011,ISR,B0609,180.592500,128.393300,517.574000,5.418800,2.348200,8.794400
2011,ISR,F,217491.888600,168549.724500,463238.389600,2290.700700,1271.183200,7199.733200
2011,ISR,F09,217429.350700,168504.611100,463098.046700,2289.738500,1270.693300,7196.588700
2011,ITA,B06,6505.364000,4607.567300,12214.382200,32.750100,22.454400,262.710300
2011,ITA,B0609,6528.608600,4626.471500,12461.347200,33.033700,22.568600,264.131200
2011,ITA,F,2369101.376100,1972389.547700,4502047.736300,14448.977300,8164.742700,77081.274200
2011,ITA,F09,2369078.131500,1972370.643500,4501800.771300,14448.693700,8164.628500,77079.853300
2011,JOR,B06,118.989000,66.722400,326.768300,3.150300,0.003700,1.728800
2011,JOR,B0609,173.827500,102.684700,475.813300,3.851500,0.006600,2.986900
2011,JOR,F,26937.089400,16625.265400,53765.900900,194.056400,33.362400,322.088400
2011,JOR,F09,26882.250900,16589.303100,53616.855900,193.355200,33.359500,320.830300
2011,JPN,B06,932.663900,881.017200,1658.900400,5.396800,3.534100,36.002400
2011,JPN,B0609,2295.478700,2060.314900,4120.108100,23.981300,5.947100,199.564200
2011,JPN,F,5415454.694800,4759386.094600,11420924.293300,63203.558400,35282.630900,176267.213700
2011,JPN,F09,5414091.880000,4758206.796900,11418463.085600,63184.973900,35280.217900,176103.651900
2011,KAZ,B06,27774.072500,24066.435200,56991.877400,440.171300,124.814000,1241.027000
2011,KAZ,B0609,29103.255500,25100.770800,59732.491700,441.417600,125.802600,1330.305300
2011,KAZ,F,100903.553100,84798.403400,253100.590900,567.515900,176.234700,4484.853400
2011,KAZ,F09,99574.370100,83764.067800,250359.976600,566.269600,175.246100,4395.575100
2011,KHM,B06,0.000000,0.000000,0.000000,0.000000,0.000000,0.000000
2011,KHM,B0609,9.327800,7.247800,25.447000,0.083600,0.000500,0.092100
2011,KHM,F,10044.262600,6895.578500,22741.519900,128.394700,12.738900,199.516500
2011,KHM,F09,10034.934800,6888.330700,22716.072900,128.311100,12.738400,199.424400
2011,KOR,B06,71.277600,49.293900,237.663800,15.897800,10.677600,1.238700
2011,KOR,B0609,76.345400,53.068000,250.157700,16.595000,11.146500,1.477300
2011,KOR,F,1898037.266300,1384464.523000,3092537.628100,51130.125300,36264.861100,50347.068400
2011,KOR,F09,1898032.198500,1384460.748900,3092525.134200,51129.428100,36264.392200,50346.829800
2011,LAO,B06,11.648200,6.844500,105.881400,0.031700,0.012800,0.450600
2011,LAO,B0609,42.941100,25.578700,206.242000,0.111600,0.045300,1.583200
2011,LAO,F,4743.392600,3319.987000,12998.454000,13.828300,6.115100,136.731600
2011,LAO,F09,4712.099700,3301.252800,12898.093400,13.748400,6.082600,135.599000
2011,LTU,B06,41.833400,27.915800,106.783100,0.716100,0.558600,3.497400
2011,LTU,B0609,44.472500,29.572500,132.226400,0.758500,0.591300,3.699200
2011,LTU,F,36209.562700,20967.944700,78344.246300,149.880900,95.401400,2933.228900
2011,LTU,F09,36206.923600,20966.288000,78318.803000,149.838500,95.368700,2933.027100
2011,LUX,B06,0.000000,0.000000,0.000000,0.000000,0.000000,0.000000
2011,LUX,B0609,0.000000,0.000000,0.000000,0.000000,0.000000,0.000000
2011,LUX,F,113627.437200,53174.350800,171880.922600,218.953200,41.502800,2823.762600
2011,LUX,F09,113627.437200,53174.350800,171880.922600,218.953200,41.502800,2823.762600
2011,LVA,B06,0.000000,0.000000,0.000000,0.000000,0.000000,0.000000
2011,LVA,B0609,3.053100,1.924100,4.596000,0.065100,0.000800,0.527200
2011,LVA,F,33162.856900,26073.112600,58857.349700,202.356900,60.285300,1158.073100
2011,LVA,F09,33159.803800,26071.188500,58852.753700,202.291800,60.284500,1157.545900
2011,MAR,B06,4.289000,2.452400,17.359100,0.288400,0.004900,-0.123100
2011,MAR,B0609,10.602400,7.056800,80.837100,0.349900,0.007300,-0.102400
2011,MAR,F,71906.892500,49160.871400,174793.598500,674.646900,130.419000,562.758800
2011,MAR,F09,71900.579100,49156.267000,174730.120500,674.585400,130.416600,562.738100
2011,MEX,B06,8631.701900,6973.927900,87354.732900,253.328700,0.876500,94.752700
2011,MEX,B0609,15768.349900,12756.359600,99753.164300,328.854300,2.130800,189.915000
2011,MEX,F,938909.303100,720716.877800,2072247.473500,4990.001400,498.775400,9885.112700
2011,MEX,F09,931772.655100,714934.446100,2059849.042100,4914.475800,497.521100,9789.950400
2011,MLT,B06,5.992800,3.989200,8.857200,0.032300,0.012000,0.340800
2011,MLT,B0609,17.655600,11.804700,28.211300,0.076800,0.029800,0.989100
2011,MLT,F,17656.647800,12070.787300,26599.294200,105.867800,48.949300,393.837300
2011,MLT,F09,17644.985000,12062.971800,26579.940100,105.823300,48.931500,393.189000
2011,MMR,B06,1963.968600,1649.330000,3517.008800,214.943600,145.120700,24.150000
2011,MMR,B0609,1978.871000,1662.296300,3544.089500,215.516100,145.513200,24.342100
2011,MMR,F,65169.831100,61962.576800,114617.355100,856.827300,635.904700,246.021700
2011,MMR,F09,65154.928700,61949.610500,114590.274400,856.254800,635.512200,245.829600
2011,MYS,B06,23951.809300,17908.329700,38489.478500,229.475400,154.667600,111.240200
2011,MYS,B0609,25912.988900,19303.205500,42427.606200,241.177600,162.182100,123.673900
2011,MYS,F,417598.517900,286007.241200,700193.088100,2107.385000,1302.147400,1916.076400
2011,MYS,F09,415637.338300,284612.365400,696254.960400,2095.682800,1294.632900,1903.642700
2011,NGA,B06,29552.150700,24569.380800,100223.864000,111.721600,28.986300,612.452700
2011,NGA,B0609,29598.965200,24600.329800,100329.951200,115.917300,28.991300,613.337300
2011,NGA,F,258381.790000,221576.171200,603254.736800,5262.819400,109.567800,3624.613000
2011,NGA,F09,258334.975500,221545.222200,603148.649600,5258.623700,109.562800,3623.728400
2011,NLD,B06,5040.675800,3831.074100,25872.635800,5.088100,2.863700,176.785300
2011,NLD,B0609,9179.408600,6894.654700,34917.121600,8.422400,4.667500,292.213700
2011,NLD,F,904075.104500,681954.706800,1725329.486200,5424.099800,3198.705200,27355.969900
2011,NLD,F09,899936.371700,678891.126200,1716285.000400,5420.765500,3196.901400,27240.541500
2011,NOR,B06,12000.869900,10397.553600,121527.611900,112.975800,52.478900,89.263200
2011,NOR,B0609,22964.344100,19671.113700,139926.034600,166.549700,93.438900,287.328300
2011,NOR,F,340424.375500,273656.042500,693074.866300,7073.533500,4016.322600,13336.491900
2011,NOR,F09,329460.901300,264382.482400,674676.443600,7019.959600,3975.362600,13138.426800
2011,NZL,B06,1040.014100,828.282100,2373.349800,14.174400,12.928500,27.237800
2011,NZL,B0609,1319.239300,1061.962500,2896.992000,15.780800,14.353500,34.561200
2011,NZL,F,166004.773900,144015.003100,317475.100400,563.112900,486.472700,3360.386800
2011,NZL,F09,165725.548700,143781.322700,316951.458200,561.506500,485.047700,3353.063400
2011,PAK,B06,2183.395400,1705.773600,5796.348800,101.600600,53.531800,101.054400
2011,PAK,B0609,2299.496600,1800.431800,6081.308500,104.047500,54.959200,107.626300
2011,PAK,F,161267.984900,142345.587900,343412.164600,2053.544300,1346.873000,950.696100
2011,PAK,F09,161151.883700,142250.929700,343127.204900,2051.097400,1345.445600,944.124200
2011,PER,B06,2770.768400,2531.549100,6800.304100,34.360600,33.452500,74.249400
2011,PER,B0609,3714.577700,3317.384700,9784.501600,35.215600,34.108300,97.952000
2011,PER,F,140290.591100,117082.033900,298527.095000,281.635400,243.048600,4008.314000
2011,PER,F09,139346.781800,116296.198300,295542.897500,280.780400,242.392800,3984.611400
2011,PHL,B06,387.680900,187.619600,1424.456300,14.485200,0.040900,10.457000
2011,PHL,B0609,489.706600,253.052600,1604.411100,16.324700,0.058400,13.672600
2011,PHL,F,226178.944500,184887.758400,450761.700300,2034.883600,303.753000,2945.593200
2011,PHL,F09,226076.918800,184822.325400,450581.745500,2033.044100,303.735500,2942.377600
2011,POL,B06,127.898100,86.711300,324.152700,0.557200,0.253800,7.161500
2011,POL,B0609,430.602600,293.744100,972.958100,1.768800,0.766500,33.279400
2011,POL,F,586414.450900,450756.243600,1073477.810800,1551.483500,641.559700,26957.179000
2011,POL,F09,586111.746400,450549.210800,1072829.005400,1550.271900,641.047000,26931.061100
2011,PRT,B06,0.000000,0.000000,0.000000,0.000000,0.000000,0.000000
2011,PRT,B0609,17.067900,12.570200,39.162600,0.050900,0.018600,1.120600
2011,PRT,F,231227.780700,177531.765100,454766.687700,267.322700,119.622300,8998.970900
2011,PRT,F09,231210.712800,177519.194900,454727.525100,267.271800,119.603700,8997.850300
2011,ROU,B06,3546.084800,3186.007200,3858.500100,33.777300,3.271300,104.568300
2011,ROU,B0609,4160.134600,3718.194400,5566.413300,45.194300,3.807800,129.368600
2011,ROU,F,204823.944900,165950.911900,382602.662900,929.265900,393.186000,7533.412700
2011,ROU,F09,204209.895100,165418.724700,380894.749700,917.848900,392.649500,7508.612400
2011,RUS,B06,14353.123700,13553.993500,146238.888500,45.935700,10.626800,181.876300
2011,RUS,B0609,112710.917400,105695.446600,255047.085700,167.019200,50.503000,2407.498000
2011,RUS,F,1572511.972900,1396703.856000,3286574.466200,5205.328900,1955.380000,78868.392100
2011,RUS,F09,1474154.179200,1304562.402900,3177766.269000,5084.245400,1915.503800,76642.770400
2011,SAU,B06,25031.927600,17579.793000,303515.657100,74.248200,43.290700,97.349200
2011,SAU,B0609,25367.369300,17819.132800,304420.252700,75.222900,43.895400,98.887300
2011,SAU,F,270352.746700,195962.366100,659878.516800,832.460800,483.094900,1282.337300
2011,SAU,F09,270017.305000,195723.026300,658973.921200,831.486100,482.490200,1280.799200
2011,SEN,B06,3.561300,2.294500,12.660000,0.806700,0.000300,0.055500
2011,SEN,B0609,22.662900,19.327900,36.875100,0.845900,0.007800,0.498500
2011,SEN,F,13368.027400,10110.577000,29845.224800,471.383200,5.581400,448.651000
2011,SEN,F09,13348.925800,10093.543600,29821.009700,471.344000,5.573900,448.208000
2011,SGP,B06,0.000000,0.000000,0.000000,0.000000,0.000000,0.000000
2011,SGP,B0609,0.000000,0.000000,0.000000,0.000000,0.000000,0.000000
2011,SGP,F,459094.789800,263725.490600,731253.109600,26334.720100,6754.865000,8676.449900
2011,SGP,F09,459094.789800,263725.490600,731253.109600,26334.720100,6754.865000,8676.449900
2011,STP,B06,0.193200,0.106800,0.498800,0.052700,0.000100,0.000100
2011,STP,B0609,0.312400,0.184700,0.721400,0.068300,0.000200,0.000100
2011,STP,F,226.593400,173.790200,452.388900,9.688400,0.221900,0.364600
2011,STP,F09,226.474200,173.712300,452.166300,9.672800,0.221800,0.364600
2011,SVK,B06,1.523500,0.905400,2.052900,0.011900,0.004700,0.194600
2011,SVK,B0609,155.823800,103.943300,308.908400,1.134300,0.438200,15.177300
2011,SVK,F,122252.507600,76564.764400,217999.213400,193.695700,72.775400,5584.515200
2011,SVK,F09,122098.207300,76461.726500,217692.357900,192.573300,72.341900,5569.532500
2011,SVN,B06,0.000000,0.000000,0.000000,0.000000,0.000000,0.000000
2011,SVN,B0609,5.250100,3.137900,7.987000,0.017500,0.008500,0.450100
2011,SVN,F,52952.369800,34532.011100,100031.284700,226.976100,91.324500,2215.422200
2011,SVN,F09,52947.119700,34528.873200,100023.297700,226.958600,91.316000,2214.972100
2011,SWE,B06,46.797100,37.019300,71.507100,0.811000,0.407300,4.296400
2011,SWE,B0609,207.935900,165.012000,376.316100,3.836400,2.131400,14.446300
2011,SWE,F,536527.171500,421131.566300,1069921.715300,5717.019400,3251.534700,24714.695400
2011,SWE,F09,536366.032700,421003.573600,1069616.906300,5713.994000,3249.810600,24704.545500
2011,THA,B06,2300.105700,1351.585300,11577.559900,33.672900,14.691800,50.645500
2011,THA,B0609,2425.018000,1432.014300,12934.730700,34.855500,15.284600,63.809900
2011,THA,F,548653.453400,369473.911600,890296.751100,4598.671400,2699.575800,14548.232100
2011,THA,F09,548528.541100,369393.482600,888939.580300,4597.488800,2698.983000,14535.067700
2011,TUN,B06,712.477600,519.413500,2465.071300,20.437500,0.016300,-5.601100
2011,TUN,B0609,830.362100,615.275200,2715.540400,20.992900,0.019300,-5.315400
2011,TUN,F,37515.597900,24633.695200,79707.436700,599.146800,93.867300,564.273300
2011,TUN,F09,37397.713400,24537.833500,79456.967600,598.591400,93.864300,563.987600
2011,TUR,B06,623.317800,522.093800,1978.718200,11.309800,5.639200,17.479100
2011,TUR,B0609,710.060200,589.091800,2487.944000,13.614600,6.738500,23.409100
2011,TUR,F,768200.691200,622157.011100,1541850.540000,10218.370000,5497.043000,36372.600300
2011,TUR,F09,768113.948800,622090.013100,1541341.314200,10216.065200,5495.943700,36366.670300
2011,TWN,B06,191.178200,112.548200,437.361000,1.653500,1.370300,1.704400
2011,TWN,B0609,643.420800,416.882500,1156.599100,6.068900,4.901800,8.975400
2011,TWN,F,765025.610000,517655.243900,1239062.842600,4948.231500,3694.809500,4810.945700
2011,TWN,F09,764573.367400,517350.909600,1238343.604500,4943.816100,3691.278000,4803.674700
2011,UKR,B06,4464.957500,3653.214300,7719.809000,246.032200,166.728900,226.009900
2011,UKR,B0609,6531.215500,5374.348300,9913.722400,313.493400,212.998900,304.002800
2011,UKR,F,206696.085900,164523.198700,352215.601600,2330.607800,1736.696400,7656.980400
2011,UKR,F09,204629.827900,162802.064700,350021.688200,2263.146600,1690.426400,7578.987500
2011,USA,B06,151444.780300,115487.885100,359510.568800,1847.225900,851.528500,2350.992500
2011,USA,B0609,186624.841800,147778.589300,457199.797000,1881.071200,881.351100,3061.892500
2011,USA,F,12139499.560600,10887992.115800,27141885.133400,43789.373100,24741.139200,152871.513900
2011,USA,F09,12104319.499100,10855701.411600,27044195.905200,43755.527800,24711.316600,152160.613900
2011,VNM,B06,4948.434800,3296.456300,11995.988000,50.302700,27.851700,263.328000
2011,VNM,B0609,5320.436800,3571.004300,12723.186300,52.819300,29.669700,299.551500
2011,VNM,F,249858.994200,176151.519800,407244.838100,1504.997200,1087.096600,8674.346200
2011,VNM,F09,249486.992200,175876.971800,406517.639800,1502.480600,1085.278600,8638.122700
2011,ZAF,B06,2137.366200,1870.053200,2474.420700,18.100300,0.004300,57.839300
2011,ZAF,B0609,2954.543200,2616.703900,3578.616400,22.150100,0.027100,95.337100
2011,ZAF,F,480764.308600,409383.916500,916153.870800,4327.566200,178.695000,17538.993600
2011,ZAF,F09,479947.131600,408637.265800,915049.675100,4323.516400,178.672200,17501.495800
2011,ROW,B06,221181.614900,187448.258600,814907.202000,7831.192000,1400.649800,677.134900
2011,ROW,B0609,251370.618000,212587.771400,889913.533200,8290.844300,1541.979500,894.033200
2011,ROW,F,2418261.971300,1939245.587600,5455319.278400,34801.197900,15151.870100,31130.780500
2011,ROW,F09,2388072.968200,1914106.074800,5380312.947200,34341.545600,15010.540400,30913.882200
2012,AGO,B06,14039.453500,9203.670100,57080.546200,609.473400,127.348200,-29.526600
2012,AGO,B0609,14413.842500,9414.079000,64500.952800,616.035200,128.959800,-30.262400
2012,AGO,F,49576.992100,32685.519000,138945.498700,1022.332100,280.245800,-303.348400
2012,AGO,F09,49202.603100,32475.110100,131525.092100,1015.770300,278.634200,-302.612600
2012,ARE,B06,15264.874600,11325.814800,126746.634200,622.207900,329.705300,28.454300
2012,ARE,B0609,21358.716500,16023.259900,143477.259300,732.525000,389.256800,37.812700
2012,ARE,F,268754.172700,198854.894300,544534.756100,5373.557600,2929.972800,511.314200
2012,ARE,F09,262660.330800,194157.449200,527804.131000,5263.240500,2870.421300,501.955800
2012,ARG,B06,10161.410000,9133.338400,23645.525700,92.408600,0.062500,667.447400
2012,ARG,B0609,11713.651200,10510.969900,26556.557800,98.932800,0.079600,787.185000
2012,ARG,F,426017.875500,383541.828500,923606.821600,939.808100,219.520100,22765.442900
2012,ARG,F09,424465.634300,382164.197000,920695.789500,933.283900,219.503000,22645.705300
2012,AUS,B06,14774.679300,13447.220500,44572.350700,603.690400,580.256000,270.629000
2012,AUS,B0609,22034.597400,19980.792600,62130.869900,654.969700,627.947200,374.441100
2012,AUS,F,1478955.351800,1333141.489700,2949622.772100,5566.832100,5020.341600,26420.096100
2012,AUS,F09,1471695.433700,1326607.917600,2932064.252900,5515.552800,4972.650400,26316.284000
2012,AUT,B06,617.259800,292.170600,2058.239900,1.963000,0.452900,29.455500
2012,AUT,B0609,681.244000,341.683300,2183.229900,2.128500,0.455000,32.919800
2012,AUT,F,401921.208100,295442.423200,777462.461600,1700.312500,113.297200,12410.742100
2012,AUT,F09,401857.223900,295392.910500,777337.471600,1700.147000,113.295100,12407.277800
2012,BEL,B06,0.000000,0.000000,0.000000,0.000000,0.000000,0.000000
2012,BEL,B0609,5.041500,3.009100,15.004700,0.016300,0.010700,0.223900
2012,BEL,F,597774.889000,402364.785900,1058530.483900,2992.354800,456.407800,17415.001800
2012,BEL,F09,597769.847500,402361.776800,1058515.479200,2992.338500,456.397100,17414.777900
2012,BGD,B06,469.261000,372.920200,1996.040200,45.229100,21.028500,4.172500
2012,BGD,B0609,504.980000,401.145000,2091.349400,47.323100,22.042800,4.758800
2012,BGD,F,82941.447300,66933.232900,202734.384600,2634.786500,1417.173400,1716.124000
2012,BGD,F09,82905.728300,66905.008100,202639.075400,2632.692500,1416.159100,1715.537700
2012,BGR,B06,28.048200,22.784200,155.528300,0.301400,0.003100,1.850500
2012,BGR,B0609,37.038100,29.187600,168.216300,0.353400,0.029800,2.316000
2012,BGR,F,64064.246200,44438.741300,114612.660700,709.224100,105.728100,3437.511600
2012,BGR,F09,64055.256300,44432.337900,114599.972700,709.172100,105.701400,3437.046100
2012,BLR,B06,244.398100,84.307000,725.809400,6.078800,2.103800,55.833600
2012,BLR,B0609,312.088900,117.416600,924.714800,7.190200,2.520500,68.880400
2012,BLR,F,76188.684700,46530.114300,140391.824000,805.368700,353.702200,7017.725500
2012,BLR,F09,76120.993900,46497.004700,140192.918600,804.257300,353.285500,7004.678700
2012,BRA,B06,28870.537800,23959.943800,90735.890600,2326.812500,777.775000,2391.737000
2012,BRA,B0609,33009.476600,27696.291900,100687.964900,2344.912400,785.404900,2759.205700
2012,BRA,F,1965218.135300,1788134.603100,4119931.064500,6969.636800,3310.924800,117865.465000
2012,BRA,F09,1961079.196500,1784398.255000,4109978.990200,6951.536900,3303.294900,117497.996300
2012,BRN,B06,2786.660200,2233.991800,8620.473600,49.575200,45.335000,-24.202900
2012,BRN,B0609,3200.081000,2556.926200,9871.227500,56.576400,51.665300,-27.420300
2012,BRN,F,17453.552400,15075.530800,31021.537400,261.147300,245.169500,-134.005100
2012,BRN,F09,17040.131600,14752.596400,29770.783500,254.146100,238.839200,-130.787700
2012,CAN,B06,49090.486100,40444.655200,127123.362400,467.847000,13.981300,540.999300
2012,CAN,B0609,61067.703800,49536.674000,158396.989200,493.222200,34.933100,862.031800
2012,CAN,F,1451935.882100,1168120.704200,3109707.024900,5748.789200,1749.454300,23742.869800
2012,CAN,F09,1439958.664400,1159028.685400,3078433.398100,5723.414000,1728.502500,23421.837300
2012,CHE,B06,4.360900,3.412100,8.866300,0.105700,0.061900,0.067900
2012,CHE,B0609,27.328900,21.609200,43.689800,0.365500,0.234700,0.526700
2012,CHE,F,736278.904500,583938.013200,1407155.626600,10633.965700,7019.151200,6936.145700
2012,CHE,F09,736255.936500,583919.816100,1407120.803100,10633.705900,7018.978400,6935.686900
2012,CHL,B06,238.543000,195.547100,491.867200,2.384200,1.166200,5.469400
2012,CHL,B0609,540.915800,435.192700,1506.570200,4.684000,2.577100,15.336600
2012,CHL,F,235072.506600,189276.693700,482733.055000,4529.008500,1945.151700,7098.530700
2012,CHL,F09,234770.133800,189037.048100,481718.352000,4526.708700,1943.740800,7088.663500
2012,CHN,B06,60405.428400,56483.220600,177691.039400,277.320000,190.868800,3426.056500
2012,CHN,B0609,71464.257300,66841.325700,198156.969200,335.348400,233.549800,4049.750500
2012,CHN,F,14855013.776700,13633975.695200,22858913.057500,114499.426800,77261.388100,396795.789800
2012,CHN,F09,14843954.947800,13623617.590100,22838447.127700,114441.398400,77218.707100,396172.095800
2012,CIV,B06,31.470600,23.549700,51.753900,0.050200,0.012700,0.256700
2012,CIV,B0609,43.498200,33.091900,68.475500,0.064100,0.017500,0.345500
2012,CIV,F,19117.528800,14643.318000,49004.349100,68.496000,31.515700,472.683800
2012,CIV,F09,19105.501200,14633.775800,48987.627500,68.482100,31.510900,472.595000
2012,CMR,B06,516.877300,250.969400,1695.344700,4.626300,3.835600,11.822800
2012,CMR,B0609,597.638000,299.407300,1909.448700,5.265500,4.354500,14.907900
2012,CMR,F,16126.414100,12440.999700,43942.461900,210.928700,160.794700,621.605900
2012,CMR,F09,16045.653400,12392.561800,43728.357900,210.289500,160.275800,618.520800
2012,COD,B06,132.325300,95.823100,754.727800,2.602200,0.124900,4.197000
2012,COD,B0609,182.930200,128.357900,929.049000,3.317200,0.329300,6.695300
2012,COD,F,15070.481400,9998.398600,42855.751100,268.774600,69.888500,712.020900
2012,COD,F09,15019.876500,9965.863800,42681.429900,268.059600,69.684100,709.522600
2012,COL,B06,9317.348100,8692.441300,40062.129800,248.651000,0.103400,258.061700
2012,COL,B0609,9392.691200,8754.403400,40263.929600,249.399400,0.104100,265.196400
2012,COL,F,288400.108000,252238.846600,606373.922900,1388.149800,136.377800,10981.899800
2012,COL,F09,288324.764900,252176.884500,606172.123100,1387.401400,136.377100,10974.765100
2012,CRI,B06,0.295000,0.205000,1.005500,0.016000,0.008200,0.035500
2012,CRI,B0609,0.426600,0.302400,1.328600,0.020200,0.010500,0.050500
2012,CRI,F,34776.972700,26213.742100,79494.746300,994.191500,539.627800,1430.644300
2012,CRI,F09,34776.841100,26213.644700,79494.423200,994.187300,539.625500,1430.629300
2012,CYP,B06,10.048500,7.684900,23.663500,1.888500,1.774300,0.613300
2012,CYP,B0609,10.362700,7.902600,24.200200,1.889400,1.775100,0.636000
2012,CYP,F,20956.822800,15168.738500,43866.133000,1779.000700,1668.365700,702.932600
2012,CYP,F09,20956.508600,15168.520800,43865.596300,1778.999800,1668.364900,702.909900
2012,CZE,B06,41.700100,35.075600,252.630300,0.614500,0.356600,0.778400
2012,CZE,B0609,173.781600,125.970300,503.395600,0.703600,0.369200,7.264200
2012,CZE,F,295808.989000,202778.992700,491721.255500,385.466600,156.655900,8098.245800
2012,CZE,F09,295676.907500,202688.098000,491470.490200,385.377500,156.643300,8091.760000
2012,DEU,B06,2058.631900,981.873000,3869.501900,7.890800,5.330200,127.605100
2012,DEU,B0609,2431.980600,1263.118700,4591.490400,9.096400,6.118700,151.216700
2012,DEU,F,3408920.642300,2680858.338700,6676247.619200,9758.402700,6430.942600,100977.595500
2012,DEU,F09,3408547.293600,2680577.093000,6675525.630700,9757.197100,6430.154100,100953.983900
2012,DNK,B06,1380.655100,978.323500,9941.042600,29.891700,3.929700,61.481500
2012,DNK,B0609,1829.376400,1283.463400,10827.322500,40.138500,5.909100,85.680400
2012,DNK,F,283608.554700,194777.640100,571074.917100,3403.539600,1375.660900,13514.682100
2012,DNK,F09,283159.833400,194472.500200,570188.637200,3393.292800,1373.681500,13490.483200
2012,EGY,B06,3341.799700,2919.366700,35844.930500,544.761800,307.267200,-7.352500
2012,EGY,B0609,3609.638200,3171.667700,37174.574300,545.404100,307.886600,-7.700800
2012,EGY,F,156944.079500,129352.996400,420802.627500,8323.489800,4940.561100,-4156.889500
2012,EGY,F09,156676.241000,129100.695400,419472.983700,8322.847500,4939.941700,-4156.541200
2012,ESP,B06,50.345200,42.229600,134.758300,0.041900,0.020400,1.998200
2012,ESP,B0609,141.015100,111.847300,339.810100,0.577400,0.313000,6.992200
2012,ESP,F,1178539.712500,953241.073600,2423507.701800,1942.408100,1087.346500,26628.268200
2012,ESP,F09,1178449.042600,953171.455900,2423302.650000,1941.872600,1087.053900,26623.274200
2012,EST,B06,135.907900,67.046800,298.646400,0.979700,0.229400,16.175900
2012,EST,B0609,137.680800,67.930200,301.810200,0.991900,0.233900,16.372500
2012,EST,F,26175.594800,15988.810200,47233.428400,209.217100,113.291800,1088.686500
2012,EST,F09,26173.821900,15987.926800,47230.264600,209.204900,113.287300,1088.489900
2012,FIN,B06,0.000000,0.000000,0.000000,0.000000,0.000000,0.000000
2012,FIN,B0609,75.281900,47.486700,88.898500,0.384100,0.295200,3.299600
2012,FIN,F,259359.120400,196323.884600,494256.993900,2277.802300,1136.108300,11779.830200
2012,FIN,F09,259283.838500,196276.397900,494168.095400,2277.418200,1135.813100,11776.530600
2012,FRA,B06,1031.764000,936.091500,1370.860200,1.767000,1.069300,51.258400
2012,FRA,B0609,1168.910100,1042.608000,1567.626800,2.232700,1.351400,63.111200
2012,FRA,F,2339461.118100,1905948.507100,4838494.980900,2897.954700,1775.663500,89924.769000
2012,FRA,F09,2339323.972000,1905841.990600,4838298.214300,2897.489000,1775.381400,89912.916200
2012,GBR,B06,19281.251800,15099.449100,53911.551300,357.340200,167.903600,688.042800
2012,GBR,B0609,25838.031200,20730.703000,64436.379900,378.316100,178.657800,877.079200
2012,GBR,F,2193405.515200,1807978.248900,4657334.601100,6572.404200,3900.349600,78445.672400
2012,GBR,F09,2186848.735800,1802346.995000,4646809.772500,6551.428300,3889.595400,78256.636000
2012,GRC,B06,38.790600,32.964600,56.764400,0.674500,0.220500,1.923400
2012,GRC,B0609,68.233400,54.306900,99.640900,1.561700,0.551100,4.362700
2012,GRC,F,173596.049100,127744.094300,394106.092800,4861.609100,1710.231900,7057.166600
2012,GRC,F09,173566.606300,127722.752000,394063.216300,4860.721900,1709.901300,7054.727300
2012,HKG,B06,0.000000,0.000000,0.000000,0.000000,0.000000,0.000000
2012,HKG,B0609,178.154800,89.382700,203.831200,7.753100,7.291300,0.122800
2012,HKG,F,282329.252200,222929.183300,543436.037600,18349.673400,9267.354500,1574.444100
2012,HKG,F09,282151.097400,222839.800600,543232.206400,18341.920300,9260.063200,1574.321300
2012,HRV,B06,101.051600,29.431200,400.721200,0.305300,0.169800,14.760700
2012,HRV,B0609,230.036700,62.458800,801.636200,0.726900,0.408000,40.438300
2012,HRV,F,47731.125500,36459.585100,97962.326800,196.746100,173.949500,2229.584800
2012,HRV,F09,47602.140400,36426.557500,97561.411800,196.324500,173.711300,2203.907200
2012,HUN,B06,59.570600,34.082600,156.470800,0.061100,0.023400,4.794400
2012,HUN,B0609,98.646900,55.755400,283.384500,0.089300,0.028400,6.762700
2012,HUN,F,143057.648700,78303.352800,259234.247800,209.803400,81.180000,7764.615000
2012,HUN,F09,143018.572400,78281.680000,259107.334100,209.775200,81.175000,7762.646700
2012,IDN,B06,8131.564800,6663.895700,58285.496500,76.244100,66.095600,47.629400
2012,IDN,B0609,9531.216500,7822.427900,63798.913400,85.623600,74.027800,56.569500
2012,IDN,F,832116.110800,698430.314300,1685594.123800,5023.467500,4353.434800,5530.039300
2012,IDN,F09,830716.459100,697271.782100,1680080.706900,5014.088000,4345.502600,5521.099200
2012,IND,B06,19439.281200,15466.104600,43114.827000,709.329300,0.003200,737.964600
2012,IND,B0609,21321.309400,16987.086100,57030.131300,762.032600,0.004800,865.150100
2012,IND,F,1857088.443700,1447203.034400,3562352.743900,12778.259100,2008.718900,57314.991100
2012,IND,F09,1855206.415500,1445682.052900,3548437.439600,12725.555800,2008.717300,57187.805600
2012,IRL,B06,45.080400,7.506800,120.274900,0.109500,0.056200,2.106900
2012,IRL,B0609,205.945200,86.928000,293.206400,0.555100,0.340100,6.881400
2012,IRL,F,267709.730000,137225.255800,477456.563000,360.193700,190.251100,6447.805300
2012,IRL,F09,267548.865200,137145.834600,477283.631500,359.748100,189.967200,6443.030800
2012,ISL,B06,0.205900,0.134300,0.644800,0.011500,0.000600,0.010000
2012,ISL,B0609,0.222800,0.147100,0.710800,0.011900,0.000700,0.011000
2012,ISL,F,14567.167000,10219.554600,28283.045200,308.035200,67.394600,514.708900
2012,ISL,F09,14567.150100,10219.541800,28282.979200,308.034800,67.394500,514.707900
2012,ISR,B06,124.597500,90.387500,378.461200,4.051900,1.745900,6.009300
2012,ISR,B0609,214.784300,156.844300,655.995100,5.359100,2.412300,10.874400
2012,ISR,F,220767.929700,169541.993300,463274.270400,2274.106100,1293.466300,7057.979600
2012,ISR,F09,220677.742900,169475.536500,462996.736500,2272.798900,1292.799900,7053.114500
2012,ITA,B06,6322.445200,4525.110000,13138.348600,33.086300,22.133000,254.227200
2012,ITA,B0609,6361.201900,4555.926300,13552.158800,33.621000,22.348900,256.802800
2012,ITA,F,2108477.756200,1755327.236700,4046017.699000,12615.180600,7420.762500,70870.615200
2012,ITA,F09,2108438.999500,1755296.420400,4045603.888800,12614.645900,7420.546600,70868.039600
2012,JOR,B06,128.659100,70.725500,350.123900,2.702600,0.003000,2.294800
2012,JOR,B0609,187.868700,109.301200,509.821800,3.369100,0.005100,3.918400
2012,JOR,F,28960.699600,17797.067800,57759.016300,177.667500,32.612100,247.961100
2012,JOR,F09,28901.490000,17758.492100,57599.318400,177.001000,32.610000,246.337500
2012,JPN,B06,917.160700,864.978300,1673.673300,5.422300,3.633300,34.751000
2012,JPN,B0609,2311.477600,2062.345700,4156.798700,24.252000,6.096700,185.200400
2012,JPN,F,5481965.272200,4792989.049400,11527451.419400,66549.757700,36538.573100,174517.385600
2012,JPN,F09,5480570.955300,4791791.682000,11524968.294000,66530.928000,36536.109700,174366.936200
2012,KAZ,B06,27534.537300,24390.049900,57183.933500,24.881500,12.549000,1133.713800
2012,KAZ,B0609,28949.093200,25471.870300,60296.552600,27.884000,14.741700,1306.372800
2012,KAZ,F,107590.356200,86334.780300,276056.042000,1110.258300,389.235600,5452.381300
2012,KAZ,F09,106175.800300,85252.959900,272943.422900,1107.255800,387.042900,5279.722300
2012,KHM,B06,0.000000,0.000000,0.000000,0.000000,0.000000,0.000000
2012,KHM,B0609,13.596500,10.726900,37.334800,0.094700,0.000700,0.146500
2012,KHM,F,10993.842300,7100.360700,24547.007500,138.296300,14.285200,262.779500
2012,KHM,F09,10980.245800,7089.633800,24509.672700,138.201600,14.284500,262.633000
2012,KOR,B06,91.967300,63.236600,263.341900,17.228300,12.580100,1.720200
2012,KOR,B0609,97.470400,67.310800,276.799800,17.950700,13.107900,2.093000
2012,KOR,F,1937591.540500,1415671.348800,3157182.566200,49141.609600,37151.325600,51353.220600
2012,KOR,F09,1937586.037400,1415667.274600,3157169.108300,49140.887200,37150.797800,51352.847800
2012,LAO,B06,15.074800,8.848500,119.425900,0.033400,0.013700,0.643300
2012,LAO,B0609,54.441000,32.332900,248.071500,0.117300,0.047500,2.203700
2012,LAO,F,6039.006400,4077.557600,15456.612100,16.363300,7.807300,197.265700
2012,LAO,F09,5999.640200,4054.073200,15327.966500,16.279400,7.773500,195.705300
2012,LTU,B06,39.045900,26.308500,98.193200,0.328400,0.046300,2.635100
2012,LTU,B0609,41.475500,27.811400,121.589800,0.347900,0.049800,2.820300
2012,LTU,F,34740.006600,19743.966200,76446.287600,265.088700,63.759300,2895.136400
2012,LTU,F09,34737.577000,19742.463300,76422.891000,265.069200,63.755800,2894.951200
2012,LUX,B06,0.000000,0.000000,0.000000,0.000000,0.000000,0.000000
2012,LUX,B0609,0.000000,0.000000,0.000000,0.000000,0.000000,0.000000
2012,LUX,F,112232.617000,52143.278100,168663.839000,304.282500,39.451500,2850.925500
2012,LUX,F09,112232.617000,52143.278100,168663.839000,304.282500,39.451500,2850.925500
2012,LVA,B06,0.000000,0.000000,0.000000,0.000000,0.000000,0.000000
2012,LVA,B0609,2.531100,1.551100,4.196800,0.026200,0.003900,0.452900
2012,LVA,F,32517.270000,25164.066100,58684.142900,206.194900,72.214200,1231.594700
2012,LVA,F09,32514.738900,25162.515000,58679.946100,206.168700,72.210300,1231.141800
2012,MAR,B06,4.365400,2.326000,19.013200,0.234900,0.004600,-0.105300
2012,MAR,B0609,10.511600,6.548300,80.796900,0.286000,0.006800,-0.079500
2012,MAR,F,71388.600300,48024.225200,171359.628200,618.932700,132.520700,644.796600
2012,MAR,F09,71382.454100,48020.002900,171297.844500,618.881600,132.518500,644.770800
2012,MEX,B06,8106.503800,6895.147600,82004.769300,47.931400,0.033000,86.740900
2012,MEX,B0609,15406.341100,12760.951000,94651.132000,85.849600,1.481400,145.308900
2012,MEX,F,960591.798100,729283.858400,2130390.793500,4943.321000,257.538900,8472.861300
2012,MEX,F09,953291.960800,723418.055000,2117744.430800,4905.402800,256.090500,8414.293300
2012,MLT,B06,6.103200,3.756000,8.794800,0.127000,0.031700,0.195700
2012,MLT,B0609,11.874600,7.137600,21.065700,0.180800,0.050400,0.420500
2012,MLT,F,17484.851300,11753.882600,26354.342300,109.238000,45.391500,400.993200
2012,MLT,F09,17479.079900,11750.501000,26342.071400,109.184200,45.372800,400.768400
2012,MMR,B06,1526.471700,1317.137900,3021.483500,157.734800,119.018500,16.262200
2012,MMR,B0609,1543.281100,1331.923200,3051.772600,158.428000,119.542800,16.467700
2012,MMR,F,72078.238400,68602.773400,126328.664400,952.772400,762.399300,266.989200
2012,MMR,F09,72061.429000,68587.988100,126298.375300,952.079200,761.875000,266.783700
2012,MYS,B06,23528.236200,17087.022300,38189.853500,240.753300,146.612500,142.282400
2012,MYS,B0609,25456.694500,18437.314500,42275.075300,254.448400,155.192300,157.898300
2012,MYS,F,422214.874600,290584.653900,721317.480000,2441.717900,1546.857500,2476.614700
2012,MYS,F09,420286.416300,289234.361700,717232.258200,2428.022800,1538.277700,2460.998800
2012,NGA,B06,28896.454400,25987.779500,100493.961700,76.794200,19.397200,479.178600
2012,NGA,B0609,28947.519100,26026.182800,100611.254700,81.421100,19.402500,479.907900
2012,NGA,F,286379.264500,260874.040400,676929.144600,5017.395000,112.878000,4356.085500
2012,NGA,F09,286328.199800,260835.637100,676811.851600,5012.768100,112.872700,4355.356200
2012,NLD,B06,5070.689800,3910.618400,24593.771000,5.096500,3.007900,151.740300
2012,NLD,B0609,9542.916900,7289.290500,34239.738500,8.521400,4.914900,257.502800
2012,NLD,F,856168.887400,647941.116100,1619640.927100,5194.469200,3229.748700,24368.794000
2012,NLD,F09,851696.660300,644562.444000,1609994.959600,5191.044300,3227.841700,24263.031500
2012,NOR,B06,12235.889500,10402.596700,123770.927300,103.739300,7.068900,96.899100
2012,NOR,B0609,24612.808600,20756.721000,143487.199000,158.582200,40.471200,333.845200
2012,NOR,F,346736.012400,280298.404500,708349.915000,5594.444000,2018.509700,13342.055100
2012,NOR,F09,334359.093300,269944.280200,688633.643300,5539.601100,1985.107400,13105.109000
2012,NZL,B06,1404.974600,1091.732500,2989.204300,14.137900,12.826100,34.671500
2012,NZL,B0609,1782.535800,1405.227800,3581.934100,16.028000,14.497100,44.928000
2012,NZL,F,177685.690700,154574.274800,339243.309100,506.525600,436.140300,3576.349900
2012,NZL,F09,177308.129500,154260.779500,338650.579300,504.635500,434.469300,3566.093400
2012,PAK,B06,2375.786200,1861.853300,6355.049900,179.442100,133.792400,115.449900
2012,PAK,B0609,2524.591100,1982.263600,6722.877300,184.963600,137.978600,125.225800
2012,PAK,F,176434.984900,155282.346600,372159.484200,3246.560300,2557.838900,1342.490900
2012,PAK,F09,176286.180000,155161.936300,371791.656800,3241.038800,2553.652700,1332.715000
2012,PER,B06,2813.744700,2574.953700,6534.476100,26.180000,25.444300,79.367900
2012,PER,B0609,3822.395100,3403.700200,9686.874700,26.960600,26.011500,106.660900
2012,PER,F,153683.586700,128328.528600,331064.622500,269.014300,233.223100,4962.884700
2012,PER,F09,152674.936300,127499.782100,327912.223900,268.233700,232.655900,4935.591700
2012,PHL,B06,367.624200,291.828400,1342.603600,1.268500,0.929700,23.788900
2012,PHL,B0609,511.728900,372.149900,1572.631800,26.013300,0.977900,26.545800
2012,PHL,F,253252.585900,209141.971200,504527.712200,2234.534800,256.113000,3706.709900
2012,PHL,F09,253108.481200,209061.649700,504297.684000,2209.790000,256.064800,3703.953000
2012,POL,B06,121.969800,81.150700,310.210400,0.421800,0.196600,6.876200
2012,POL,B0609,458.300400,310.762500,971.695500,1.593000,0.689900,38.080000
2012,POL,F,546082.945600,419610.822600,1008559.320300,1389.713100,574.584600,24471.476500
2012,POL,F09,545746.615000,419381.210800,1007897.835200,1388.541900,574.091300,24440.272700
2012,PRT,B06,0.000000,0.000000,0.000000,0.000000,0.000000,0.000000
2012,PRT,B0609,17.525900,12.918100,39.347300,0.057500,0.024800,1.193200
2012,PRT,F,200342.048400,151810.226200,397407.821500,262.033100,128.923500,7925.411600
2012,PRT,F09,200324.522500,151797.308100,397368.474200,261.975600,128.898700,7924.218400
2012,ROU,B06,1215.637600,1101.565900,2735.203000,4.522900,2.224800,30.927700
2012,ROU,B0609,1780.857200,1604.579400,3972.591700,4.998500,2.641100,59.333700
2012,ROU,F,192846.659100,156904.604000,356932.782700,1202.258100,670.966200,7239.996400
2012,ROU,F09,192281.439500,156401.590500,355695.394000,1201.782500,670.549900,7211.590400
2012,RUS,B06,15784.611200,15122.066300,161129.025700,46.622800,13.086700,192.316500
2012,RUS,B0609,123611.475100,117520.498200,280473.509900,148.432500,55.057500,2664.951500
2012,RUS,F,1656762.326900,1470833.002600,3502664.519400,5193.039400,2153.049100,80028.863800
2012,RUS,F09,1548935.463000,1368434.570700,3383320.035200,5091.229700,2111.078300,77556.228800
2012,SAU,B06,26964.525600,19220.021100,328770.196500,49.634300,28.968700,82.236200
2012,SAU,B0609,27349.872400,19499.656300,329781.518400,50.401100,29.450700,83.676300
2012,SAU,F,306557.086900,225550.121500,736840.701000,990.841300,583.191000,1763.614300
2012,SAU,F09,306171.740100,225270.486300,735829.379100,990.074500,582.709000,1762.174200
2012,SEN,B06,3.727800,2.142300,12.921800,0.906000,0.000300,0.052600
2012,SEN,B0609,25.682800,20.535700,40.027600,0.968500,0.013700,0.482600
2012,SEN,F,13099.914200,9693.600900,29541.124400,465.531200,5.555200,364.772600
2012,SEN,F09,13077.959200,9675.207500,29514.018600,465.468700,5.541800,364.342600
2012,SGP,B06,0.000000,0.000000,0.000000,0.000000,0.000000,0.000000
2012,SGP,B0609,0.000000,0.000000,0.000000,0.000000,0.000000,0.000000
2012,SGP,F,496000.962000,285314.634900,780713.874300,29404.413000,7368.424600,6546.020400
2012,SGP,F09,496000.962000,285314.634900,780713.874300,29404.413000,7368.424600,6546.020400
2012,STP,B06,0.219000,0.131900,0.551000,0.032700,0.000200,-0.012700
2012,STP,B0609,0.354600,0.216100,0.788700,0.042000,0.000300,-0.024600
2012,STP,F,249.337400,188.674800,483.139300,6.184500,0.238900,-12.046400
2012,STP,F09,249.201800,188.590600,482.901600,6.175200,0.238800,-12.034500
2012,SVK,B06,1.432200,0.809200,1.956900,0.004800,0.001900,0.203200
2012,SVK,B0609,150.927200,97.255200,294.909400,0.158200,0.040600,16.984600
2012,SVK,F,116874.518800,71578.930000,207987.622400,183.428300,67.753800,4902.993700
2012,SVK,F09,116725.023800,71482.484000,207694.669900,183.274900,67.715100,4886.212300
2012,SVN,B06,0.000000,0.000000,0.000000,0.000000,0.000000,0.000000
2012,SVN,B0609,4.566600,2.647700,7.041100,0.014800,0.006900,0.410700
2012,SVN,F,47017.000100,30420.151000,89536.843100,194.417700,71.497300,2063.645700
2012,SVN,F09,47012.433500,30417.503300,89529.802000,194.402900,71.490400,2063.235000
2012,SWE,B06,45.076300,35.744300,69.098200,0.777500,0.367600,4.373500
2012,SWE,B0609,208.849500,165.860300,368.178100,3.798600,1.983600,15.658100
2012,SWE,F,516406.223700,402855.627300,1030760.644200,5245.276700,2823.443900,24248.419200
2012,SWE,F09,516242.450500,402725.511300,1030461.564300,5242.255600,2821.827900,24237.134600
2012,THA,B06,1256.745700,746.502800,12405.046200,13.099600,7.150100,28.117800
2012,THA,B0609,1384.108700,829.719300,13785.540800,14.061700,7.712800,42.003600
2012,THA,F,591117.606300,400456.358500,954943.797400,4222.602100,2769.472300,16792.451900
2012,THA,F09,590990.243300,400373.142000,953563.302800,4221.640000,2768.909600,16778.566100
2012,TUN,B06,751.720200,468.204900,2491.235500,15.852200,0.019800,-3.847400
2012,TUN,B0609,876.125500,567.745700,2747.131200,16.558400,0.023700,-3.543600
2012,TUN,F,38555.636700,25363.204200,80290.202700,571.342600,94.905200,530.040900
2012,TUN,F09,38431.231400,25263.663400,80034.307000,570.636400,94.901300,529.737100
2012,TUR,B06,684.830700,592.392300,2109.412500,13.090700,5.624000,20.933000
2012,TUR,B0609,782.362700,668.247400,2652.272600,14.031800,6.115600,29.245800
2012,TUR,F,824429.878300,673079.754400,1644195.075600,9704.456000,4822.869500,43206.854400
2012,TUR,F09,824332.346300,673003.899300,1643652.215500,9703.514900,4822.377900,43198.541600
2012,TWN,B06,183.824300,106.594900,434.261900,3.030900,2.579400,2.163400
2012,TWN,B0609,625.497500,412.176900,1148.403500,10.689800,9.013800,10.874600
2012,TWN,F,754061.110400,508936.632800,1236489.978700,4987.647800,3752.816100,5709.452200
2012,TWN,F09,753619.437200,508631.050800,1235775.837100,4979.988900,3746.381700,5700.741000
2012,UKR,B06,2930.482200,2293.766100,6324.462900,137.536900,87.185200,143.053200
2012,UKR,B0609,5801.818400,4527.631500,9379.480700,218.545700,139.893200,273.432400
2012,UKR,F,230601.581300,184428.642100,387949.274100,2886.552900,2035.347600,8794.438600
2012,UKR,F09,227730.245100,182194.776700,384894.256300,2805.544100,1982.639600,8664.059400
2012,USA,B06,135084.881800,108161.929500,348403.616100,1568.992800,741.965300,2432.507900
2012,USA,B0609,191423.432600,160607.152100,474196.134300,1609.024800,777.411100,3564.943600
2012,USA,F,12680472.794700,11452086.487500,28301589.781100,42644.418100,24974.625600,150862.787800
2012,USA,F09,12624134.243900,11399641.264900,28175797.262900,42604.386100,24939.179800,149730.352100
2012,VNM,B06,5286.598000,2757.918600,12247.016900,150.430000,109.674000,133.491600
2012,VNM,B0609,5794.520600,3178.892600,13166.254100,151.107600,110.150000,166.765400
2012,VNM,F,307004.017500,225759.010700,487510.701000,2107.186000,1677.977100,8996.427400
2012,VNM,F09,306496.094900,225338.036700,486591.463800,2106.508400,1677.501100,8963.153600
2012,ZAF,B06,2060.812300,1771.320900,2383.417500,12.935600,0.005200,59.234600
2012,ZAF,B0609,2851.786700,2493.317000,3447.003600,16.364900,0.033100,96.486300
2012,ZAF,F,468700.465900,394613.963000,880595.493300,3893.915600,188.892200,17761.398800
2012,ZAF,F09,467909.491500,393891.966900,879531.907200,3890.486300,188.864300,17724.147100
2012,ROW,B06,229854.450900,189691.005500,867417.265700,7556.952500,1304.779300,468.083200
2012,ROW,B0609,265109.298200,218182.720400,952656.469900,8087.493000,1452.955600,691.382400
2012,ROW,F,2606057.286300,2071384.697300,5856569.878200,37273.951200,16422.985800,32659.726600
2012,ROW,F09,2570802.439000,2042892.982400,5771330.674000,36743.410700,16274.809500,32436.427400
2013,AGO,B06,17567.609100,12111.117300,60246.190300,827.467700,149.832900,-221.317800
2013,AGO,B0609,17805.476800,12266.680300,67960.228900,832.022500,150.830400,-225.132500
2013,AGO,F,56502.553700,39407.023500,154675.922400,964.459600,270.293300,-1199.561200
2013,AGO,F09,56264.686000,39251.460500,146961.883800,959.904800,269.295800,-1195.746500
2013,ARE,B06,13198.717600,9779.712500,132417.433600,458.141900,212.934300,25.363400
2013,ARE,B0609,20177.704500,15157.915000,150264.616100,565.596300,264.542100,36.796800
2013,ARE,F,264450.475500,194702.099700,548259.307400,4913.263000,2381.805900,532.565400
2013,ARE,F09,257471.488600,189323.897200,530412.124900,4805.808600,2330.198100,521.132000
2013,ARG,B06,11030.679100,9890.307400,24434.827500,101.471100,0.656300,713.517000
2013,ARG,B0609,12612.914900,11289.769200,27318.615800,108.378600,0.791100,839.693200
2013,ARG,F,443703.736400,398755.949200,969122.226500,1059.631900,240.121500,23058.873200
2013,ARG,F09,442121.500600,397356.487400,966238.438200,1052.724400,239.986700,22932.697000
2013,AUS,B06,15181.881900,13792.411100,44022.026000,595.704100,568.137100,252.693500
2013,AUS,B0609,23208.574500,21046.972100,62160.236500,637.719000,606.767100,363.632400
2013,AUS,F,1397703.607000,1261045.219300,2811842.066600,4965.533400,4438.443000,26521.715600
2013,AUS,F09,1389676.914400,1253790.658300,2793703.856100,4923.518500,4399.813000,26410.776700
2013,AUT,B06,557.639600,268.042100,1944.764500,1.898000,0.369700,24.822400
2013,AUT,B0609,624.832100,320.135800,2075.750900,2.075000,0.371800,28.136500
2013,AUT,F,421601.528400,309348.850300,816662.103200,1686.236200,114.079000,12851.238800
2013,AUT,F09,421534.335900,309296.756600,816531.116800,1686.059200,114.076900,12847.924700
2013,BEL,B06,0.000000,0.000000,0.000000,0.000000,0.000000,0.000000
2013,BEL,B0609,6.643300,4.298600,10.386900,0.014000,0.009400,0.324100
2013,BEL,F,605344.738800,409494.700400,1089609.599700,2714.068600,259.239800,18136.759300
2013,BEL,F09,605338.095500,409490.401800,1089599.212800,2714.054600,259.230400,18136.435200
2013,BGD,B06,558.390900,459.070800,2262.109900,52.315800,24.226100,4.884000
2013,BGD,B0609,601.545600,493.884200,2373.427100,54.717300,25.389100,5.608400
2013,BGD,F,95365.246700,77355.874500,229614.416100,2940.721500,1589.196900,1891.920600
2013,BGD,F09,95322.092000,77321.061100,229503.098900,2938.320000,1588.033900,1891.196200
2013,BGR,B06,32.283200,2.441700,142.090100,0.204500,0.108300,8.968600
2013,BGR,B0609,41.192000,8.620000,157.760000,0.246200,0.126200,9.468800
2013,BGR,F,63724.075900,43211.315000,115130.298500,519.277800,52.815200,3383.161400
2013,BGR,F09,63715.167100,43205.136700,115114.628600,519.236100,52.797300,3382.661200
2013,BLR,B06,230.586300,84.640000,767.551200,3.275700,0.289000,48.826900
2013,BLR,B0609,290.884500,117.514500,969.044600,3.849800,0.372700,59.405000
2013,BLR,F,78265.656500,52324.395300,150551.645600,590.478600,173.689300,6207.846900
2013,BLR,F09,78205.358300,52291.520800,150350.152200,589.904500,173.605600,6197.268800
2013,BRA,B06,26486.648000,21661.329200,82762.081900,2246.456000,729.970500,2268.294700
2013,BRA,B0609,30850.968400,25585.935600,92357.013000,2265.211000,737.884400,2660.570700
2013,BRA,F,1967391.877400,1780541.038400,4140470.731200,7617.323700,3529.882900,115039.229800
2013,BRA,F09,1963027.557000,1776616.432000,4130875.800100,7598.568700,3521.969000,114646.953800
2013,BRN,B06,2835.631700,2257.422600,8303.919800,47.263300,42.814200,-29.719100
2013,BRN,B0609,3299.928600,2607.571200,9552.609100,54.400400,49.150800,-34.220000
2013,BRN,F,17186.609400,14392.969400,30191.476000,240.917700,222.985400,-149.146400
2013,BRN,F09,16722.312500,14042.820800,28942.786700,233.780600,216.648800,-144.645500
2013,CAN,B06,52722.380600,44285.859200,139443.507500,57.927500,42.876100,635.449100
2013,CAN,B0609,64199.619500,53100.174200,170818.749900,79.078400,57.939200,945.228200
2013,CAN,F,1453236.684500,1170143.712100,3122168.288300,6028.512500,1514.764200,25217.898600
2013,CAN,F09,1441759.445600,1161329.397100,3090793.045900,6007.361600,1499.701100,24908.119500
2013,CHE,B06,4.212900,3.224900,8.933400,0.097700,0.055800,0.063400
2013,CHE,B0609,32.383100,25.230800,51.082500,0.411400,0.261200,0.602600
2013,CHE,F,754031.559500,587864.318100,1444046.262900,10965.099500,7066.407900,6722.271400
2013,CHE,F09,754003.389300,587842.312200,1444004.113800,10964.785800,7066.202500,6721.732200
2013,CHL,B06,241.435800,179.454300,499.517100,3.302300,1.818600,5.358800
2013,CHL,B0609,554.843200,425.369200,1540.865200,6.237400,3.621300,17.037000
2013,CHL,F,241243.805400,197095.228100,499030.052900,4847.895500,2215.376400,8177.072500
2013,CHL,F09,240930.398000,196849.313200,497988.704800,4844.960400,2213.573700,8165.394300
2013,CHN,B06,59761.056000,51172.359000,199615.568400,1821.384100,1108.911000,1785.139200
2013,CHN,B0609,71927.621900,62160.698500,221167.685500,1996.155500,1219.894300,2274.221400
2013,CHN,F,17047530.673700,15702895.072200,26031600.038600,135088.092800,94510.424400,403413.563600
2013,CHN,F09,17035364.107800,15691906.732700,26010047.921500,134913.321400,94399.441100,402924.481400
2013,CIV,B06,38.406500,30.290500,63.873000,0.076500,0.018300,0.312400
2013,CIV,B0609,52.951900,42.371900,84.543200,0.096400,0.024000,0.437100
2013,CIV,F,23534.264100,19354.653800,60328.490200,87.137900,37.638000,583.481900
2013,CIV,F09,23519.718700,19342.572400,60307.820000,87.118000,37.632300,583.357200
2013,CMR,B06,639.524800,315.769500,2089.361400,6.823000,5.546200,22.658900
2013,CMR,B0609,726.402300,366.907200,2325.748200,7.538200,6.118000,27.282600
2013,CMR,F,17173.278100,13430.447200,48078.664900,209.838900,162.432200,709.329700
2013,CMR,F09,17086.400600,13379.309500,47842.278100,209.123700,161.860400,704.706000
2013,COD,B06,117.722100,75.506600,655.336200,4.753400,0.007800,4.187000
2013,COD,B0609,174.203800,107.066100,847.941900,5.979800,0.085400,7.410000
2013,COD,F,15776.500300,9928.242800,46466.610800,344.555200,63.806400,775.912300
2013,COD,F09,15720.018600,9896.683300,46274.005100,343.328800,63.728800,772.689300
2013,COL,B06,12233.617200,11566.246900,42751.559800,252.552700,0.116300,290.930600
2013,COL,B0609,12302.860100,11623.231900,42922.844100,253.201300,0.116900,297.719600
2013,COL,F,295071.314300,257827.285900,625218.154400,1272.089300,135.537100,10769.893500
2013,COL,F09,295002.071400,257770.300900,625046.870100,1271.440700,135.536500,10763.104500
2013,CRI,B06,0.306900,0.221200,1.066900,0.016100,0.008900,0.035200
2013,CRI,B0609,0.444600,0.322400,1.409700,0.020500,0.011500,0.050600
2013,CRI,F,37003.440300,28483.111800,85280.827600,1056.891700,608.493100,1544.103500
2013,CRI,F09,37003.302600,28483.010600,85280.484800,1056.887300,608.490500,1544.088100
2013,CYP,B06,9.788400,5.529600,22.658100,1.646000,1.560600,0.475800
2013,CYP,B0609,10.094800,5.675400,23.172000,1.649400,1.563700,0.493000
2013,CYP,F,20226.632400,13667.353700,42224.431700,1795.641400,1702.762200,709.704600
2013,CYP,F09,20226.326000,13667.207900,42223.917800,1795.638000,1702.759100,709.687400
2013,CZE,B06,24.805600,21.231800,253.300500,0.572700,0.348400,0.514800
2013,CZE,B0609,145.306500,106.738100,478.918700,0.673400,0.363800,6.578400
2013,CZE,F,296197.173900,204800.999400,494136.737400,372.333700,152.921100,8181.136700
2013,CZE,F09,296076.673000,204715.493100,493911.119200,372.233000,152.905700,8175.073100
2013,DEU,B06,2275.035800,1062.386700,3826.575600,8.805500,5.730000,120.964300
2013,DEU,B0609,2621.182300,1318.525000,4491.699900,9.831600,6.316800,142.884200
2013,DEU,F,3518397.443300,2770766.788500,6976308.759800,9360.941900,5400.260800,102014.123500
2013,DEU,F09,3518051.296800,2770510.650200,6975643.635500,9359.915800,5399.674000,101992.203600
2013,DNK,B06,1491.420600,957.526000,8838.882300,40.180300,14.138300,78.517000
2013,DNK,B0609,1720.019500,1104.714300,9364.639100,46.254400,16.459200,91.688900
2013,DNK,F,290227.037700,198883.168700,593769.911200,4408.377600,1642.873500,13560.183200
2013,DNK,F09,289998.438800,198735.980400,593244.154400,4402.303500,1640.552600,13547.011300
2013,EGY,B06,3510.438500,3107.243100,36024.071500,294.393200,163.686800,-39.644200
2013,EGY,B0609,3788.011300,3346.687200,37359.807800,310.421700,172.747900,-45.031000
2013,EGY,F,158137.128500,131281.510700,423322.724900,8127.537200,4724.302800,-4430.637500
2013,EGY,F09,157859.555700,131042.066600,421986.988600,8111.508700,4715.241700,-4425.250700
2013,ESP,B06,54.060000,46.978800,149.643000,0.044800,0.021800,2.475300
2013,ESP,B0609,177.559400,141.877700,535.130600,0.773000,0.396400,10.897100
2013,ESP,F,1175975.526600,956490.283000,2443814.984500,1883.411300,1014.969000,29094.080500
2013,ESP,F09,1175852.027200,956395.384100,2443429.496900,1882.683100,1014.594400,29085.658700
2013,EST,B06,138.864400,69.066300,348.571000,1.049700,0.287100,14.913200
2013,EST,B0609,139.650400,69.460900,350.402500,1.055300,0.289100,14.993300
2013,EST,F,28565.578000,17608.247700,51532.044500,208.132800,108.659600,1156.465700
2013,EST,F09,28564.792000,17607.853100,51530.213000,208.127200,108.657600,1156.385600
2013,FIN,B06,0.000000,0.000000,0.000000,0.000000,0.000000,0.000000
2013,FIN,B0609,65.980800,42.313300,81.437500,0.418100,0.284000,3.448100
2013,FIN,F,264011.014900,201098.249800,510195.299700,2209.252800,1266.902400,12455.049400
2013,FIN,F09,263945.034100,201055.936500,510113.862200,2208.834700,1266.618400,12451.601300
2013,FRA,B06,382.106200,343.535500,576.575400,0.767200,0.392300,19.971400
2013,FRA,B0609,514.977600,445.340100,796.105400,1.236800,0.640600,32.031400
2013,FRA,F,2422197.618700,1973667.503100,5038452.348700,2907.842500,1665.588900,93215.473000
2013,FRA,F09,2422064.747300,1973565.698500,5038232.818700,2907.372900,1665.340600,93203.413000
2013,GBR,B06,20189.886100,15861.574600,52363.768000,423.858400,230.866900,669.326600
2013,GBR,B0609,27917.732500,22577.419900,63982.609000,450.344200,245.951600,905.078200
2013,GBR,F,2270922.980300,1881794.735400,4806255.551100,7096.032700,4485.441300,81409.406500
2013,GBR,F09,2263195.133900,1875078.890100,4794636.710100,7069.546900,4470.356600,81173.654900
2013,GRC,B06,59.406500,52.124300,78.593500,0.917300,0.343800,1.976300
2013,GRC,B0609,74.483600,63.382700,140.427400,1.367000,0.526400,3.072900
2013,GRC,F,178987.537200,134627.662200,396903.195800,4704.880800,1985.161800,6141.725400
2013,GRC,F09,178972.460100,134616.403800,396841.361900,4704.431100,1984.979200,6140.628800
2013,HKG,B06,0.000000,0.000000,0.000000,0.000000,0.000000,0.000000
2013,HKG,B0609,178.140600,91.645200,204.568800,7.760000,7.282800,0.146200
2013,HKG,F,274836.708700,219133.285400,547829.111700,18437.529100,9995.665900,2481.425300
2013,HKG,F09,274658.568100,219041.640200,547624.542900,18429.769100,9988.383100,2481.279100
2013,HRV,B06,102.280000,44.675400,409.068400,0.580400,0.481300,13.143600
2013,HRV,B0609,224.550400,142.508900,679.239500,0.611600,0.498300,18.574300
2013,HRV,F,47863.485300,35920.576200,99591.215000,212.978300,190.940900,2411.346000
2013,HRV,F09,47741.214900,35822.742700,99321.043900,212.947100,190.923900,2405.915300
2013,HUN,B06,80.055000,45.399400,164.294400,0.105100,0.051100,5.869400
2013,HUN,B0609,121.049500,66.471500,290.985800,0.132700,0.055500,8.004200
2013,HUN,F,150579.014300,82826.417100,273012.933300,224.813900,85.890000,7712.989700
2013,HUN,F09,150538.019800,82805.345000,272886.241900,224.786300,85.885600,7710.854900
2013,IDN,B06,10309.338300,8449.418700,57806.293800,88.631700,75.593600,64.708600
2013,IDN,B0609,11514.928000,9445.862100,63080.888100,96.394400,81.983100,73.616500
2013,IDN,F,811687.176600,683679.277200,1660025.200400,4711.524200,4032.779400,5977.582100
2013,IDN,F09,810481.586900,682682.833800,1654750.606100,4703.761500,4026.389900,5968.674200
2013,IND,B06,20204.547700,15911.268800,43949.203000,1329.141000,0.013900,1326.106000
2013,IND,B0609,21788.307100,17193.803700,55979.481900,1374.256900,0.015100,1442.516200
2013,IND,F,1875605.814000,1485111.636300,3651062.230200,11702.025700,1554.202000,78863.032500
2013,IND,F09,1874022.054600,1483829.101400,3639031.951300,11656.909800,1554.200800,78746.622300
2013,IRL,B06,95.947100,16.107100,131.198200,0.291800,0.208600,2.276000
2013,IRL,B0609,139.726800,36.223300,201.441400,0.493800,0.363000,3.453200
2013,IRL,F,287477.701500,151905.691500,511091.335800,608.560000,409.974000,5891.881000
2013,IRL,F09,287433.921800,151885.575300,511021.092600,608.358000,409.819600,5890.703800
2013,ISL,B06,0.237300,0.157400,0.722800,0.012400,0.002100,0.011600
2013,ISL,B0609,0.256700,0.172100,0.796000,0.012900,0.002300,0.012800
2013,ISL,F,15477.244200,11100.370900,30496.049800,355.262500,107.079500,551.789600
2013,ISL,F09,15477.224800,11100.356200,30495.976600,355.262000,107.079300,551.788400
2013,ISR,B06,155.274100,120.269100,472.213700,4.564200,2.119200,7.889700
2013,ISR,B0609,225.815700,174.782100,690.776100,5.487600,2.616700,12.097800
2013,ISR,F,242368.218300,192297.826200,516519.338200,2377.246500,1411.957200,7337.402200
2013,ISR,F09,242297.676700,192243.313200,516300.775800,2376.323100,1411.459700,7333.194100
2013,ITA,B06,6773.546500,4965.869100,13236.086400,36.917900,23.295200,295.978500
2013,ITA,B0609,6821.805700,5004.320600,13753.960300,37.591900,23.574100,299.441900
2013,ITA,F,2119430.835000,1778830.652000,4113738.925100,12916.819000,7835.214200,72691.800500
2013,ITA,F09,2119382.575800,1778792.200500,4113221.051200,12916.145000,7834.935300,72688.337100
2013,JOR,B06,156.497900,92.069800,395.727700,3.077000,0.003700,3.741800
2013,JOR,B0609,228.129200,140.635500,576.226300,3.822400,0.006300,6.383800
2013,JOR,F,33340.632600,21241.402900,64540.615400,198.626000,36.894900,550.777600
2013,JOR,F09,33269.001300,21192.837200,64360.116800,197.880600,36.892300,548.135600
2013,JPN,B06,790.991100,739.949000,1398.660400,4.439600,2.790200,29.937100
2013,JPN,B0609,1955.638600,1723.103600,3473.766200,19.007100,3.836100,157.812700
2013,JPN,F,4605918.049700,3962270.630300,9630361.496600,56208.817600,30302.856300,144698.868600
2013,JPN,F09,4604753.402200,3961287.475700,9628286.390800,56194.250100,30301.810400,144570.993000
2013,KAZ,B06,29559.183200,26957.101100,59241.914700,31.409900,18.475400,753.125800
2013,KAZ,B0609,31212.243400,28303.190500,62875.799900,34.253100,19.799900,989.484800
2013,KAZ,F,118282.022600,97027.473000,310082.442100,1143.737500,378.465500,4329.759400
2013,KAZ,F09,116628.962400,95681.383600,306448.556900,1140.894300,377.141000,4093.400400
2013,KHM,B06,0.000000,0.000000,0.000000,0.000000,0.000000,0.000000
2013,KHM,B0609,17.241800,11.484900,43.172700,0.163000,0.020700,0.425400
2013,KHM,F,11895.783900,7166.042600,26929.038300,161.927200,16.589900,303.209000
2013,KHM,F09,11878.542100,7154.557700,26885.865600,161.764200,16.569200,302.783600
2013,KOR,B06,89.532500,66.102100,277.840700,14.763300,10.470700,1.889500
2013,KOR,B0609,92.707700,68.556900,288.786600,15.090200,10.702800,2.040100
2013,KOR,F,1990201.916200,1486415.752000,3300589.834400,40076.594500,29583.845200,52725.910300
2013,KOR,F09,1990198.741000,1486413.297200,3300578.888500,40076.267600,29583.613100,52725.759700
2013,LAO,B06,20.666000,15.335300,155.882700,0.034900,0.016100,0.601100
2013,LAO,B0609,67.184300,51.110200,309.781900,0.104500,0.049000,1.761900
2013,LAO,F,7104.847000,5472.408600,18061.785700,17.733000,8.750500,202.329500
2013,LAO,F09,7058.328700,5436.633700,17907.886500,17.663400,8.717600,201.168700
2013,LTU,B06,46.112800,30.464300,110.595400,0.111900,0.057700,2.345700
2013,LTU,B0609,49.410600,32.515200,136.947100,0.135700,0.058900,2.549900
2013,LTU,F,37876.111400,21357.419800,82599.732300,497.014800,63.169100,2595.394400
2013,LTU,F09,37872.813600,21355.368900,82573.380600,496.991000,63.167900,2595.190200
2013,LUX,B06,0.000000,0.000000,0.000000,0.000000,0.000000,0.000000
2013,LUX,B0609,0.000000,0.000000,0.000000,0.000000,0.000000,0.000000
2013,LUX,F,128824.279800,59992.795100,190475.610700,342.599200,42.182600,3160.661300
2013,LUX,F09,128824.279800,59992.795100,190475.610700,342.599200,42.182600,3160.661300
2013,LVA,B06,0.000000,0.000000,0.000000,0.000000,0.000000,0.000000
2013,LVA,B0609,1.788100,1.098400,3.396400,0.017400,0.003100,0.361700
2013,LVA,F,34555.273600,27052.471400,62478.874500,206.175700,69.374100,1325.339600
2013,LVA,F09,34553.485500,27051.373000,62475.478100,206.158300,69.371000,1324.977900
2013,MAR,B06,2.523400,1.390500,19.570400,0.123000,0.002900,0.140300
2013,MAR,B0609,9.007000,5.928800,86.145900,0.171400,0.005600,0.299100
2013,MAR,F,72565.375600,49698.889500,180876.431600,634.180000,190.172100,1604.692900
2013,MAR,F09,72558.892000,49694.351200,180809.856100,634.131600,190.169400,1604.534100
2013,MEX,B06,11331.033500,9391.843100,78444.976300,408.634200,0.001200,133.941500
2013,MEX,B0609,19126.766400,15816.915700,91734.675700,415.733900,5.312800,321.121300
2013,MEX,F,998856.211300,771327.442300,2235237.244700,4574.085800,756.370700,12352.995300
2013,MEX,F09,991060.478400,764902.369700,2221947.545300,4566.986100,751.059100,12165.815500
2013,MLT,B06,8.401800,4.837000,12.542800,0.061600,0.016500,0.363100
2013,MLT,B0609,18.391400,10.612800,24.932200,0.114100,0.031400,0.790100
2013,MLT,F,18520.073300,12506.153200,28486.150100,138.413400,49.831300,404.024000
2013,MLT,F09,18510.083700,12500.377400,28473.760700,138.360900,49.816400,403.597000
2013,MMR,B06,1973.757400,1679.572500,3657.467500,195.731300,135.865700,20.129500
2013,MMR,B0609,1990.118600,1693.867100,3687.151400,196.377100,136.320800,20.329200
2013,MMR,F,71803.556400,68230.391400,125980.622600,928.444200,704.920000,259.533700
2013,MMR,F09,71787.195200,68216.096800,125950.938700,927.798400,704.464900,259.334000
2013,MYS,B06,24086.227600,17333.769800,39167.105400,263.815700,144.073900,175.808700
2013,MYS,B0609,25958.060000,18590.605600,43268.377000,278.513000,152.948500,193.559900
2013,MYS,F,422384.400800,291421.215800,730064.972400,2732.186500,1731.585100,2724.893200
2013,MYS,F09,420512.568400,290164.380000,725963.700800,2717.489200,1722.710500,2707.142000
2013,NGA,B06,26893.502200,25030.284800,92750.341200,45.285500,9.378000,267.503300
2013,NGA,B0609,26956.050800,25082.824500,92883.254000,48.041000,9.381900,268.371000
2013,NGA,F,335267.694100,308138.543100,784832.302000,4574.421900,75.767300,4699.146700
2013,NGA,F09,335205.145500,308086.003400,784699.389200,4571.666400,75.763400,4698.279000
2013,NLD,B06,5002.370800,3820.105000,25380.438900,3.014000,1.786800,166.757100
2013,NLD,B0609,9981.683700,7530.841900,35975.973400,5.624400,3.188300,299.807500
2013,NLD,F,880887.300600,659890.110100,1679408.324400,5552.045200,3508.838100,27784.874900
2013,NLD,F09,875907.987700,656179.373200,1668812.789900,5549.434800,3507.436600,27651.824500
2013,NOR,B06,11736.585300,10178.197100,118398.890100,111.702400,34.665400,74.830500
2013,NOR,B0609,26166.643100,22475.764100,141629.965700,180.268200,79.639300,290.879800
2013,NOR,F,361450.151100,292397.051000,739590.896900,6891.183600,3345.979600,13500.493700
2013,NOR,F09,347020.093300,280099.484000,716359.821300,6822.617800,3301.005700,13284.444400
2013,NZL,B06,2345.771900,1816.566500,4013.474400,13.840500,11.489500,59.530600
2013,NZL,B0609,2711.193200,2118.982300,4610.845500,14.978200,12.396800,70.136600
2013,NZL,F,189292.827700,165865.104800,363066.867200,312.164100,240.814800,3684.883500
2013,NZL,F09,188927.406400,165562.689000,362469.496100,311.026400,239.907500,3674.277500
2013,PAK,B06,2693.705800,2059.786100,6926.708900,167.098300,114.890100,151.103400
2013,PAK,B0609,2841.537100,2177.335500,7290.921000,171.668500,118.128800,163.095900
2013,PAK,F,177989.706900,155748.783500,377068.896700,2922.842500,2185.187800,1602.488000
2013,PAK,F09,177841.875600,155631.234100,376704.684600,2918.272300,2181.949100,1590.495500
2013,PER,B06,2892.317500,2646.846000,6517.242200,24.100900,23.333400,85.656300
2013,PER,B0609,3890.115100,3482.563300,9328.144400,24.849100,23.886300,113.121000
2013,PER,F,160703.895000,134928.242800,345612.387200,252.280800,216.273700,5289.863100
2013,PER,F09,159706.097400,134092.525500,342801.485000,251.532600,215.720800,5262.398400
2013,PHL,B06,336.235800,203.883400,1192.741400,13.318500,0.046200,9.682800
2013,PHL,B0609,443.452300,279.615700,1389.100100,15.264100,0.067700,13.602800
2013,PHL,F,252634.442400,209523.430800,524203.694200,2089.526400,278.899800,3555.075200
2013,PHL,F09,252527.225900,209447.698500,524007.335500,2087.580800,278.878300,3551.155200
2013,POL,B06,113.013100,76.054700,265.832800,0.356200,0.157700,6.223900
2013,POL,B0609,536.694800,374.472700,1265.193100,1.565400,0.658100,39.895000
2013,POL,F,569804.898100,437456.034400,1049944.300300,1616.630800,642.787500,23366.036500
2013,POL,F09,569381.216400,437157.616400,1048944.940000,1615.421600,642.287100,23332.365400
2013,PRT,B06,0.000000,0.000000,0.000000,0.000000,0.000000,0.000000
2013,PRT,B0609,20.870300,15.130900,72.595700,0.059200,0.024000,1.497100
2013,PRT,F,201616.271200,151423.390300,408480.997800,231.698400,105.822700,7881.279700
2013,PRT,F09,201595.400900,151408.259400,408408.402100,231.639200,105.798700,7879.782600
2013,ROU,B06,989.870300,865.722900,2246.778100,13.021400,0.001800,31.884600
2013,ROU,B0609,1617.470400,1414.713700,3341.455200,13.670000,0.580600,57.822800
2013,ROU,F,207465.493100,170281.968100,381779.056400,1006.164500,486.748900,8267.767300
2013,ROU,F09,206837.893000,169732.977300,380684.379300,1005.515900,486.170100,8241.829100
2013,RUS,B06,16696.586700,15977.801300,169757.736100,41.364000,14.673700,184.062000
2013,RUS,B0609,129191.333600,122696.290500,294244.119700,115.433200,52.318100,2662.463500
2013,RUS,F,1762786.538300,1566865.715200,3689541.874700,5781.868500,2642.644800,78156.879800
2013,RUS,F09,1650291.791400,1460147.226000,3565055.491100,5707.799300,2605.000400,75678.478300
2013,SAU,B06,26759.125400,19733.821100,315099.188200,55.890100,31.600700,72.095400
2013,SAU,B0609,27172.135900,20041.719200,316159.281000,56.770800,32.136400,73.417000
2013,SAU,F,323694.262200,234830.030200,778284.577100,1069.841300,610.643700,1857.221900
2013,SAU,F09,323281.251700,234522.132100,777224.484300,1068.960600,610.108000,1855.900300
2013,SEN,B06,5.873600,3.299900,19.184400,1.234900,0.000400,0.061100
2013,SEN,B0609,30.933800,23.308600,51.611400,1.298400,0.021700,0.589600
2013,SEN,F,13429.774300,9902.557300,31021.420100,472.645000,6.149700,424.656700
2013,SEN,F09,13404.714100,9882.548600,30988.993100,472.581500,6.128400,424.128200
2013,SGP,B06,0.000000,0.000000,0.000000,0.000000,0.000000,0.000000
2013,SGP,B0609,0.000000,0.000000,0.000000,0.000000,0.000000,0.000000
2013,SGP,F,514768.420900,298186.579300,811911.746400,34887.249900,8589.178500,7284.886200
2013,SGP,F09,514768.420900,298186.579300,811911.746400,34887.249900,8589.178500,7284.886200
2013,STP,B06,0.238800,0.133200,0.653300,0.036500,0.000200,-0.009700
2013,STP,B0609,0.392600,0.218600,0.933900,0.046700,0.000300,-0.019300
2013,STP,F,287.780000,206.670900,574.272800,7.867000,0.229400,-9.619700
2013,STP,F09,287.626200,206.585500,573.992200,7.856800,0.229300,-9.610100
2013,SVK,B06,1.516200,0.927800,2.030600,0.015800,0.006100,0.169500
2013,SVK,B0609,155.636000,104.778800,304.445200,0.178100,0.066700,14.584700
2013,SVK,F,120209.761800,72773.987100,215259.068600,207.519100,72.756100,5071.663900
2013,SVK,F09,120055.642000,72670.136100,214956.654000,207.356800,72.695500,5057.248700
2013,SVN,B06,0.000000,0.000000,0.000000,0.000000,0.000000,0.000000
2013,SVN,B0609,6.478800,3.699500,9.301000,0.020000,0.007800,0.687500
2013,SVN,F,47742.584200,30856.760300,91924.168300,166.972300,44.633700,2333.104700
2013,SVN,F09,47736.105400,30853.060800,91914.867300,166.952300,44.625900,2332.417200
2013,SWE,B06,47.149100,37.859400,72.270500,0.762200,0.367100,4.224600
2013,SWE,B0609,209.068000,171.909300,338.043300,3.714500,2.002000,15.134100
2013,SWE,F,532304.721900,420311.536600,1078083.423100,5110.134600,2785.831300,25005.039500
2013,SWE,F09,532142.803000,420177.486700,1077817.650300,5107.182300,2784.196400,24994.130000
2013,THA,B06,1270.112600,777.070400,12868.305300,11.606100,6.672400,27.777200
2013,THA,B0609,1400.288100,864.012900,14276.170900,12.474900,7.209600,41.747900
2013,THA,F,615076.937700,425701.670700,999888.780400,3971.796800,2711.399400,17462.833200
2013,THA,F09,614946.762200,425614.728200,998480.914800,3970.928000,2710.862200,17448.862500
2013,TUN,B06,771.309700,474.026300,2541.188500,15.478600,0.018300,-1.470900
2013,TUN,B0609,896.683400,575.297200,2800.492900,16.096100,0.022000,-0.829200
2013,TUN,F,39197.735900,26081.225300,81670.817500,576.710100,94.251100,337.823600
2013,TUN,F09,39072.362200,25979.954400,81411.513100,576.092600,94.247400,337.181900
2013,TUR,B06,743.970700,634.959400,2279.960900,9.347300,5.589200,23.261800
2013,TUR,B0609,851.839100,713.940600,2866.711900,10.529400,6.322500,31.169700
2013,TUR,F,894528.704500,732992.907000,1776770.763000,7882.662400,4960.660500,43820.657400
2013,TUR,F09,894420.836100,732913.925800,1776184.012000,7881.480300,4959.927200,43812.749500
2013,TWN,B06,175.286500,102.542100,438.157100,2.574200,2.124900,1.811300
2013,TWN,B0609,611.218100,407.516000,1158.704300,10.079300,8.342500,9.082600
2013,TWN,F,745299.451400,509361.205500,1247774.909500,4466.606800,3257.921500,5004.525000
2013,TWN,F09,744863.519800,509056.231600,1247054.362300,4459.101700,3251.703900,4997.253700
2013,UKR,B06,2970.513000,2211.431700,5652.659400,54.357900,17.093900,131.462500
2013,UKR,B0609,5972.076800,4419.625800,8804.392900,90.603200,30.538400,253.670600
2013,UKR,F,227525.203000,183052.807800,393391.254200,2470.775000,1097.438000,7799.355700
2013,UKR,F09,224523.639200,180844.613700,390239.520700,2434.529700,1083.993500,7677.147600
2013,USA,B06,167648.521900,139059.810500,411119.818900,1882.853200,838.166400,2528.568100
2013,USA,B0609,219555.705400,187367.073100,533266.008600,1923.451800,874.164400,3645.308300
2013,USA,F,13151634.536700,11964302.015100,29329061.125400,41232.578100,24068.302900,185109.804200
2013,USA,F09,13099727.353200,11915994.752500,29206914.935700,41191.979500,24032.304900,183993.064000
2013,VNM,B06,4602.905000,3254.302600,10397.080900,63.857400,47.183000,202.197700
2013,VNM,B0609,5048.325800,3602.191900,11199.562700,67.461700,50.123300,239.234400
2013,VNM,F,363978.907100,267359.559400,563679.894600,2676.749600,2148.592900,10106.412800
2013,VNM,F09,363533.486300,267011.670100,562877.412800,2673.145300,2145.652600,10069.376100
2013,ZAF,B06,1912.908600,1626.150200,2200.046000,18.751200,0.006800,46.986700
2013,ZAF,B0609,2593.495700,2221.941000,3181.803600,25.973800,0.013100,133.545200
2013,ZAF,F,434957.711400,363069.024800,812333.543800,3842.228100,198.866500,14688.190800
2013,ZAF,F09,434277.124300,362473.234000,811351.786200,3835.005500,198.860200,14601.632300
2013,ROW,B06,234552.892000,197054.171000,863191.261400,7684.227200,1403.970500,620.916100
2013,ROW,B0609,269485.351800,225473.887600,947531.897500,8243.807000,1558.676500,853.851900
2013,ROW,F,2620469.481400,2071907.832200,5894838.261800,38122.234800,16459.697500,37183.540600
2013,ROW,F09,2585537.021600,2043488.115600,5810497.625700,37562.655000,16304.991500,36950.604800
2014,AGO,B06,14708.160300,11480.168000,58880.738500,418.843700,74.873700,-30.106500
2014,AGO,B0609,16923.301500,13140.347500,68738.276300,448.885100,83.734300,-35.303400
2014,AGO,F,60457.535400,43308.019000,162487.834300,1343.674100,339.325100,-301.936400
2014,AGO,F09,58242.394200,41647.839500,152630.296500,1313.632700,330.464500,-296.739500
2014,ARE,B06,15071.969900,11195.334400,128402.101700,352.877300,150.599900,28.419500
2014,ARE,B0609,23236.541200,17352.565900,148201.529100,446.191400,191.759900,42.412100
2014,ARE,F,285310.882100,197191.472500,590451.636500,4421.675100,1971.110700,637.015700
2014,ARE,F09,277146.310800,191034.241000,570652.209100,4328.361000,1929.950700,623.023100
2014,ARG,B06,9149.510900,8293.704600,25423.602100,72.447100,0.583600,609.792600
2014,ARG,B0609,10608.528100,9596.188000,28375.101300,78.897100,0.959600,729.581000
2014,ARG,F,409220.675800,370136.978000,891373.757100,1052.384200,230.521500,21888.211500
2014,ARG,F09,407761.658600,368834.494600,888422.257900,1045.934200,230.145500,21768.423100
2014,AUS,B06,9979.339000,9091.993300,34737.162400,478.455800,453.107900,173.633700
2014,AUS,B0609,16790.567900,15234.551500,50227.170100,514.946800,486.574200,257.576100
2014,AUS,F,1330009.493000,1195068.922500,2687752.443400,5009.312100,4502.861900,26323.320500
2014,AUS,F09,1323198.264100,1188926.364300,2672262.435700,4972.821100,4469.395600,26239.378100
2014,AUT,B06,409.897600,160.237400,1663.101100,1.578700,0.381900,18.747500
2014,AUT,B0609,476.823600,211.320000,1795.381700,1.786100,0.385400,21.871800
2014,AUT,F,418921.235100,310818.981900,825611.988300,1853.397200,119.340700,12817.454800
2014,AUT,F09,418854.309100,310767.899300,825479.707700,1853.189800,119.337200,12814.330500
2014,BEL,B06,0.000000,0.000000,0.000000,0.000000,0.000000,0.000000
2014,BEL,B0609,13.208300,8.758100,16.398500,0.028400,0.020100,0.648800
2014,BEL,F,607342.163200,409320.370200,1104732.386700,2698.253000,281.745300,18355.780100
2014,BEL,F09,607328.954900,409311.612100,1104715.988200,2698.224600,281.725200,18355.131300
2014,BGD,B06,694.706500,568.258400,2646.588200,45.159000,24.220200,4.787100
2014,BGD,B0609,746.696600,610.448700,2778.044800,47.432700,25.478400,5.506600
2014,BGD,F,112303.832700,92672.918000,268452.542800,3237.245500,1930.376700,1984.894300
2014,BGD,F09,112251.842600,92630.727700,268321.086200,3234.971800,1929.118500,1984.174800
2014,BGR,B06,24.623900,2.050500,119.473700,0.337000,0.276100,5.462000
2014,BGR,B0609,45.559800,16.583500,142.771500,0.450600,0.315600,6.472900
2014,BGR,F,69777.361100,47915.668000,122228.923300,957.439300,134.296800,3033.703300
2014,BGR,F09,69756.425200,47901.135000,122205.625500,957.325700,134.257300,3032.692400
2014,BLR,B06,192.032000,68.044000,663.969400,2.920700,0.712200,36.886600
2014,BLR,B0609,242.626000,95.049500,842.381100,3.469100,0.865300,45.418900
2014,BLR,F,74662.809800,49923.036100,149491.816500,662.172000,230.566400,5644.663900
2014,BLR,F09,74612.215800,49896.030600,149313.404800,661.623600,230.413300,5636.131600
2014,BRA,B06,38315.278600,31496.214200,92942.428500,2845.330800,850.884900,3016.883500
2014,BRA,B0609,42611.571500,35373.735000,102775.977200,2860.274900,857.258900,3373.155200
2014,BRA,F,1942205.726600,1763505.424400,4109580.601900,6426.994600,2980.719300,105582.578100
2014,BRA,F09,1937909.433700,1759627.903600,4099747.053200,6412.050500,2974.345300,105226.306400
2014,BRN,B06,2685.728400,2170.114400,7892.151300,47.499600,44.565300,-24.268400
2014,BRN,B0609,3152.454400,2546.857500,9105.233900,55.932400,52.453400,-28.450700
2014,BRN,F,15629.846000,13506.343200,27843.514400,229.350700,217.372600,-119.420600
2014,BRN,F09,15163.120000,13129.600100,26630.431800,220.917900,209.484500,-115.238300
2014,CAN,B06,70358.212100,58778.559900,169881.604100,76.545900,57.734600,836.805400
2014,CAN,B0609,81147.008200,66966.657300,200093.949200,96.910900,72.471400,1142.911100
2014,CAN,F,1397323.170500,1118927.371700,3014541.646400,5879.771100,1460.133300,25244.349400
2014,CAN,F09,1386534.374400,1110739.274300,2984329.301300,5859.406100,1445.396500,24938.243700
2014,CHE,B06,4.825000,3.523300,8.587000,0.099400,0.067000,0.066600
2014,CHE,B0609,27.410100,20.510300,45.588100,0.533100,0.359700,0.391800
2014,CHE,F,772607.268000,612122.770100,1483166.436200,11371.165300,7467.282000,7407.781300
2014,CHE,F09,772584.682900,612105.783100,1483129.435100,11370.731600,7466.989300,7407.456100
2014,CHL,B06,320.330900,255.080300,554.838800,2.807900,0.039700,6.031400
2014,CHL,B0609,562.840200,448.483900,1365.773200,4.355400,0.250800,17.056800
2014,CHL,F,222527.521700,181471.894100,463216.951000,2427.940500,352.909300,7446.716500
2014,CHL,F09,222285.012400,181278.490500,462406.016600,2426.393000,352.698200,7435.691100
2014,CHN,B06,89904.049100,78190.053200,220546.485600,2496.405300,1595.721600,2840.453300
2014,CHN,B0609,104873.037100,91830.055100,244358.474400,2702.954100,1732.243000,3448.562300
2014,CHN,F,18894222.076500,17508520.079300,28761137.431500,149455.494000,107221.363600,442398.206300
2014,CHN,F09,18879253.088500,17494880.077400,28737325.442700,149248.945200,107084.842200,441790.097300
2014,CIV,B06,45.535600,33.516800,75.553600,0.179700,0.021500,0.301200
2014,CIV,B0609,62.775400,46.672700,100.040100,0.228600,0.028500,0.436400
2014,CIV,F,27757.875000,23579.539500,71394.600300,165.324000,38.546100,784.036500
2014,CIV,F09,27740.635200,23566.383600,71370.113800,165.275100,38.539100,783.901300
2014,CMR,B06,645.354200,281.356600,2095.220000,5.663500,4.482100,21.682700
2014,CMR,B0609,736.922100,331.048800,2346.470200,6.351100,4.997700,26.668600
2014,CMR,F,18382.897800,14206.233200,51553.360700,226.400700,163.360200,817.680600
2014,CMR,F09,18291.329900,14156.541000,51302.110500,225.713100,162.844600,812.694700
2014,COD,B06,105.485400,63.374500,565.861600,6.010100,0.007900,3.773800
2014,COD,B0609,166.779200,97.841500,775.173700,7.730100,0.015500,7.150400
2014,COD,F,17161.005000,10940.060400,51086.338200,419.699600,62.468500,827.676100
2014,COD,F09,17099.711200,10905.593400,50877.026100,417.979600,62.460900,824.299500
2014,COL,B06,10847.603600,8579.863700,36915.028600,985.378300,0.230000,1874.452300
2014,COL,B0609,10918.056300,8642.859100,37071.851800,985.429100,0.260600,1876.970800
2014,COL,F,299361.684400,262935.655300,633280.146500,521.554000,127.144800,11044.109000
2014,COL,F09,299291.231700,262872.659900,633123.323300,521.503200,127.114200,11041.590500
2014,CRI,B06,0.307900,0.216400,1.079000,0.011300,0.006900,0.032900
2014,CRI,B0609,0.495500,0.352300,1.548100,0.016100,0.010000,0.052600
2014,CRI,F,37248.959300,28663.552000,86576.650400,1084.774100,652.054600,1509.932100
2014,CRI,F09,37248.771700,28663.416100,86576.181300,1084.769300,652.051500,1509.912400
2014,CYP,B06,9.632800,5.783300,22.078400,1.569400,1.487900,0.508200
2014,CYP,B0609,9.931200,5.944000,22.579100,1.571500,1.489900,0.526900
2014,CYP,F,20025.794300,13029.594300,41123.973100,1582.926200,1497.309300,753.299100
2014,CYP,F09,20025.495900,13029.433600,41123.472400,1582.924100,1497.307300,753.280400
2014,CZE,B06,28.665700,24.633300,287.973400,0.779100,0.502000,0.120200
2014,CZE,B0609,127.431000,94.989600,480.236600,0.843800,0.511200,6.403400
2014,CZE,F,294011.607200,198993.042900,490952.649000,369.182100,159.984900,7580.374800
2014,CZE,F09,293912.841900,198922.686600,490760.385800,369.117400,159.975700,7574.091600
2014,DEU,B06,2053.033500,987.626900,3279.041700,8.920900,6.186500,107.581600
2014,DEU,B0609,2477.800600,1304.138300,3981.396500,10.259300,6.965500,133.298600
2014,DEU,F,3614111.076900,2865107.801700,7219870.621700,10809.371100,5689.421300,105755.155700
2014,DEU,F09,3613686.309800,2864791.290300,7219168.266900,10808.032700,5688.642300,105729.438700
2014,DNK,B06,1526.383500,988.631900,7301.830500,28.414300,15.608800,74.772500
2014,DNK,B0609,1733.996700,1121.929900,7842.107500,32.451800,17.839300,85.990200
2014,DNK,F,293736.523500,202734.117000,607729.135200,4100.941300,1770.723200,13414.295600
2014,DNK,F09,293528.910300,202600.819000,607188.858200,4096.903800,1768.492700,13403.077900
2014,EGY,B06,3304.596100,1916.915900,36297.653600,2641.422700,1392.748200,-2.008200
2014,EGY,B0609,3647.797400,2211.410700,37817.618800,2642.358600,1393.546100,-1.213300
2014,EGY,F,174586.633600,145912.578400,471322.096200,5967.207400,3482.895400,-4153.835300
2014,EGY,F09,174243.432300,145618.083600,469802.131000,5966.271500,3482.097500,-4154.630200
2014,ESP,B06,83.578700,72.012600,158.362200,0.068800,0.031000,3.767600
2014,ESP,B0609,128.538600,106.426100,419.895400,0.507000,0.233800,7.009100
2014,ESP,F,1204849.928000,977116.403800,2484723.359200,2096.155800,993.153800,30622.998100
2014,ESP,F09,1204804.968100,977081.990300,2484461.826000,2095.717600,992.951000,30619.756600
2014,EST,B06,142.331500,70.983500,371.400700,1.106700,0.410400,16.021400
2014,EST,B0609,143.475700,71.560200,374.507600,1.115300,0.414100,16.143900
2014,EST,F,29089.490600,18160.283100,53312.187300,189.440300,119.792100,1209.883600
2014,EST,F09,29088.346400,18159.706400,53309.080400,189.431700,119.788400,1209.761100
2014,FIN,B06,0.000000,0.000000,0.000000,0.000000,0.000000,0.000000
2014,FIN,B0609,64.675500,33.033300,88.106000,0.515400,0.376300,2.058100
2014,FIN,F,263826.223100,203125.247300,512664.601100,2265.042300,1173.391600,11820.177400
2014,FIN,F09,263761.547600,203092.214000,512576.495100,2264.526900,1173.015300,11818.119300
2014,FRA,B06,405.479200,359.346300,757.464900,0.921800,0.574200,21.581000
2014,FRA,B0609,698.210800,581.761400,1420.992600,1.829100,1.137400,48.647100
2014,FRA,F,2446207.246600,1995357.920400,5101517.260200,2978.268300,1861.885600,95312.940300
2014,FRA,F09,2445914.515000,1995135.505300,5100853.732500,2977.361000,1861.322400,95285.874200
2014,GBR,B06,19879.988300,16088.444700,46799.124100,339.598000,208.607400,646.507200
2014,GBR,B0609,28567.132800,23469.695800,59175.515700,371.345900,228.588700,920.906900
2014,GBR,F,2441650.092300,2047858.273500,5237270.084900,7864.486200,5249.331400,89177.184300
2014,GBR,F09,2432962.947800,2040477.022400,5224893.693300,7832.738300,5229.350100,88902.784600
2014,GRC,B06,57.994300,48.885900,77.676400,1.234000,0.661600,2.312700
2014,GRC,B0609,79.243600,65.132400,150.890900,2.020500,1.081800,3.822000
2014,GRC,F,175956.565000,132764.450000,389850.217800,5957.591500,3263.533500,6010.176900
2014,GRC,F09,175935.315700,132748.203500,389777.003300,5956.805000,3263.113300,6008.667600
2014,HKG,B06,0.000000,0.000000,0.000000,0.000000,0.000000,0.000000
2014,HKG,B0609,248.053300,150.575700,285.426500,10.079100,9.231800,0.205000
2014,HKG,F,277297.131900,222976.932100,565007.053800,18514.856300,10573.296600,3217.842000
2014,HKG,F09,277049.078600,222826.356400,564721.627300,18504.777200,10564.064800,3217.637000
2014,HRV,B06,24.043700,14.185300,199.756700,0.178600,0.160600,3.542500
2014,HRV,B0609,225.091000,185.312000,562.076900,0.221500,0.185000,11.688800
2014,HRV,F,47518.156900,35318.763200,99146.501100,184.121400,166.377000,2373.108000
2014,HRV,F09,47317.109600,35147.636500,98784.180900,184.078500,166.352600,2364.961700
2014,HUN,B06,40.140100,23.714500,69.349100,0.055700,0.026400,2.812400
2014,HUN,B0609,95.982900,53.372700,210.042900,0.091400,0.033300,5.661700
2014,HUN,F,155224.960100,84224.732200,282265.436300,235.044000,91.353200,7669.053800
2014,HUN,F09,155169.117300,84195.074000,282124.742500,235.008300,91.346300,7666.204500
2014,IDN,B06,17383.492900,14295.772400,58523.505200,139.088000,118.881400,102.311300
2014,IDN,B0609,18412.028300,15152.857100,63770.491700,145.378800,124.116700,109.569200
2014,IDN,F,778751.235300,658721.315400,1611981.587300,4372.047500,3742.501200,5658.493500
2014,IDN,F09,777722.699900,657864.230700,1606734.600800,4365.756700,3737.265900,5651.235600
2014,IND,B06,17171.637000,12872.510400,38973.361900,1956.096800,0.011400,893.066500
2014,IND,B0609,19341.463400,14553.351100,51878.839600,2106.980400,0.013300,1008.771800
2014,IND,F,1980292.745700,1599864.199800,3877973.631500,11525.335500,1687.823700,80298.700900
2014,IND,F09,1978122.919300,1598183.359100,3865068.153800,11374.451900,1687.821800,80182.995600
2014,IRL,B06,115.147800,38.989800,161.958400,0.267700,0.191500,4.594700
2014,IRL,B0609,123.972200,42.878400,190.263400,0.297700,0.214200,4.824800
2014,IRL,F,302009.324600,145141.618500,546015.489000,619.687200,446.730800,6369.339100
2014,IRL,F09,302000.500200,145137.729900,545987.184000,619.657200,446.708100,6369.109000
2014,ISL,B06,0.277200,0.185800,0.819000,0.014500,0.003400,0.014600
2014,ISL,B0609,0.296800,0.201000,0.898200,0.015000,0.003600,0.015900
2014,ISL,F,16860.656000,12166.984200,33491.954700,396.335100,133.977700,607.998800
2014,ISL,F09,16860.636400,12166.969000,33491.875500,396.334600,133.977500,607.997500
2014,ISR,B06,181.636600,145.345100,521.793400,0.625900,0.509100,6.894100
2014,ISR,B0609,274.821100,220.198900,730.887600,0.951700,0.777500,10.425700
2014,ISR,F,244477.491900,195773.061100,532588.033300,2418.408000,1480.633600,7394.621700
2014,ISR,F09,244384.307400,195698.207300,532378.939100,2418.082200,1480.365200,7391.090100
2014,ITA,B06,7005.809800,5228.085000,12296.623700,36.382700,23.769300,304.667000
2014,ITA,B0609,7059.505000,5270.736900,12874.166900,37.114400,24.068900,308.661500
2014,ITA,F,2115050.247400,1778012.611400,4127635.197500,12356.584800,7468.167800,74313.005500
2014,ITA,F09,2114996.552200,1777969.959500,4127057.654300,12355.853100,7467.868200,74309.011000
2014,JOR,B06,157.603300,94.215500,413.024500,2.656100,0.003100,4.179500
2014,JOR,B0609,229.774100,143.447900,601.412500,3.343600,0.005200,7.064800
2014,JOR,F,34426.650400,21869.413000,67849.808100,197.781100,32.988500,566.455200
2014,JOR,F09,34354.479600,21820.180600,67661.420100,197.093600,32.986400,563.569900
2014,JPN,B06,729.966000,674.365400,1325.420700,4.118900,2.912300,30.112500
2014,JPN,B0609,1815.883000,1571.276700,3291.865200,16.080000,5.646900,179.233600
2014,JPN,F,4374353.246400,3713983.465200,9077432.131300,53186.384000,32128.283200,151584.041500
2014,JPN,F09,4373267.329400,3713086.553900,9075465.686800,53174.422900,32125.548600,151434.920400
2014,KAZ,B06,24704.544500,23150.426700,51392.465700,17.897100,9.855700,337.552100
2014,KAZ,B0609,26376.881400,24483.505000,55240.835400,21.526000,11.015500,604.686200
2014,KAZ,F,111525.652000,92601.399300,293875.172200,891.877000,170.605900,4119.270600
2014,KAZ,F09,109853.315100,91268.321000,290026.802500,888.248100,169.446100,3852.136500
2014,KHM,B06,0.000000,0.000000,0.000000,0.000000,0.000000,0.000000
2014,KHM,B0609,19.997800,16.067200,48.503400,0.165300,0.000700,0.284300
2014,KHM,F,13072.656300,7694.601200,29430.366000,174.364700,18.494300,304.526300
2014,KHM,F09,13052.658500,7678.534000,29381.862600,174.199400,18.493600,304.242000
2014,KOR,B06,89.521200,50.175600,212.398800,4.417000,3.354000,3.092600
2014,KOR,B0609,98.592900,56.510000,242.484000,4.647800,3.529700,3.675000
2014,KOR,F,2087107.033300,1590217.572200,3505362.813200,38844.938700,29781.895100,55870.095500
2014,KOR,F09,2087097.961600,1590211.237800,3505332.728000,38844.707900,29781.719400,55869.513100
2014,LAO,B06,25.057100,21.392200,174.081200,0.024600,0.012700,0.524100
2014,LAO,B0609,80.145500,70.049800,347.117700,0.070800,0.038000,1.357900
2014,LAO,F,7881.760500,6424.381700,20039.323500,13.781400,7.729400,212.103300
2014,LAO,F09,7826.672100,6375.724100,19866.287000,13.735200,7.704100,211.269500
2014,LTU,B06,48.250500,34.166100,113.271300,0.085000,0.041400,1.680400
2014,LTU,B0609,51.748700,36.530700,140.260600,0.102900,0.042200,1.879100
2014,LTU,F,38709.747500,23181.281200,84694.821200,439.729400,50.834500,2104.580300
2014,LTU,F09,38706.249300,23178.916600,84667.831900,439.711500,50.833700,2104.381600
2014,LUX,B06,0.000000,0.000000,0.000000,0.000000,0.000000,0.000000
2014,LUX,B0609,0.000000,0.000000,0.000000,0.000000,0.000000,0.000000
2014,LUX,F,146436.158600,68751.292300,211213.107600,436.022500,43.782100,3300.851000
2014,LUX,F09,146436.158600,68751.292300,211213.107600,436.022500,43.782100,3300.851000
2014,LVA,B06,0.000000,0.000000,0.000000,0.000000,0.000000,0.000000
2014,LVA,B0609,0.991400,0.604900,2.167000,0.008100,0.002200,0.247200
2014,LVA,F,33523.300000,25922.014500,62506.694100,204.325200,70.052600,1346.374300
2014,LVA,F09,33522.308600,25921.409600,62504.527100,204.317100,70.050400,1346.127100
2014,MAR,B06,6.253400,3.498300,23.595900,0.331200,0.003100,0.353300
2014,MAR,B0609,13.872000,8.417400,93.087800,0.515400,0.006300,0.939500
2014,MAR,F,99744.941600,72574.147400,211447.207100,1218.593900,168.383900,3390.079000
2014,MAR,F09,99737.323000,72569.228300,211377.715200,1218.409700,168.380700,3389.492800
2014,MEX,B06,9522.775800,8089.110900,73746.322600,167.309500,0.020700,205.387100
2014,MEX,B0609,17411.198800,14680.886900,87185.661800,229.509600,0.042800,425.761100
2014,MEX,F,1006724.510000,773579.972100,2276859.232900,4930.601400,518.444200,17290.432700
2014,MEX,F09,998836.087000,766988.196100,2263419.893700,4868.401300,518.422100,17070.058700
2014,MLT,B06,8.655000,4.968000,13.160900,0.047300,0.004300,0.345700
2014,MLT,B0609,15.555500,8.968900,22.466800,0.075700,0.007400,0.619600
2014,MLT,F,19583.761200,13334.057900,30519.982900,130.764300,26.266900,440.786700
2014,MLT,F09,19576.860700,13330.057000,30510.677000,130.735900,26.263800,440.512800
2014,MMR,B06,2477.507000,1918.261100,4267.902800,250.863900,130.337300,33.899300
2014,MMR,B0609,2494.411400,1931.822300,4299.124000,251.623300,130.746600,34.175900
2014,MMR,F,76371.690200,71050.337200,134491.502100,1109.212600,681.044500,315.715600
2014,MMR,F09,76354.785800,71036.776000,134460.280900,1108.453200,680.635200,315.439000
2014,MYS,B06,23137.273200,16908.146700,38430.128300,266.977000,136.075700,139.663100
2014,MYS,B0609,24753.283200,18049.323400,42377.035600,279.619300,143.899300,151.710100
2014,MYS,F,391166.713500,271919.380900,712478.461300,2746.691000,1770.192400,2048.832300
2014,MYS,F09,389550.703500,270778.204200,708531.554000,2734.048700,1762.368800,2036.785300
2014,NGA,B06,24590.176200,22287.877700,86212.035800,73.883900,7.592200,407.856100
2014,NGA,B0609,24651.359900,22336.225000,86340.013300,77.651600,7.599100,408.916400
2014,NGA,F,381903.486000,351189.393900,889596.155800,5159.446500,101.595600,5979.233500
2014,NGA,F09,381842.302300,351141.046600,889468.178300,5155.678800,101.588700,5978.173200
2014,NLD,B06,5049.711700,3700.155400,25442.376100,3.594800,2.257300,211.653300
2014,NLD,B0609,9492.361500,6853.776900,34097.489400,6.630000,4.127000,365.544900
2014,NLD,F,893693.280800,679982.379900,1703325.580000,5689.577900,3787.289200,27386.185100
2014,NLD,F09,889250.631000,676828.758400,1694670.466700,5686.542700,3785.419500,27232.293500
2014,NOR,B06,10381.561400,8925.663300,102808.529600,116.967700,41.594100,118.643500
2014,NOR,B0609,24291.398700,20693.113100,125170.738700,195.154600,91.414100,454.034000
2014,NOR,F,356071.122500,286026.026900,726296.733800,7641.343900,3753.338300,13519.552400
2014,NOR,F09,342161.285200,274258.577100,703934.524700,7563.157000,3703.518300,13184.161900
2014,NZL,B06,2116.589400,1632.854900,4066.867300,8.372000,6.783600,49.126200
2014,NZL,B0609,2480.589800,1932.739200,4752.989900,9.229800,7.453100,58.972500
2014,NZL,F,196925.785500,172737.824800,381248.030500,269.888400,204.694900,3996.402300
2014,NZL,F09,196561.785100,172437.940500,380561.907900,269.030600,204.025400,3986.556000
2014,PAK,B06,2842.503400,2198.703800,7454.048500,168.203700,119.109900,183.739300
2014,PAK,B0609,3019.921600,2341.466000,7889.806500,173.713400,123.101000,199.638100
2014,PAK,F,195049.314000,172078.730500,418419.147600,3307.201500,2503.881900,1823.798700
2014,PAK,F09,194871.895800,171935.968300,417983.389600,3301.691800,2499.890800,1807.899900
2014,PER,B06,3363.318600,3051.787400,6449.384000,30.928100,29.862600,100.055900
2014,PER,B0609,4319.773000,3844.660700,8800.571300,31.663300,30.403700,125.772400
2014,PER,F,158229.926600,133634.677600,342967.187600,237.314300,204.228800,5211.080200
2014,PER,F09,157273.472200,132841.804300,340616.000300,236.579100,203.687700,5185.363700
2014,PHL,B06,362.145000,220.754900,1218.588800,11.005800,0.046900,12.350800
2014,PHL,B0609,456.079100,288.228200,1453.521100,12.456500,0.065900,16.464200
2014,PHL,F,262583.201900,218072.683000,546554.560700,1961.184000,291.171100,3975.051500
2014,PHL,F09,262489.267800,218005.209700,546319.628400,1959.733300,291.152100,3970.938100
2014,POL,B06,97.812400,64.418100,256.168000,0.333200,0.139200,4.895700
2014,POL,B0609,494.574100,341.678800,1207.958400,1.515100,0.610700,33.171000
2014,POL,F,584894.578700,447279.295700,1084758.709000,1766.167400,667.488600,22677.309200
2014,POL,F09,584497.817000,447002.035000,1083806.918600,1764.985500,667.017100,22649.033900
2014,PRT,B06,0.000000,0.000000,0.000000,0.000000,0.000000,0.000000
2014,PRT,B0609,22.999900,16.312500,73.459300,0.087500,0.048400,1.731000
2014,PRT,F,202418.016800,151043.527900,411610.403700,265.051400,155.891200,8407.917200
2014,PRT,F09,202395.016900,151027.215400,411536.944400,264.963900,155.842800,8406.186200
2014,ROU,B06,1383.151100,1203.223100,2338.240200,15.502800,0.003200,50.519900
2014,ROU,B0609,1881.358900,1634.460100,3236.302800,15.950700,0.386300,68.783200
2014,ROU,F,214042.363900,174104.843900,398480.337600,966.830800,357.536000,8727.403700
2014,ROU,F09,213544.156100,173673.606900,397582.275000,966.382900,357.152900,8709.140400
2014,RUS,B06,14551.539800,13834.341700,148651.865600,47.093400,20.327400,240.925700
2014,RUS,B0609,113438.988200,106975.241300,259043.637700,110.138700,56.173600,2693.245500
2014,RUS,F,1580391.699900,1400582.086700,3310448.491100,5851.397200,2925.478900,72850.087900
2014,RUS,F09,1481504.251500,1307441.187100,3200056.719000,5788.351900,2889.632700,70397.768100
2014,SAU,B06,23888.547700,17331.385200,291588.467900,68.256500,36.999500,88.226800
2014,SAU,B0609,24303.019200,17631.313000,292670.233700,69.485700,37.709300,90.053000
2014,SAU,F,330875.114700,236844.626400,815188.863700,1133.260900,599.947500,1846.768600
2014,SAU,F09,330460.643200,236544.698600,814107.097900,1132.031700,599.237700,1844.942400
2014,SEN,B06,4.821900,3.127600,13.609900,0.902800,0.000400,0.030500
2014,SEN,B0609,27.364400,21.461700,41.266900,1.015900,0.013500,0.620200
2014,SEN,F,13885.481300,10435.035100,32104.106500,504.913600,6.736600,407.395100
2014,SEN,F09,13862.938800,10416.701000,32076.449500,504.800500,6.723500,406.805400
2014,SGP,B06,0.000000,0.000000,0.000000,0.000000,0.000000,0.000000
2014,SGP,B0609,0.000000,0.000000,0.000000,0.000000,0.000000,0.000000
2014,SGP,F,528961.326800,308519.594400,833794.962200,38988.886100,7654.639500,7134.912600
2014,SGP,F09,528961.326800,308519.594400,833794.962200,38988.886100,7654.639500,7134.912600
2014,STP,B06,0.250600,0.130200,0.718900,0.041100,0.000100,-0.000200
2014,STP,B0609,0.409900,0.215600,1.035900,0.053200,0.000200,-0.000500
2014,STP,F,314.547700,216.464500,655.399100,10.576100,0.223500,0.000500
2014,STP,F09,314.388400,216.379100,655.082100,10.564000,0.223400,0.000800
2014,SVK,B06,1.611000,0.919300,2.126800,0.007800,0.002800,0.174400
2014,SVK,B0609,171.780500,108.799400,315.549600,0.172300,0.044200,16.331300
2014,SVK,F,126255.775200,78196.370400,223213.659600,213.231000,73.479000,4751.862500
2014,SVK,F09,126085.605700,78088.490300,222900.236800,213.066500,73.437600,4735.705600
2014,SVN,B06,0.000000,0.000000,0.000000,0.000000,0.000000,0.000000
2014,SVN,B0609,2.867700,1.674100,3.758600,0.010100,0.003400,0.344400
2014,SVN,F,48910.310400,32276.600700,94514.802600,203.939500,45.882100,2432.380200
2014,SVN,F09,48907.442700,32274.926600,94511.044000,203.929400,45.878700,2432.035800
2014,SWE,B06,46.305300,37.116800,71.286600,0.821400,0.374600,4.130100
2014,SWE,B0609,144.785800,118.038400,224.916600,2.852800,1.451800,10.302000
2014,SWE,F,522531.347100,411083.258200,1063550.608700,4962.381300,2645.956900,23608.771800
2014,SWE,F09,522432.866600,411002.336600,1063396.978700,4960.349900,2644.879700,23602.599900
2014,THA,B06,1952.621800,1241.474900,13015.900100,17.242000,10.650500,46.442500
2014,THA,B0609,2077.927500,1326.916500,14387.610900,18.073200,11.184700,60.997200
2014,THA,F,586597.698300,412017.754500,961421.736000,3839.783100,2663.020800,15717.921200
2014,THA,F09,586472.392600,411932.312900,960050.025200,3838.951900,2662.486600,15703.366500
2014,TUN,B06,813.439400,495.098900,2592.532800,15.912800,0.017200,4.884200
2014,TUN,B0609,934.617300,592.763500,2848.732000,16.405400,0.053300,6.399100
2014,TUN,F,38806.681200,25928.372600,81852.659400,573.329200,96.346800,577.420800
2014,TUN,F09,38685.503300,25830.708000,81596.460200,572.836600,96.310700,575.905900
2014,TUR,B06,754.789400,636.668800,2272.247600,10.554800,6.066000,22.233900
2014,TUR,B0609,865.468300,721.431300,2857.013500,11.846100,6.831100,30.797600
2014,TUR,F,895176.372800,736866.761700,1767851.217100,7989.564900,4870.155400,43195.703400
2014,TUR,F09,895065.693900,736781.999200,1767266.451200,7988.273600,4869.390300,43187.139700
2014,TWN,B06,167.486200,94.822600,445.780000,2.378400,2.022500,1.554100
2014,TWN,B0609,600.368300,394.265000,1178.863000,10.616700,8.964400,7.757900
2014,TWN,F,755061.599000,516540.086700,1281634.035500,4942.346400,3728.936800,4542.817000
2014,TWN,F09,754628.716900,516240.644300,1280900.952500,4934.108100,3721.994900,4536.613200
2014,UKR,B06,1953.989400,1378.152500,4180.202400,37.139300,13.995100,92.459600
2014,UKR,B0609,3974.551100,2883.607000,6328.475700,64.902300,24.834700,165.495600
2014,UKR,F,158327.961800,125818.448600,277987.131700,1858.936400,842.463400,5467.294200
2014,UKR,F09,156307.400100,124312.994100,275838.858400,1831.173400,831.623800,5394.258200
2014,USA,B06,194948.254200,161176.340300,462821.785900,2003.875800,995.955200,2582.863000
2014,USA,B0609,266750.207900,227807.911900,615386.908900,2060.282200,1045.405600,4056.950800
2014,USA,F,13864707.770800,12638430.442700,30726021.876100,42276.302200,25910.530500,178349.156500
2014,USA,F09,13792905.817100,12571798.871100,30573456.753100,42219.895800,25861.080100,176875.068700
2014,VNM,B06,4945.635900,3527.175100,10471.120000,59.724400,43.211800,233.265100
2014,VNM,B0609,5452.909500,3924.051700,11362.579200,63.691800,46.436300,277.215200
2014,VNM,F,434808.473000,323235.599400,654154.418700,3193.410500,2539.653200,11957.607200
2014,VNM,F09,434301.199400,322838.722800,653262.959500,3189.443100,2536.428700,11913.657100
2014,ZAF,B06,1502.899900,1277.100500,1759.058200,13.971200,0.019600,41.194800
2014,ZAF,B0609,2210.612400,1904.373800,2706.686900,21.254800,0.051600,101.956200
2014,ZAF,F,418670.810500,347470.532800,776600.694600,3696.504500,206.455200,13361.897900
2014,ZAF,F09,417963.098000,346843.259500,775653.065900,3689.220900,206.423200,13301.136500
2014,ROW,B06,226435.082100,193615.262500,804572.132600,6596.622500,1111.897600,1045.865500
2014,ROW,B0609,260410.230600,221564.176600,886712.449400,7120.019800,1270.988000,1383.656500
2014,ROW,F,2617233.529900,2083519.831600,5916761.115900,39467.953200,17542.140300,40791.055600
2014,ROW,F09,2583258.381400,2055570.917500,5834620.799100,38944.555900,17383.049900,40453.264600
2015,AGO,B06,7956.990700,7584.335700,40363.002000,30.448600,6.412000,1.861900
2015,AGO,B0609,9959.976700,9552.264500,48601.132900,35.601200,8.025600,2.824000
2015,AGO,F,44788.657300,35420.928100,128330.885700,1081.160300,212.553200,82.747600
2015,AGO,F09,42785.671300,33452.999300,120092.754800,1076.007700,210.939600,81.785500
2015,ARE,B06,19589.825900,13062.172000,106150.057900,306.326000,1.543900,46.610800
2015,ARE,B0609,27629.628400,18732.952600,123274.440800,368.453200,2.412200,63.252500
2015,ARE,F,268859.853300,172640.374800,553710.986100,2846.323700,177.099100,684.702900
2015,ARE,F09,260820.050800,166969.594200,536586.603200,2784.196500,176.230800,668.061200
2015,ARG,B06,8758.214600,8029.669800,24632.032200,64.552100,0.638700,592.028500
2015,ARG,B0609,10189.668900,9333.219700,27521.835200,70.946000,1.069600,698.296900
2015,ARG,F,452182.669500,415825.509300,1004481.302600,1182.597400,236.392300,25057.540300
2015,ARG,F09,450751.215200,414521.959400,1001591.499600,1176.203500,235.961400,24951.271900
2015,AUS,B06,10802.052300,9972.268200,29033.172900,535.168700,519.602800,160.483200
2015,AUS,B0609,15741.695300,14443.047400,39703.490700,558.881600,541.726500,215.129800
2015,AUS,F,1120871.910600,1013149.728200,2272011.613400,3999.871500,3651.091900,21680.756400
2015,AUS,F09,1115932.267600,1008678.949000,2261341.295600,3976.158600,3628.968200,21626.109800
2015,AUT,B06,300.407500,113.632500,1072.517600,1.101300,0.275400,10.612300
2015,AUT,B0609,356.642400,156.497900,1184.982500,1.271100,0.277300,13.087600
2015,AUT,F,353836.183200,263561.996300,704548.510900,1400.910900,90.062700,10613.646300
2015,AUT,F09,353779.948300,263519.130900,704436.046000,1400.741100,90.060800,10611.171000
2015,BEL,B06,0.000000,0.000000,0.000000,0.000000,0.000000,0.000000
2015,BEL,B0609,11.721400,7.388400,13.911700,0.016700,0.009800,0.530800
2015,BEL,F,510035.869900,348173.671700,940033.019100,2467.525400,245.569300,15813.723400
2015,BEL,F09,510024.148500,348166.283300,940019.107400,2467.508700,245.559500,15813.192600
2015,BGD,B06,1020.345900,850.935600,3230.782700,65.642700,32.842400,6.164600
2015,BGD,B0609,1086.218400,904.549200,3386.198900,68.928000,34.525400,7.010800
2015,BGD,F,129510.855200,107656.344000,306128.612700,3988.167500,2231.899900,2112.713600
2015,BGD,F09,129444.982700,107602.730400,305973.196500,3984.882200,2230.216900,2111.867400
2015,BGR,B06,14.338400,5.795900,45.459900,0.272100,0.013500,1.856400
2015,BGR,B0609,30.085200,14.912200,63.036600,0.476200,0.020400,3.109200
2015,BGR,F,60309.281700,41636.970900,106909.121400,578.318200,87.607500,2783.574600
2015,BGR,F09,60293.534900,41627.854600,106891.544700,578.114100,87.600600,2782.321800
2015,BLR,B06,119.215700,34.191700,449.716300,1.192800,0.309800,25.941600
2015,BLR,B0609,160.460400,54.249300,582.497200,1.557300,0.395300,33.810300
2015,BLR,F,52271.696200,33462.253100,105228.638400,452.776400,127.271900,4305.052800
2015,BLR,F09,52230.451500,33442.195500,105095.857500,452.411900,127.186400,4297.184100
2015,BRA,B06,30218.940600,24541.419000,53147.764500,2178.082400,689.729200,2181.159000
2015,BRA,B0609,33852.041000,27809.835200,59865.404400,2190.088200,694.978900,2465.320800
2015,BRA,F,1412293.058400,1276885.367800,3021130.016100,4744.135000,2233.658700,79914.987000
2015,BRA,F09,1408659.958000,1273616.951600,3014412.376200,4732.129200,2228.409000,79630.825200
2015,BRN,B06,1914.956900,1622.931000,5665.005700,33.520300,31.449200,-32.147300
2015,BRN,B0609,2326.346300,1959.263300,6612.447400,40.501600,37.918800,-38.792300
2015,BRN,F,9890.649900,8655.769000,19268.248200,160.451900,152.863300,-133.337600
2015,BRN,F09,9479.260500,8319.436700,18320.806500,153.470600,146.393700,-126.692600
2015,CAN,B06,33966.269100,28063.887200,72850.954800,43.742700,27.565600,419.256900
2015,CAN,B0609,41602.326000,33835.642200,92419.444700,59.679800,37.337700,605.505200
2015,CAN,F,1243326.989300,989599.132400,2678796.295100,5317.950900,1259.334000,21921.305500
2015,CAN,F09,1235690.932400,983827.377400,2659227.805200,5302.013800,1249.561900,21735.057200
2015,CHE,B06,4.573000,3.535200,8.342200,0.072100,0.050600,0.082500
2015,CHE,B0609,19.146800,15.105400,37.020300,0.205900,0.151600,0.371500
2015,CHE,F,722816.442700,568506.790100,1402655.032100,10319.572700,7565.070100,7523.812500
2015,CHE,F09,722801.868900,568495.219900,1402626.354000,10319.438900,7564.969100,7523.523500
2015,CHL,B06,112.807500,96.336900,159.534400,0.743800,0.054600,1.899200
2015,CHL,B0609,350.972400,294.120900,822.839100,2.091000,0.439900,10.884100
2015,CHL,F,206355.549600,173014.575400,430641.886600,1837.248700,391.541600,6241.985000
2015,CHL,F09,206117.384700,172816.791400,429978.581900,1835.901500,391.156300,6233.000100
2015,CHN,B06,122602.489800,117487.858300,237034.725200,576.837000,507.762100,9556.294800
2015,CHN,B0609,140636.089800,134176.828300,262626.922900,655.011100,567.722700,10357.225300
2015,CHN,F,20415856.193100,19161602.738100,30918082.658700,161520.128800,120424.049400,425075.608300
2015,CHN,F09,20397822.593100,19144913.768100,30892490.461000,161441.954700,120364.088800,424274.677800
2015,CIV,B06,45.977600,34.985100,75.732900,0.183000,0.025600,0.320500
2015,CIV,B0609,63.302300,48.721800,100.300800,0.230800,0.033900,0.465700
2015,CIV,F,27440.382100,23497.597600,70591.319200,159.002000,43.781500,780.471600
2015,CIV,F09,27423.057400,23483.860900,70566.751300,158.954200,43.773200,780.326400
2015,CMR,B06,508.642400,251.623900,1625.361000,4.128200,3.421700,16.755900
2015,CMR,B0609,590.574000,297.661700,1846.489300,4.681400,3.871400,20.407200
2015,CMR,F,15954.698400,12635.358500,45233.483300,208.115300,148.181500,811.925700
2015,CMR,F09,15872.766800,12589.320700,45012.355000,207.562100,147.731800,808.274400
2015,COD,B06,37.930300,26.830300,179.731200,0.682600,0.049700,1.219400
2015,COD,B0609,104.484400,77.517100,401.137200,1.441700,0.349000,3.594600
2015,COD,F,17225.065000,11770.709300,53073.969500,293.022600,83.111700,705.522300
2015,COD,F09,17158.510900,11720.022500,52852.563500,292.263500,82.812400,703.147100
2015,COL,B06,8813.181200,6999.574800,21625.496500,876.472600,0.225100,1286.352000
2015,COL,B0609,8870.087700,7049.701600,21752.448200,876.516400,0.254400,1288.323100
2015,COL,F,240168.347100,208926.075800,503928.770900,406.943000,113.029700,8823.579700
2015,COL,F09,240111.440600,208875.949000,503801.819200,406.899200,113.000400,8821.608600
2015,CRI,B06,0.304000,0.232500,1.143900,0.012000,0.007100,0.036400
2015,CRI,B0609,0.496900,0.385800,1.641200,0.017000,0.010100,0.057400
2015,CRI,F,38203.946100,30196.522200,91739.926500,1191.445100,691.107500,1587.077300
2015,CRI,F09,38203.753200,30196.368900,91739.429200,1191.440100,691.104500,1587.056300
2015,CYP,B06,10.422400,6.494400,20.919400,4.209700,4.191800,0.230500
2015,CYP,B0609,10.696400,6.641600,21.365400,4.210300,4.192300,0.243700
2015,CYP,F,18029.534500,11166.362600,36002.557600,1235.222900,1219.649900,544.781000
2015,CYP,F09,18029.260500,11166.215400,36002.111600,1235.222300,1219.649400,544.767800
2015,CZE,B06,22.559100,19.244000,227.609500,0.541600,0.291900,0.191600
2015,CZE,B0609,108.799600,82.231700,395.813600,0.596800,0.301300,5.353600
2015,CZE,F,256823.151900,174699.913000,432442.627500,344.421500,134.483700,6273.627000
2015,CZE,F09,256736.911400,174636.925300,432274.423400,344.366300,134.474300,6268.465000
2015,DEU,B06,1492.969300,656.502200,2285.633000,6.171100,4.630900,79.558000
2015,DEU,B0609,1760.330100,856.477400,2726.320600,7.293300,5.305400,94.895500
2015,DEU,F,3074698.529700,2434215.733600,6183024.187600,12290.595800,6700.205400,88920.844800
2015,DEU,F09,3074431.168900,2434015.758400,6182583.500000,12289.473600,6699.530900,88905.507300
2015,DNK,B06,1236.134600,698.175900,3691.946600,28.031300,12.397500,47.070000
2015,DNK,B0609,1443.409500,825.170600,4081.735400,33.240200,14.652200,56.957900
2015,DNK,F,252309.652700,173160.052800,523949.413400,3389.785600,1474.419700,11391.986100
2015,DNK,F09,252102.377800,173033.058100,523559.624600,3384.576700,1472.165000,11382.098200
2015,EGY,B06,3607.518100,3252.481000,36438.339500,195.113500,105.247600,-28.037300
2015,EGY,B0609,3969.495500,3573.948200,37966.255800,211.208000,114.040700,-33.216400
2015,EGY,F,170917.327400,145398.446300,469786.957700,7502.442700,4243.315100,-2521.500300
2015,EGY,F09,170555.350000,145076.979100,468259.041400,7486.348200,4234.522000,-2516.321200
2015,ESP,B06,78.541300,66.785500,151.403400,0.046000,0.019900,4.063500
2015,ESP,B0609,127.154300,104.111300,275.559000,0.631300,0.284200,7.692100
2015,ESP,F,1019824.994300,829354.749500,2133357.433100,1696.206200,773.873200,27419.478000
2015,ESP,F09,1019776.381300,829317.423700,2133233.277500,1695.620900,773.608900,27415.849400
2015,EST,B06,108.672600,56.671100,288.336300,0.941100,0.336200,12.748900
2015,EST,B0609,109.596400,57.156200,290.756000,0.948800,0.339600,12.850800
2015,EST,F,24385.319300,15826.041000,45109.324100,168.819600,111.236400,1040.554400
2015,EST,F09,24384.395500,15825.555900,45106.904400,168.811900,111.233000,1040.452500
2015,FIN,B06,0.000000,0.000000,0.000000,0.000000,0.000000,0.000000
2015,FIN,B0609,69.385300,40.147600,114.304000,0.306700,0.225200,2.503200
2015,FIN,F,216342.474300,167336.032400,428508.503500,969.972000,791.887000,9569.632700
2015,FIN,F09,216273.089000,167295.884800,428394.199500,969.665300,791.661800,9567.129500
2015,FRA,B06,155.502400,128.643700,358.827900,0.504700,0.274000,8.445900
2015,FRA,B0609,302.268000,234.350300,654.829500,1.027700,0.563500,20.707400
2015,FRA,F,2056019.311900,1671720.597600,4318008.561000,2882.220900,1673.136700,79253.987000
2015,FRA,F09,2055872.546300,1671614.891000,4317712.559400,2881.697900,1672.847200,79241.725500
2015,GBR,B06,18051.989000,13885.454300,32263.075900,318.429700,212.046000,501.204800
2015,GBR,B0609,24958.729400,19716.136000,42873.693000,342.654200,228.442100,704.558100
2015,GBR,F,2299750.516000,1954318.289000,4981065.553000,8199.928800,5772.424200,84004.795300
2015,GBR,F09,2292843.775600,1948487.607300,4970454.935900,8175.704300,5756.028100,83801.442000
2015,GRC,B06,46.394300,38.802700,63.701100,1.127900,0.087000,2.073700
2015,GRC,B0609,55.493800,45.818300,123.778200,1.495100,0.124300,2.642300
2015,GRC,F,141948.862500,107874.492900,319155.810400,5044.691100,856.028000,4320.082900
2015,GRC,F09,141939.763000,107867.477300,319095.733300,5044.323900,855.990700,4319.514300
2015,HKG,B06,0.000000,0.000000,0.000000,0.000000,0.000000,0.000000
2015,HKG,B0609,253.537500,167.857200,292.931100,7.706300,6.601200,0.300700
2015,HKG,F,271667.785200,218589.711700,575844.232600,17576.595700,9923.271600,4186.629800
2015,HKG,F09,271414.247700,218421.854500,575551.301500,17568.889400,9916.670400,4186.329100
2015,HRV,B06,25.529400,11.834700,111.595300,0.083700,0.072000,1.971800
2015,HRV,B0609,189.392600,143.992300,378.047800,0.116600,0.090500,7.842100
2015,HRV,F,40447.871000,29149.033800,84489.569100,128.086200,115.241800,1972.310600
2015,HRV,F09,40284.007800,29016.876200,84223.116600,128.053300,115.223300,1966.440300
2015,HUN,B06,17.407200,9.514900,31.155800,0.019200,0.006700,1.033500
2015,HUN,B0609,60.069500,33.543000,123.954300,0.045600,0.011100,3.251300
2015,HUN,F,136020.600100,73134.646900,247900.124800,202.650400,76.595900,6360.581200
2015,HUN,F09,135977.937800,73110.618800,247807.326300,202.624000,76.591500,6358.363400
2015,IDN,B06,21408.773100,18132.160100,49026.492400,169.796000,147.258800,146.970200
2015,IDN,B0609,22377.463100,18964.567400,54094.114100,175.590700,152.169700,154.824300
2015,IDN,F,741879.086900,644734.024900,1554355.563000,4167.520000,3632.134300,6213.128500
2015,IDN,F09,740910.396900,643901.617600,1549287.941300,4161.725300,3627.223400,6205.274400
2015,IND,B06,12167.627300,8675.793900,30779.107300,1741.956700,0.004800,575.544000
2015,IND,B0609,15699.153900,11455.719900,43967.912500,1993.144200,0.007100,783.948000
2015,IND,F,1894422.779400,1567842.560900,3881500.676100,11009.350600,1808.960500,86708.041900
2015,IND,F09,1890891.252800,1565062.634900,3868311.870900,10758.163100,1808.958200,86499.637900
2015,IRL,B06,82.275600,11.606500,98.016200,0.225400,0.081400,0.939700
2015,IRL,B0609,90.409400,14.283500,114.844400,0.244700,0.091300,1.082300
2015,IRL,F,287586.897700,118473.839500,564212.172200,523.032700,264.855800,5191.165600
2015,IRL,F09,287578.763900,118471.162500,564195.344000,523.013400,264.845900,5191.023000
2015,ISL,B06,0.348600,0.240700,0.888800,0.016300,0.004300,0.019500
2015,ISL,B0609,0.375900,0.262300,0.976300,0.016900,0.004600,0.021400
2015,ISL,F,16089.460700,11720.106200,32406.866000,378.660800,137.449400,598.489900
2015,ISL,F09,16089.433400,11720.084600,32406.778500,378.660200,137.449100,598.488000
2015,ISR,B06,232.311800,186.132500,595.411300,5.568100,2.688000,11.768300
2015,ISR,B0609,312.629100,249.868100,818.800800,6.563700,3.227300,16.377200
2015,ISR,F,229406.868700,185251.701700,507942.333300,2297.786300,1371.435700,6745.142100
2015,ISR,F09,229326.551400,185187.966100,507718.943800,2296.790700,1370.896400,6740.533200
2015,ITA,B06,5671.479700,4646.270700,8863.744100,41.391200,31.640900,233.075200
2015,ITA,B0609,5759.900200,4716.664200,9529.538800,42.805900,32.137800,239.843300
2015,ITA,F,1777401.663400,1495627.955800,3483827.779800,10326.532900,6077.244600,58374.733500
2015,ITA,F09,1777313.242900,1495557.562300,3483161.985100,10325.118200,6076.747700,58367.965400
2015,JOR,B06,126.107500,74.173700,393.055100,1.960500,0.002800,3.270900
2015,JOR,B0609,184.091600,114.813300,572.334700,2.545500,0.004900,5.625800
2015,JOR,F,30635.431500,19585.289400,65647.678600,195.256700,29.110300,555.497700
2015,JOR,F09,30577.447400,19544.649800,65468.399000,194.671700,29.108200,553.142800
2015,JPN,B06,700.611200,646.358100,1168.694400,3.918700,2.708400,31.325900
2015,JPN,B0609,1613.189100,1430.598900,2902.613800,13.295300,3.833200,186.897000
2015,JPN,F,3760737.931000,3256780.731900,8019354.290400,44531.137200,25041.181800,141596.011000
2015,JPN,F09,3759825.353100,3255996.491100,8017620.371000,44521.760600,25040.057000,141440.439900
2015,KAZ,B06,10034.951200,9589.436200,26567.271900,10.526400,6.747100,86.260100
2015,KAZ,B0609,10873.555200,10290.217800,28956.146800,12.328300,7.380800,169.063600
2015,KAZ,F,100564.593600,85427.649100,261892.803200,802.818700,137.745100,2857.534900
2015,KAZ,F09,99725.989600,84726.867500,259503.928300,801.016800,137.111400,2774.731400
2015,KHM,B06,0.000000,0.000000,0.000000,0.000000,0.000000,0.000000
2015,KHM,B0609,24.154100,20.592300,55.004900,0.143900,0.000600,0.282600
2015,KHM,F,14048.742700,8216.473400,31800.631100,174.116100,21.044100,358.020700
2015,KHM,F09,14024.588600,8195.881100,31745.626200,173.972200,21.043500,357.738100
2015,KOR,B06,37.257700,30.915700,95.688000,0.072500,0.057900,0.787400
2015,KOR,B0609,42.274300,34.841700,112.773500,0.140500,0.109100,1.121700
2015,KOR,F,1901621.591300,1503104.667900,3296265.689600,30098.909800,22686.410500,50142.546300
2015,KOR,F09,1901616.574700,1503100.741900,3296248.604100,30098.841800,22686.359300,50142.212000
2015,LAO,B06,27.621200,24.896400,183.600700,0.019000,0.011500,0.792100
2015,LAO,B0609,85.754100,77.744400,367.210600,0.056800,0.034500,2.041400
2015,LAO,F,8387.272900,7180.586300,21429.977400,11.646600,7.222500,280.676400
2015,LAO,F09,8329.140000,7127.738300,21246.367500,11.608800,7.199500,279.427100
2015,LTU,B06,37.170200,24.769300,82.369900,0.077600,0.037200,1.312600
2015,LTU,B0609,40.477700,26.829400,101.996300,0.096300,0.037800,1.492200
2015,LTU,F,32881.454000,19521.857100,71745.404500,363.505900,39.290900,1582.831800
2015,LTU,F09,32878.146500,19519.797000,71725.778100,363.487200,39.290300,1582.652200
2015,LUX,B06,0.000000,0.000000,0.000000,0.000000,0.000000,0.000000
2015,LUX,B0609,0.000000,0.000000,0.000000,0.000000,0.000000,0.000000
2015,LUX,F,140572.857500,67594.225900,197797.940300,346.076200,33.283100,2239.302800
2015,LUX,F09,140572.857500,67594.225900,197797.940300,346.076200,33.283100,2239.302800
2015,LVA,B06,0.000000,0.000000,0.000000,0.000000,0.000000,0.000000
2015,LVA,B0609,0.341200,0.216100,0.774700,0.002500,0.000800,0.087300
2015,LVA,F,27218.797200,21072.306200,52349.667600,175.294900,61.798900,1150.105700
2015,LVA,F09,27218.456000,21072.090100,52348.892900,175.292400,61.798100,1150.018400
2015,MAR,B06,4.308700,2.358700,20.278500,0.221200,0.001800,0.353700
2015,MAR,B0609,10.792900,6.512300,81.974700,0.393600,0.004100,1.066000
2015,MAR,F,82223.945400,61244.011700,185449.379600,1059.713700,113.967800,4263.458200
2015,MAR,F09,82217.461200,61239.858100,185387.683400,1059.541300,113.965500,4262.745900
2015,MEX,B06,6492.558600,5343.861800,34210.466000,117.039800,0.025600,126.151600
2015,MEX,B0609,13047.425100,10688.324100,45300.304300,172.857300,0.054500,273.113200
2015,MEX,F,895122.031800,662361.585800,2051350.414100,4802.115700,500.701800,16922.890800
2015,MEX,F09,888567.165300,657017.123500,2040260.575800,4746.298200,500.672900,16775.929200
2015,MLT,B06,8.343200,3.697500,12.573700,0.050800,0.001200,0.221400
2015,MLT,B0609,14.679000,6.642000,20.547200,0.087600,0.002200,0.409200
2015,MLT,F,18763.638300,11462.475700,29273.502700,104.992100,17.424100,403.674800
2015,MLT,F09,18757.302500,11459.531200,29265.529200,104.955300,17.423100,403.487000
2015,MMR,B06,2334.572100,1773.894500,3960.624700,213.450000,113.799000,29.634300
2015,MMR,B0609,2351.090300,1786.993500,3990.750400,214.190000,114.207400,29.878000
2015,MMR,F,73147.920800,67302.733700,128408.092400,1015.711700,641.477600,274.684400
2015,MMR,F09,73131.402600,67289.634700,128377.966700,1014.971700,641.069200,274.440700
2015,MYS,B06,26070.477600,20425.471100,37581.209900,202.263900,103.845000,170.808100
2015,MYS,B0609,27869.386300,21709.877100,41455.856500,241.311900,122.191800,179.511700
2015,MYS,F,402535.825700,291107.217100,691122.506200,3440.767900,2180.141500,2335.189300
2015,MYS,F09,400736.917000,289822.811100,687247.859600,3401.719900,2161.794700,2326.485700
2015,NGA,B06,12830.381700,10550.616100,45165.917600,940.281500,1.522200,148.537600
2015,NGA,B0609,12888.333900,10599.917500,45280.823400,942.407800,1.528600,149.350800
2015,NGA,F,348014.976800,326117.674000,810228.501900,3091.765200,105.290400,3965.154600
2015,NGA,F09,347957.024600,326068.372600,810113.596100,3089.638900,105.284000,3964.341400
2015,NLD,B06,3276.308500,2431.018300,16375.646500,20.753500,13.732900,160.392000
2015,NLD,B0609,6553.988000,4309.331800,22206.026200,22.061800,14.668800,203.678300
2015,NLD,F,771371.468900,530322.207200,1468505.001400,3749.716000,1905.536300,21524.770700
2015,NLD,F09,768093.789400,528443.893700,1462674.621700,3748.407700,1904.600400,21481.484400
2015,NOR,B06,6404.481900,5489.628200,64670.836300,69.941800,34.502700,59.470300
2015,NOR,B0609,17492.300000,14941.076100,82066.344800,138.842000,89.425500,286.548400
2015,NOR,F,284141.498400,225976.741300,582599.763900,7196.521800,4109.024900,10955.064200
2015,NOR,F09,273053.680300,216525.293400,565204.255400,7127.621600,4054.102100,10727.986100
2015,NZL,B06,1521.166000,1147.521300,2645.019600,6.964800,5.680500,36.946600
2015,NZL,B0609,1771.886100,1354.092100,3143.781400,7.667800,6.238600,43.848900
2015,NZL,F,176827.860700,154932.582500,347762.265700,280.830500,216.199000,3562.689300
2015,NZL,F09,176577.140600,154726.011700,347263.503900,280.127500,215.640900,3555.787000
2015,PAK,B06,3220.668700,2562.868400,8251.220900,165.336700,126.028800,215.109500
2015,PAK,B0609,3403.311800,2712.288100,8711.252300,170.882800,130.322700,232.512800
2015,PAK,F,197687.134600,176247.904000,439024.674800,3609.594700,2886.811400,2038.763700
2015,PAK,F09,197504.491500,176098.484300,438564.643400,3604.048600,2882.517500,2021.360400
2015,PER,B06,1766.453200,1592.692100,2892.090500,14.801500,14.182800,49.578400
2015,PER,B0609,2640.526800,2331.269600,4727.832300,15.523600,14.740900,69.957700
2015,PER,F,145290.708900,123597.265300,322196.296000,217.958000,186.597800,4451.776100
2015,PER,F09,144416.635300,122858.687800,320360.554200,217.235900,186.039700,4431.396800
2015,PHL,B06,302.968100,210.700900,882.558700,7.938300,0.040800,9.997200
2015,PHL,B0609,443.591200,315.998800,1256.356800,9.796100,0.066300,15.657700
2015,PHL,F,268941.853700,219772.096800,561081.746100,1875.179000,304.995500,4138.128200
2015,PHL,F09,268801.230600,219666.798900,560707.948000,1873.321200,304.970000,4132.467700
2015,POL,B06,89.278700,59.766100,211.161600,0.247200,0.087200,4.199100
2015,POL,B0609,314.155400,214.084300,988.958100,0.821300,0.276900,19.435600
2015,POL,F,510429.161100,393449.976300,951525.673300,1382.322500,355.714400,17978.180500
2015,POL,F09,510204.284400,393295.658100,950747.876800,1381.748400,355.524700,17962.944000
2015,PRT,B06,0.000000,0.000000,0.000000,0.000000,0.000000,0.000000
2015,PRT,B0609,25.938600,17.681700,62.157600,0.089100,0.052400,1.865800
2015,PRT,F,171861.948500,129035.881000,352639.775700,222.134500,129.392500,7119.389400
2015,PRT,F09,171836.009900,129018.199300,352577.618100,222.045400,129.340100,7117.523600
2015,ROU,B06,772.864400,655.171000,1880.642100,9.448000,0.002100,29.259100
2015,ROU,B0609,1161.674200,988.528900,2546.304900,9.785000,0.286300,45.424500
2015,ROU,F,182938.445200,145935.728900,345526.294500,868.910800,295.003900,7412.612300
2015,ROU,F09,182549.635400,145602.371000,344860.631700,868.573800,294.719700,7396.446900
2015,RUS,B06,10716.624000,10120.658900,108984.222300,44.183900,18.571000,121.400700
2015,RUS,B0609,82720.307600,77686.149200,188704.550700,93.783300,50.485000,1191.251500
2015,RUS,F,1128500.609300,1001963.032000,2285683.321400,4766.413300,2335.311700,30789.934300
2015,RUS,F09,1056496.925700,934397.541700,2205962.993000,4716.813900,2303.397700,29720.083500
2015,SAU,B06,12399.953400,5950.020800,157513.693600,50.954000,23.866000,52.575500
2015,SAU,B0609,12767.562300,6134.243200,158480.871200,52.129300,24.480500,55.004400
2015,SAU,F,293586.035800,208422.903300,797662.963000,991.079700,539.679500,1799.877400
2015,SAU,F09,293218.426900,208238.680900,796695.785400,989.904400,539.065000,1797.448500
2015,SEN,B06,4.169700,2.988400,9.185500,0.456300,0.000400,0.028700
2015,SEN,B0609,16.905000,14.001500,25.187500,0.518300,0.004400,0.347300
2015,SEN,F,12255.278800,9518.381600,28481.398700,423.636200,5.597800,351.443500
2015,SEN,F09,12242.543500,9507.368500,28465.396700,423.574200,5.593800,351.124900
2015,SGP,B06,0.000000,0.000000,0.000000,0.000000,0.000000,0.000000
2015,SGP,B0609,0.000000,0.000000,0.000000,0.000000,0.000000,0.000000
2015,SGP,F,488012.141500,253377.355900,787252.163600,33233.841300,7144.580800,7528.076400
2015,SGP,F09,488012.141500,253377.355900,787252.163600,33233.841300,7144.580800,7528.076400
2015,STP,B06,0.202900,0.125600,0.631100,0.030200,0.000200,0.003100
2015,STP,B0609,0.337600,0.211100,0.924400,0.040300,0.000300,0.005900
2015,STP,F,282.601400,213.988000,596.730300,8.640600,0.371900,3.105500
2015,STP,F09,282.466700,213.902500,596.437000,8.630500,0.371800,3.102700
2015,SVK,B06,0.733100,0.072900,1.223200,0.003300,0.001400,0.198600
2015,SVK,B0609,156.654800,141.475700,279.713600,0.031500,0.016700,6.256600
2015,SVK,F,114371.108300,71266.424800,198737.879700,169.691900,59.180200,4101.684300
2015,SVK,F09,114215.186600,71125.022000,198459.389300,169.663700,59.164900,4095.626300
2015,SVN,B06,0.000000,0.000000,0.000000,0.000000,0.000000,0.000000
2015,SVN,B0609,5.092100,3.069400,6.179700,0.013600,0.004000,0.613500
2015,SVN,F,41778.134300,27622.881100,81115.096600,144.836300,30.064200,2072.887100
2015,SVN,F09,41773.042200,27619.811700,81108.916900,144.822700,30.060200,2072.273600
2015,SWE,B06,38.928100,32.446200,60.706600,0.378000,0.193600,3.680900
2015,SWE,B0609,137.516300,116.642400,172.394600,1.473700,0.842500,10.790800
2015,SWE,F,437743.332900,344092.424100,907365.526900,3937.258300,2114.291300,20545.185700
2015,SWE,F09,437644.744700,344008.227900,907253.838900,3936.162600,2113.642400,20538.075800
2015,THA,B06,2960.353100,2118.093300,11779.652400,4.966100,3.796100,118.195800
2015,THA,B0609,3104.638800,2230.627800,13346.542100,5.350000,4.012500,133.116600
2015,THA,F,540737.183000,388754.742000,910160.525300,2974.068400,2142.099900,16104.415700
2015,THA,F09,540592.897300,388642.207500,908593.635600,2973.684500,2141.883500,16089.494900
2015,TUN,B06,667.366900,413.328300,1847.743100,19.825300,0.004800,5.680800
2015,TUN,B0609,778.257800,495.865600,2071.942100,20.377700,0.124500,7.930100
2015,TUN,F,34052.534400,22696.279800,73680.894000,477.497700,106.764500,812.030000
2015,TUN,F09,33941.643500,22613.742500,73456.695000,476.945300,106.644800,809.780700
2015,TUR,B06,645.125100,552.875700,2035.542200,8.152500,5.009400,21.687400
2015,TUR,B0609,735.438400,623.595000,2559.391700,9.078200,5.602300,29.082000
2015,TUR,F,791659.617000,662777.958400,1590117.095000,6448.059800,4220.714600,37688.346000
2015,TUR,F09,791569.303700,662707.239100,1589593.245500,6447.134100,4220.121700,37680.951400
2015,TWN,B06,130.019900,78.630700,404.811600,2.013800,1.645300,1.224500
2015,TWN,B0609,498.405200,327.652900,1070.522300,9.495800,7.816600,7.919900
2015,TWN,F,654832.219400,455663.319400,1177604.310700,4365.170800,3233.627100,4766.302100
2015,TWN,F09,654463.834100,455414.297200,1176938.600000,4357.688800,3227.455800,4759.606700
2015,UKR,B06,1351.276000,950.794200,3450.317500,39.979200,10.621200,62.662900
2015,UKR,B0609,2724.503300,1826.237700,4902.393900,69.924000,18.593800,103.910900
2015,UKR,F,108925.507700,84955.213700,188323.496200,1516.479300,575.564200,4097.747600
2015,UKR,F09,107552.280400,84079.770200,186871.419800,1486.534500,567.591600,4056.499600
2015,USA,B06,109777.457800,95209.463000,261655.346400,1163.322400,541.471100,1256.994400
2015,USA,B0609,175880.197000,156807.243700,382621.252200,1210.740000,582.314100,2589.917000
2015,USA,F,13754740.201300,12660610.387100,31394027.965800,40801.800000,24240.304100,170995.559500
2015,USA,F09,13688637.462100,12599012.606400,31273062.060000,40754.382400,24199.461100,169662.636900
2015,VNM,B06,2853.815800,2025.378500,5442.386500,29.616400,19.841800,121.727600
2015,VNM,B0609,3415.215300,2452.338400,6380.228100,33.733300,23.013300,162.831800
2015,VNM,F,491874.713600,364281.927400,719783.701400,3501.604700,2678.024000,12807.654900
2015,VNM,F09,491313.314100,363854.967500,718845.859800,3497.487800,2674.852500,12766.550700
2015,ZAF,B06,1144.263600,959.752800,1322.510900,9.182600,0.014400,31.879200
2015,ZAF,B0609,1755.068100,1485.565900,2127.607700,14.155400,0.039900,92.914100
2015,ZAF,F,371697.462200,309599.110100,696628.569900,2681.555600,192.402300,12812.010300
2015,ZAF,F09,371086.657700,309073.297000,695823.473100,2676.582800,192.376800,12750.975400
2015,ROW,B06,210069.074100,187083.254800,655941.553400,3787.755900,726.514000,1092.793800
2015,ROW,B0609,239643.952400,211786.396000,724122.325400,4228.056300,844.488800,1396.362700
2015,ROW,F,2393001.702700,1879706.805100,5450599.686900,42197.290600,16537.898800,38791.970500
2015,ROW,F09,2363426.824400,1855003.663900,5382418.914900,41756.990200,16419.924000,38488.401600
2016,AGO,B06,7692.080600,7543.409800,36021.392600,38.650000,13.661100,2.184900
2016,AGO,B0609,9104.167500,8907.061700,41663.729500,45.530700,17.004600,3.232100
2016,AGO,F,38925.677300,32497.553100,111272.575600,993.924400,294.007000,98.795800
2016,AGO,F09,37513.590400,31133.901200,105630.238700,987.043700,290.663500,97.748600
2016,ARE,B06,20642.619500,14788.197500,106452.852600,343.337100,1.592700,42.152700
2016,ARE,B0609,29171.178100,21028.655200,125020.145200,408.382000,2.439800,57.862500
2016,ARE,F,270247.500400,178824.772100,554921.795100,3059.993700,167.750500,667.584300
2016,ARE,F09,261718.941800,172584.314400,536354.502500,2994.948800,166.903400,651.874500
2016,ARG,B06,7712.132900,7027.345900,21675.946300,78.185900,0.647100,535.529900
2016,ARG,B0609,8964.604100,8162.747800,24197.351100,85.005700,0.769100,626.072600
2016,ARG,F,389334.923900,356670.127200,869050.181700,1260.111900,179.902700,22357.820400
2016,ARG,F09,388082.452700,355534.725300,866528.776900,1253.292100,179.780700,22267.277700
2016,AUS,B06,12474.481000,11551.141600,31742.181300,642.370600,607.364300,196.218700
2016,AUS,B0609,17056.078700,15750.989400,41252.796900,665.846800,629.074000,250.795100
2016,AUS,F,1151188.102600,1047779.499100,2334752.894600,3767.222300,3429.123000,21382.241300
2016,AUS,F09,1146606.504900,1043579.651300,2325242.279000,3743.746100,3407.413300,21327.664900
2016,AUT,B06,399.012500,168.564400,981.501400,1.309300,0.358400,14.824300
2016,AUT,B0609,459.132100,213.815700,1095.976100,1.462500,0.361900,17.479800
2016,AUT,F,352224.553500,263249.847200,715689.158100,1354.742000,93.855100,10782.358100
2016,AUT,F09,352164.433900,263204.595900,715574.683400,1354.588800,93.851600,10779.702600
2016,BEL,B06,0.000000,0.000000,0.000000,0.000000,0.000000,0.000000
2016,BEL,B0609,7.663300,4.901600,9.491100,0.009300,0.005700,0.380100
2016,BEL,F,516298.692700,358701.732300,958158.931300,2547.408000,187.965600,16772.715200
2016,BEL,F09,516291.029400,358696.830700,958149.440200,2547.398700,187.959900,16772.335100
2016,BGD,B06,1106.724300,954.609000,3249.425100,67.178100,38.779900,7.414300
2016,BGD,B0609,1169.394500,1007.551100,3402.542900,69.783700,40.327600,8.206200
2016,BGD,F,149242.017200,127053.301700,348905.137500,4366.588300,2767.008700,2192.383300
2016,BGD,F09,149179.347000,127000.359600,348752.019700,4363.982700,2765.461000,2191.591400
2016,BGR,B06,21.846600,7.957000,45.993000,0.410900,0.020500,2.515000
2016,BGR,B0609,34.444500,14.820000,62.657700,0.579400,0.025800,3.524500
2016,BGR,F,57202.922200,39242.050900,106362.160500,622.149000,51.224500,2719.377500
2016,BGR,F09,57190.324300,39235.187900,106345.495800,621.980500,51.219200,2718.368000
2016,BLR,B06,136.053100,43.116000,461.058300,1.200000,0.127800,21.723800
2016,BLR,B0609,181.223800,64.145900,597.914000,1.537800,0.165300,27.797400
2016,BLR,F,46785.334000,28777.367000,90686.767700,495.025200,103.592700,2982.259900
2016,BLR,F09,46740.163300,28756.337100,90549.912000,494.687400,103.555200,2976.186300
2016,BRA,B06,14349.789000,11532.696700,21605.500000,1658.381900,627.000900,1303.311000
2016,BRA,B0609,16471.967100,13447.675700,25060.835400,1667.040500,630.941900,1471.032000
2016,BRA,F,1375055.386000,1258093.951900,2998207.442400,5070.559000,2490.637600,76730.542300
2016,BRA,F09,1372933.207900,1256178.972900,2994752.107000,5061.900400,2486.696600,76562.821300
2016,BRN,B06,1439.968800,1140.339200,4750.384500,32.814400,30.793500,-17.372500
2016,BRN,B0609,1811.201500,1403.118600,5595.322400,40.871200,38.212100,-21.166300
2016,BRN,F,8335.876400,7145.981300,16598.113100,162.744500,154.912800,-72.848900
2016,BRN,F09,7964.643700,6883.201900,15753.175200,154.687700,147.494200,-69.055100
2016,CAN,B06,30903.107000,25346.154400,62535.198600,44.061300,22.631300,414.376300
2016,CAN,B0609,36426.977000,29558.397800,76886.254400,56.978300,28.272600,550.800100
2016,CAN,F,1213015.528900,967975.469400,2626424.251300,5182.759800,1056.159500,21812.521700
2016,CAN,F09,1207491.658900,963763.226000,2612073.195500,5169.842800,1050.518200,21676.097900
2016,CHE,B06,4.545500,3.472900,8.278400,0.068100,0.043700,0.083600
2016,CHE,B0609,17.059800,13.194900,35.573700,0.179000,0.124000,0.334900
2016,CHE,F,713263.018300,547404.473300,1388044.394000,10237.911100,6950.704600,7485.408900
2016,CHE,F09,713250.504000,547394.751300,1388017.098700,10237.800200,6950.624300,7485.157600
2016,CHL,B06,119.738300,101.258500,158.061500,1.113500,0.006400,2.214000
2016,CHL,B0609,296.692100,248.830200,660.633800,2.133100,0.122400,10.441600
2016,CHL,F,202294.242600,171113.528200,433467.602000,1609.568700,241.354700,6936.738700
2016,CHL,F09,202117.288800,170965.956500,432965.029700,1608.549100,241.238700,6928.511100
2016,CHN,B06,132098.635100,121714.308600,227043.625400,3250.730700,2235.456600,4268.676800
2016,CHN,B0609,150255.770400,138723.801400,251805.836700,3477.877100,2396.359000,5010.505200
2016,CHN,F,18657550.432900,17468780.249900,29316225.692800,153598.415900,116096.523700,409223.045100
2016,CHN,F09,18639393.297600,17451770.757100,29291463.481500,153371.269500,115935.621300,408481.216700
2016,CIV,B06,49.203300,38.072100,80.154800,0.213800,0.019900,0.376600
2016,CIV,B0609,67.470600,52.590600,106.148500,0.272400,0.026900,0.536500
2016,CIV,F,29047.932600,25369.889500,74751.351500,169.129000,42.055800,835.153500
2016,CIV,F09,29029.665300,25355.371000,74725.357800,169.070400,42.048800,834.993600
2016,CMR,B06,494.181900,315.277400,1606.858400,5.037700,3.456000,18.919300
2016,CMR,B0609,585.748200,376.265200,1863.031900,5.967800,4.115400,24.384800
2016,CMR,F,16219.981000,13267.294900,46899.151600,217.026400,136.417400,716.909900
2016,CMR,F09,16128.414700,13206.307100,46642.978100,216.096300,135.758000,711.444400
2016,COD,B06,32.391800,28.857200,134.359500,0.244300,0.130600,0.601000
2016,COD,B0609,105.421000,96.596800,375.014800,0.858800,0.670900,1.654800
2016,COD,F,19915.121700,14957.151200,58001.624600,276.804800,131.769800,718.316200
2016,COD,F09,19842.092500,14889.411600,57760.969300,276.190300,131.229500,717.262400
2016,COL,B06,7710.841700,6291.055500,15725.268100,728.946400,0.159800,1018.515800
2016,COL,B0609,7767.210900,6341.208200,15861.262900,728.986500,0.185200,1020.603300
2016,COL,F,230390.040400,201951.994300,489723.815000,376.422600,99.065000,8409.298000
2016,COL,F09,230333.671200,201901.841600,489587.820200,376.382500,99.039600,8407.210500
2016,CRI,B06,0.309400,0.242900,1.191000,0.030500,0.016600,0.041000
2016,CRI,B0609,0.454100,0.356900,1.573700,0.044200,0.024000,0.057900
2016,CRI,F,38859.162100,30660.963700,94634.950300,1180.616500,679.608700,1610.577200
2016,CRI,F09,38859.017400,30660.849700,94634.567600,1180.602800,679.601300,1610.560300
2016,CYP,B06,10.048400,8.961900,21.051600,7.525300,7.494600,0.155400
2016,CYP,B0609,10.441000,9.256400,21.697500,7.526200,7.495400,0.184200
2016,CYP,F,19273.122700,11634.785600,38256.409700,1209.719300,1193.663900,565.386000
2016,CYP,F09,19272.730100,11634.491100,38255.763800,1209.718400,1193.663100,565.357200
2016,CZE,B06,12.203000,10.234700,123.924800,0.371700,0.226900,0.180500
2016,CZE,B0609,81.708600,61.055000,257.907700,0.411100,0.232200,4.367700
2016,CZE,F,259944.032000,177435.558400,443128.192200,327.634800,145.510700,6513.066400
2016,CZE,F09,259874.526400,177384.738100,442994.209300,327.595400,145.505400,6508.879200
2016,DEU,B06,1180.849400,593.484500,1774.115700,3.401800,2.436300,59.753900
2016,DEU,B0609,1415.227200,771.531000,2176.068300,3.956600,2.711800,72.926800
2016,DEU,F,3141351.196400,2511430.359800,6356825.030000,8209.179900,3807.357900,91834.683800
2016,DEU,F09,3141116.818600,2511252.313300,6356423.077400,8208.625100,3807.082400,91821.510900
2016,DNK,B06,1107.242900,743.436700,2818.525900,9.548000,4.792300,33.075100
2016,DNK,B0609,1699.145800,1134.821000,3944.602200,16.017800,7.931700,57.077700
2016,DNK,F,257020.746800,179116.921600,538852.738600,1884.561600,1065.951100,11790.542400
2016,DNK,F09,256428.843900,178725.537300,537726.662300,1878.091800,1062.811700,11766.539800
2016,EGY,B06,2894.015400,1642.665200,32478.631000,2254.809700,1187.716600,-1.263000
2016,EGY,B0609,3171.564400,1898.163000,33811.447200,2255.420900,1188.224300,-0.463200
2016,EGY,F,150358.666700,127162.085500,421676.921300,4403.918500,2647.888300,-1697.633500
2016,EGY,F09,150081.117700,126906.587700,420344.105100,4403.307300,2647.380600,-1698.433300
2016,ESP,B06,152.946300,130.151900,330.483400,0.944400,0.545200,9.458500
2016,ESP,B0609,235.732800,194.704100,497.154000,1.508600,0.870700,15.809400
2016,ESP,F,1012086.556800,823075.474500,2162209.460500,1488.469300,880.113800,30914.437500
2016,ESP,F09,1012003.770300,823010.922300,2162042.789900,1487.905100,879.788300,30908.086600
2016,EST,B06,110.293000,60.935600,267.543900,0.725000,0.243200,13.111700
2016,EST,B0609,111.156200,61.405200,269.634700,0.730400,0.245500,13.200400
2016,EST,F,25234.006500,16549.785500,46962.486400,136.674500,86.534500,1112.854000
2016,EST,F09,25233.143300,16549.315900,46960.395600,136.669100,86.532200,1112.765300
2016,FIN,B06,0.000000,0.000000,0.000000,0.000000,0.000000,0.000000
2016,FIN,B0609,74.956900,42.480000,141.497000,0.317600,0.223400,2.872400
2016,FIN,F,220236.376300,170079.292500,437520.270400,900.880200,692.872500,9856.469900
2016,FIN,F09,220161.419400,170036.812500,437378.773400,900.562600,692.649100,9853.597500
2016,FRA,B06,110.219300,91.454900,262.513300,0.309100,0.172600,6.325200
2016,FRA,B0609,326.641400,249.047900,690.323700,0.925600,0.521000,23.835800
2016,FRA,F,2068850.272900,1686198.624300,4359859.204800,2312.151300,1325.325900,80900.532800
2016,FRA,F09,2068633.850800,1686041.031300,4359431.394400,2311.534800,1324.977500,80883.022200
2016,GBR,B06,13327.680800,10157.862600,26248.339600,279.742100,178.392900,397.876400
2016,GBR,B0609,18434.263700,14379.981000,33176.814500,304.252600,194.388100,558.259800
2016,GBR,F,2097397.553700,1769687.170400,4558176.075100,7698.094100,5272.715600,77205.230500
2016,GBR,F09,2092290.970800,1765465.052000,4551247.600200,7673.583600,5256.720400,77044.847100
2016,GRC,B06,41.297600,35.041400,57.083800,0.973200,0.180700,2.025400
2016,GRC,B0609,65.921500,54.056900,116.214100,1.863000,0.397000,3.628400
2016,GRC,F,134727.779100,102913.159000,307439.423000,4800.453400,1022.491600,4258.036500
2016,GRC,F09,134703.155200,102894.143500,307380.292700,4799.563600,1022.275300,4256.433500
2016,HKG,B06,0.000000,0.000000,0.000000,0.000000,0.000000,0.000000
2016,HKG,B0609,262.014300,170.546700,303.034000,6.736700,5.441500,0.346400
2016,HKG,F,273864.172100,220657.157200,589472.983400,17398.901600,9396.385500,4120.256600
2016,HKG,F09,273602.157800,220486.610500,589169.949400,17392.164900,9390.944000,4119.910200
2016,HRV,B06,9.605500,3.703000,41.139500,0.081100,0.050100,0.718500
2016,HRV,B0609,129.715900,93.248100,229.484500,0.161600,0.117400,6.253400
2016,HRV,F,41671.136500,31200.805500,87268.350600,204.781100,145.879800,2078.199900
2016,HRV,F09,41551.026100,31111.260400,87080.005600,204.700600,145.812500,2072.665000
2016,HUN,B06,15.287200,9.273500,32.091700,0.069500,0.044600,1.000200
2016,HUN,B0609,61.509000,36.779900,128.909600,0.090700,0.047700,3.548000
2016,HUN,F,139192.611500,76270.311600,254228.419400,185.042000,70.967400,5884.080300
2016,HUN,F09,139146.389700,76242.805200,254131.601500,185.020800,70.964300,5881.532500
2016,IDN,B06,28333.221400,24714.730600,54104.020900,672.373800,611.525300,168.236500
2016,IDN,B0609,29006.809000,25305.505500,59469.513100,676.868200,615.453800,175.213900
2016,IDN,F,780532.019900,689515.648700,1660991.330000,3715.738600,3291.398400,7462.073500
2016,IDN,F09,779858.432300,688924.873800,1655625.837800,3711.244200,3287.469900,7455.096100
2016,IND,B06,13444.006700,7865.430200,31203.969300,529.971400,0.004200,574.433200
2016,IND,B0609,16846.423300,10697.782400,46199.422600,655.962600,0.008100,801.814300
2016,IND,F,1897727.626800,1578510.742900,4009790.834700,13237.057900,1754.891300,102689.700200
2016,IND,F09,1894325.210200,1575678.390700,3994795.381400,13111.066700,1754.887400,102462.319100
2016,IRL,B06,87.293700,19.017700,106.376200,0.283400,0.135900,1.622400
2016,IRL,B0609,98.714900,23.833000,128.807200,0.315000,0.152800,1.856600
2016,IRL,F,301711.398900,123450.895700,584131.260900,548.098200,264.616500,5341.581100
2016,IRL,F09,301699.977700,123446.080400,584108.829900,548.066600,264.599600,5341.346900
2016,ISL,B06,0.439400,0.314500,1.084900,0.020700,0.005900,0.025200
2016,ISL,B0609,0.471700,0.340300,1.187700,0.021300,0.006200,0.027400
2016,ISL,F,18446.469200,13774.969600,37762.711200,437.961300,166.076200,705.671000
2016,ISL,F09,18446.436900,13774.943800,37762.608400,437.960700,166.075900,705.668800
2016,ISR,B06,269.561500,215.886700,659.395800,6.452400,2.836100,13.990300
2016,ISR,B0609,346.163700,276.726500,827.802900,7.385800,3.311900,18.579400
2016,ISR,F,239722.123600,193739.732400,535356.381400,2515.036800,1402.068900,6978.418700
2016,ISR,F09,239645.521400,193678.892600,535187.974300,2514.103400,1401.593100,6973.829600
2016,ITA,B06,4764.233300,3761.757000,7469.731100,31.573400,21.126200,241.228500
2016,ITA,B0609,4993.177500,3943.741500,8288.537700,34.927000,22.305900,259.672900
2016,ITA,F,1749429.335000,1476430.891400,3490735.784700,10054.256800,5729.062600,58228.751700
2016,ITA,F09,1749200.390800,1476248.906900,3489916.978100,10050.903200,5727.882900,58210.307300
2016,JOR,B06,117.104700,91.482800,393.917400,4.205500,0.006200,4.671300
2016,JOR,B0609,172.520200,134.042700,573.590300,5.178500,0.009300,6.171100
2016,JOR,F,30214.718000,19290.739400,66560.369900,225.774300,43.231900,672.624500
2016,JOR,F09,30159.302500,19248.179500,66380.697000,224.801300,43.228800,671.124700
2016,JPN,B06,678.120400,627.661900,1112.756500,3.290700,2.066500,30.949300
2016,JPN,B0609,1671.189100,1478.407700,3024.215700,13.361600,3.275300,197.203000
2016,JPN,F,4015579.275400,3540562.639600,8806837.108000,41082.944800,22181.727600,158212.550500
2016,JPN,F09,4014586.206700,3539711.893800,8804925.648800,41072.873900,22180.518800,158046.296800
2016,KAZ,B06,9382.579200,8681.457000,21844.420500,9.868100,5.972200,94.135900
2016,KAZ,B0609,10091.316000,9268.109800,23548.311600,11.380100,6.422500,125.005100
2016,KAZ,F,77492.249400,64153.471100,196565.985700,733.205800,108.319700,1859.550100
2016,KAZ,F09,76783.512600,63566.818300,194862.094600,731.693800,107.869400,1828.680900
2016,KHM,B06,0.000000,0.000000,0.000000,0.000000,0.000000,0.000000
2016,KHM,B0609,25.619200,21.832300,60.160800,0.124100,0.006200,0.283800
2016,KHM,F,15531.989400,9492.910200,34914.486400,208.214000,21.479800,426.526800
2016,KHM,F09,15506.370200,9471.077900,34854.325600,208.089900,21.473600,426.243000
2016,KOR,B06,38.418300,31.660400,79.705500,0.087600,0.070000,0.871200
2016,KOR,B0609,43.426500,35.637300,97.712600,0.117700,0.089300,1.192900
2016,KOR,F,1854701.973800,1485466.762300,3281026.118000,16690.163700,10439.838800,53529.994500
2016,KOR,F09,1854696.965600,1485462.785400,3281008.110900,16690.133600,10439.819500,53529.672800
2016,LAO,B06,32.401900,28.993800,195.958800,0.027000,0.014600,1.229900
2016,LAO,B0609,93.686500,83.790300,390.072800,0.077900,0.041900,3.070800
2016,LAO,F,9020.522000,7691.111300,23249.785200,15.853400,8.937800,360.709300
2016,LAO,F09,8959.237400,7636.314800,23055.671200,15.802500,8.910500,358.868400
2016,LTU,B06,39.726000,26.446800,84.415700,0.085600,0.032100,1.392700
2016,LTU,B0609,43.692700,28.919500,104.529500,0.110500,0.032200,1.616400
2016,LTU,F,32992.515700,20012.141400,73184.854200,355.414000,31.597500,1463.111500
2016,LTU,F09,32988.549000,20009.668700,73164.740400,355.389100,31.597400,1462.887800
2016,LUX,B06,0.000000,0.000000,0.000000,0.000000,0.000000,0.000000
2016,LUX,B0609,0.000000,0.000000,0.000000,0.000000,0.000000,0.000000
2016,LUX,F,141357.469200,67072.422900,200793.633500,322.676600,34.385600,2532.994300
2016,LUX,F09,141357.469200,67072.422900,200793.633500,322.676600,34.385600,2532.994300
2016,LVA,B06,0.000000,0.000000,0.000000,0.000000,0.000000,0.000000
2016,LVA,B0609,0.886700,0.539000,2.066200,0.007800,0.001700,0.243000
2016,LVA,F,25512.477100,19737.885200,51257.909400,177.154400,59.983000,1208.416100
2016,LVA,F09,25511.590400,19737.346200,51255.843200,177.146600,59.981300,1208.173100
2016,MAR,B06,4.023200,2.573100,20.515800,0.203600,0.002000,0.517500
2016,MAR,B0609,10.845000,6.996100,81.396600,0.356300,0.004700,1.612100
2016,MAR,F,80638.538000,58868.688100,185203.087000,918.615400,115.440000,4821.532100
2016,MAR,F09,80631.716200,58864.265100,185142.206200,918.462700,115.437300,4820.437500
2016,MEX,B06,6365.970500,5067.813000,27998.239700,134.105000,0.033000,144.276100
2016,MEX,B0609,11519.013500,9153.723400,36840.818000,182.301400,0.062000,273.628000
2016,MEX,F,838440.404400,607260.907500,1898957.170800,4955.997500,504.041200,16957.954700
2016,MEX,F09,833287.361400,603174.997100,1890114.592500,4907.801100,504.012200,16828.602800
2016,MLT,B06,6.498300,3.209700,9.875200,0.010700,0.005100,0.216100
2016,MLT,B0609,8.626800,4.257300,12.601600,0.013900,0.006500,0.282300
2016,MLT,F,20243.850100,12024.294400,31341.383000,201.125800,21.333000,393.877200
2016,MLT,F09,20241.721600,12023.246800,31338.656600,201.122600,21.331600,393.811000
2016,MMR,B06,2842.188000,2151.959900,4861.426400,201.416200,98.873200,36.463600
2016,MMR,B0609,2863.777900,2168.605900,4900.370100,202.154600,99.265500,36.789800
2016,MMR,F,77525.332100,70117.361100,134703.503900,1096.823800,661.298500,314.556500
2016,MMR,F09,77503.742200,70100.715100,134664.560200,1096.085400,660.906200,314.230300
2016,MYS,B06,27392.409700,21490.939300,38401.760500,287.148400,168.956700,171.046700
2016,MYS,B0609,29255.351800,22886.156900,42285.022800,302.862500,180.087200,186.215300
2016,MYS,F,415827.353700,307808.088600,704824.841400,3177.328800,2224.912700,2564.583800
2016,MYS,F09,413964.411600,306412.871000,700941.579100,3161.614700,2213.782200,2549.415200
2016,NGA,B06,8825.349000,7080.742800,30937.441700,669.271100,1.107400,74.694700
2016,NGA,B0609,8869.090900,7117.514400,31028.074600,670.728900,1.112200,75.100600
2016,NGA,F,287548.904500,268174.341900,668465.850600,2846.311000,85.847300,1904.547000
2016,NGA,F09,287505.162600,268137.570300,668375.217700,2844.853200,85.842500,1904.141100
2016,NLD,B06,3382.609300,2600.236900,16517.140400,20.541200,13.892400,134.144700
2016,NLD,B0609,5905.250600,4041.164700,20597.803800,21.657300,14.718600,170.572000
2016,NLD,F,774511.330100,548479.417800,1488121.507500,3538.073700,1889.573400,24398.540700
2016,NLD,F09,771988.688800,547038.490000,1484040.844100,3536.957600,1888.747200,24362.113400
2016,NOR,B06,5628.755400,4634.312800,50756.069900,79.173400,21.270800,64.685500
2016,NOR,B0609,14654.961900,12131.652800,64305.748800,133.438100,59.264100,300.582900
2016,NOR,F,271798.769800,215423.550400,566098.651500,4772.323800,2080.672100,11086.101200
2016,NOR,F09,262772.563300,207926.210400,552548.972600,4718.059100,2042.678800,10850.203800
2016,NZL,B06,1249.083200,970.426100,2364.585600,5.467600,4.248700,30.455800
2016,NZL,B0609,1448.568700,1136.188100,2810.467000,5.962100,4.628700,36.122100
2016,NZL,F,178356.570200,157195.188100,351035.577600,247.348400,185.666700,3623.767300
2016,NZL,F09,178157.084700,157029.426100,350589.696200,246.853900,185.286700,3618.101000
2016,PAK,B06,3193.969400,2618.781000,8960.451900,199.958600,150.316600,178.227100
2016,PAK,B0609,3346.971900,2745.745200,9360.390200,205.180300,154.317500,189.989300
2016,PAK,F,204232.662400,183019.338100,470176.919300,4470.176400,3533.273600,1424.387800
2016,PAK,F09,204079.659900,182892.373900,469776.981000,4464.954700,3529.272700,1412.625600
2016,PER,B06,1465.622000,1321.760500,2316.620600,14.084800,13.468800,41.512700
2016,PER,B0609,2080.627800,1843.103600,3776.650100,14.536300,13.814700,55.379600
2016,PER,F,143131.517400,122031.012500,322795.457600,212.267800,182.975100,4314.479100
2016,PER,F09,142516.511600,121509.669400,321335.428100,211.816300,182.629200,4300.612200
2016,PHL,B06,325.722300,229.362800,881.978000,10.202000,0.039300,10.991000
2016,PHL,B0609,430.485500,305.407800,1116.133100,11.749300,0.055100,15.350200
2016,PHL,F,279899.053300,224624.390600,583906.598200,2404.497600,303.772800,4395.283300
2016,PHL,F09,279794.290100,224548.345600,583672.443100,2402.950300,303.757000,4390.924100
2016,POL,B06,61.034400,39.992400,121.736100,0.175900,0.058900,2.452200
2016,POL,B0609,184.756300,123.102200,839.706900,0.498200,0.156900,9.923600
2016,POL,F,511778.272900,391865.623600,943749.889200,1460.661100,311.665400,17092.932800
2016,POL,F09,511654.551000,391782.513800,943031.918400,1460.338800,311.567400,17085.461400
2016,PRT,B06,0.000000,0.000000,0.000000,0.000000,0.000000,0.000000
2016,PRT,B0609,25.062000,11.274800,45.004800,0.052500,0.027200,1.665200
2016,PRT,F,172819.131400,130853.345700,359641.545600,154.408300,81.076600,7511.015400
2016,PRT,F09,172794.069400,130842.070900,359596.540800,154.355800,81.049400,7509.350200
2016,ROU,B06,632.614800,526.996000,1430.418800,8.107700,0.001700,21.341500
2016,ROU,B0609,905.470400,760.464100,1916.448900,8.307400,0.168900,31.201800
2016,ROU,F,183319.186800,144506.953100,355063.708300,837.376300,247.422800,6639.208600
2016,ROU,F09,183046.331200,144273.485000,354577.678200,837.176600,247.255600,6629.348300
2016,RUS,B06,9655.830400,9055.603800,98108.071200,95.326500,23.338000,112.323400
2016,RUS,B0609,75989.283600,70919.139200,172340.971600,154.466000,56.492000,1078.294700
2016,RUS,F,1103448.509800,984450.537800,2189451.976000,3734.681700,1525.566300,24897.685700
2016,RUS,F09,1037115.056600,922587.002400,2115219.075600,3675.542200,1492.412300,23931.714400
2016,SAU,B06,11550.592200,7219.961800,142032.165000,28.784800,17.078000,34.726300
2016,SAU,B0609,11927.549500,7430.451100,143013.629000,29.654300,17.607400,36.764700
2016,SAU,F,289999.614600,224054.881700,799423.547600,862.801200,533.333000,1831.445000
2016,SAU,F09,289622.657300,223844.392400,798442.083600,861.931700,532.803600,1829.406600
2016,SEN,B06,3.218800,2.547200,5.991300,0.285100,0.000300,0.024800
2016,SEN,B0609,25.005600,21.728800,34.902100,0.436600,0.004300,0.539600
2016,SEN,F,12437.309800,9777.054600,29912.668600,438.204300,5.774100,375.702700
2016,SEN,F09,12415.523000,9757.873000,29883.757800,438.052800,5.770100,375.187900
2016,SGP,B06,0.000000,0.000000,0.000000,0.000000,0.000000,0.000000
2016,SGP,B0609,0.000000,0.000000,0.000000,0.000000,0.000000,0.000000
2016,SGP,F,476659.689800,267516.804900,785487.305300,27558.334100,6077.359800,8373.593100
2016,SGP,F09,476659.689800,267516.804900,785487.305300,27558.334100,6077.359800,8373.593100
2016,STP,B06,0.206000,0.143900,0.669500,0.029600,0.000100,0.001800
2016,STP,B0609,0.362500,0.256500,0.995500,0.040900,0.000200,0.003700
2016,STP,F,290.855900,239.236300,633.577700,8.593200,0.245000,1.889500
2016,STP,F09,290.699400,239.123700,633.251700,8.581900,0.244900,1.887600
2016,SVK,B06,0.245600,0.184000,0.393100,0.000800,0.000300,0.014800
2016,SVK,B0609,123.868500,110.808100,228.603200,0.025800,0.011500,4.147000
2016,SVK,F,118769.879500,74565.920800,203722.019300,187.873000,59.869500,3870.633400
2016,SVK,F09,118646.256600,74455.296700,203493.809200,187.848000,59.858300,3866.501200
2016,SVN,B06,0.000000,0.000000,0.000000,0.000000,0.000000,0.000000
2016,SVN,B0609,6.561800,3.946600,7.917800,0.016700,0.003800,0.865500
2016,SVN,F,42268.698000,27911.762200,83138.294900,128.183100,24.871600,2091.162500
2016,SVN,F09,42262.136200,27907.815600,83130.377100,128.166400,24.867800,2090.297000
2016,SWE,B06,41.830000,7.454000,62.097400,0.380000,0.270200,2.018800
2016,SWE,B0609,91.371900,46.017800,185.151300,0.894300,0.566100,5.325600
2016,SWE,F,446991.118100,355356.068700,923269.996300,3588.344300,2035.122600,19531.829500
2016,SWE,F09,446941.576200,355317.504900,923146.942400,3587.830000,2034.826700,19528.522700
2016,THA,B06,4086.882000,2810.809800,11565.193000,20.377100,14.206700,98.065600
2016,THA,B0609,4264.435500,2942.628700,13489.854600,21.063200,14.697900,115.859200
2016,THA,F,522927.722700,381329.575100,905694.513000,2485.328700,1872.379000,15838.158800
2016,THA,F09,522750.169200,381197.756200,903769.851400,2484.642600,1871.887800,15820.365200
2016,TUN,B06,686.886100,488.529300,1819.489400,29.053700,0.007400,8.063000
2016,TUN,B0609,788.251600,570.253000,2006.723800,29.473500,0.052800,9.310000
2016,TUN,F,32050.939300,21986.574600,69892.162400,478.449800,80.966200,607.885900
2016,TUN,F09,31949.573800,21904.850900,69704.928000,478.030000,80.920800,606.638900
2016,TUR,B06,625.384800,547.294600,2028.577300,8.182200,3.955700,22.867100
2016,TUR,B0609,711.116200,612.884100,2550.634400,9.289300,4.535900,29.441300
2016,TUR,F,784123.837800,660761.067500,1587770.535600,6519.445400,3582.707700,37865.424600
2016,TUR,F09,784038.106400,660695.478000,1587248.478500,6518.338300,3582.127500,37858.850400
2016,TWN,B06,123.449100,62.924200,401.294200,2.860900,2.361900,1.423300
2016,TWN,B0609,483.041700,308.806100,1061.220600,3.210400,2.498100,8.093800
2016,TWN,F,621166.830700,436120.831100,1152757.747700,3875.985200,2850.276800,4584.073400
2016,TWN,F09,620807.238100,435874.949200,1152097.821300,3875.635700,2850.140600,4577.402900
2016,UKR,B06,1385.349200,1006.228800,4091.631800,23.606900,6.745300,41.510400
2016,UKR,B0609,2708.899800,1942.261000,5501.540300,56.495600,13.564100,89.753100
2016,UKR,F,113020.162700,88559.524000,193874.313000,1587.376700,516.675100,4335.684500
2016,UKR,F09,111696.612100,87623.491800,192464.404500,1554.488000,509.856300,4287.441800
2016,USA,B06,90959.575000,79804.569100,225125.468200,735.834800,357.748400,1237.245500
2016,USA,B0609,120162.419300,106890.705900,287008.359100,757.800500,376.720500,1820.492100
2016,USA,F,13975284.114000,12941448.052900,32125526.567000,38898.537400,23047.240800,164626.968800
2016,USA,F09,13946081.269700,12914361.916100,32063643.676100,38876.571700,23028.268700,164043.722200
2016,VNM,B06,2299.268800,1018.054000,4022.188600,14.781300,10.815700,43.884800
2016,VNM,B0609,2885.593100,1469.774400,4989.072000,17.295800,12.711500,73.836500
2016,VNM,F,583223.431100,443180.265000,829718.842100,4349.093900,3392.866900,14761.828300
2016,VNM,F09,582637.106800,442728.544600,828751.958700,4346.579400,3390.971100,14731.876600
2016,ZAF,B06,884.555200,736.945700,1089.722000,5.936600,0.010900,23.252900
2016,ZAF,B0609,1418.573300,1197.132600,1804.292200,9.778200,0.032600,84.644600
2016,ZAF,F,341273.292600,284990.280300,645212.018000,2243.841700,178.015000,12408.073900
2016,ZAF,F09,340739.274500,284530.093400,644497.447800,2240.000100,177.993300,12346.682200
2016,ROW,B06,206963.848500,188627.232800,619627.121300,4912.239700,820.079900,1183.031400
2016,ROW,B0609,232410.937500,210780.492700,679432.363600,5242.747600,922.892800,1471.310600
2016,ROW,F,2386916.131600,1940736.023100,5465962.358400,39774.104100,17362.911000,38641.841700
2016,ROW,F09,2361469.042600,1918582.763200,5406157.116100,39443.596200,17260.098100,38353.562500
2017,AGO,B06,9822.783400,9616.777000,43919.577400,55.124100,21.050000,4.665000
2017,AGO,B0609,11260.988300,10998.135000,50490.519800,61.949400,24.799600,6.529400
2017,AGO,F,48179.255700,40622.140800,135109.623100,1123.693300,388.684100,183.387900
2017,AGO,F09,46741.050800,39240.782800,128538.680700,1116.868000,384.934500,181.523500
2017,ARE,B06,32837.559600,23344.633900,133472.463000,404.049700,2.802700,66.933000
2017,ARE,B0609,42654.289400,30255.877400,154366.503400,454.248100,7.385000,84.998900
2017,ARE,F,280481.010200,178578.112900,571190.804000,2594.395300,388.445100,748.244400
2017,ARE,F09,270664.280400,171666.869400,550296.763600,2544.196900,383.862800,730.178500
2017,ARG,B06,7714.149700,7009.499100,22192.228100,95.745800,0.778700,571.510100
2017,ARG,B0609,9013.701600,8183.126600,24829.523500,102.691300,0.934000,664.788000
2017,ARG,F,446184.667500,407593.102100,1001397.459900,1530.485600,212.617500,26130.387500
2017,ARG,F09,444885.115600,406419.474600,998760.164500,1523.540100,212.462200,26037.109600
2017,AUS,B06,12779.335500,11906.703200,41780.718100,600.119600,577.903800,203.757600
2017,AUS,B0609,18564.524600,17219.914900,53475.818500,636.009300,611.838500,289.233700
2017,AUS,F,1252621.973300,1138344.319700,2533616.971100,4132.164900,3795.752200,23761.559000
2017,AUS,F09,1246836.784200,1133031.108000,2521921.870700,4096.275200,3761.817500,23676.082900
2017,AUT,B06,422.895600,123.297300,1120.087600,1.282200,0.502200,20.040500
2017,AUT,B0609,485.322800,170.381900,1242.694600,1.405100,0.507600,23.028000
2017,AUT,F,383302.733300,280908.341200,766644.616200,1310.740200,98.842400,11664.417800
2017,AUT,F09,383240.306100,280861.256600,766522.009200,1310.617300,98.837000,11661.430300
2017,BEL,B06,0.000000,0.000000,0.000000,0.000000,0.000000,0.000000
2017,BEL,B0609,7.610200,4.349700,9.366100,0.014100,0.007600,0.282200
2017,BEL,F,555244.215200,379405.802100,1021494.544700,3270.425500,242.849200,17728.113800
2017,BEL,F09,555236.605000,379401.452400,1021485.178600,3270.411400,242.841600,17727.831600
2017,BGD,B06,1288.699700,1151.088200,4143.197300,76.750700,48.012300,8.355200
2017,BGD,B0609,1371.233500,1223.356100,4339.726700,79.548200,49.817800,9.372200
2017,BGD,F,167216.217400,145318.709600,390535.710900,4483.452000,3051.279800,2306.930100
2017,BGD,F09,167133.683600,145246.441700,390339.181500,4480.654500,3049.474300,2305.913100
2017,BGR,B06,41.357900,19.233700,66.903800,1.018600,0.003400,4.122300
2017,BGR,B0609,61.442000,30.917900,97.373000,1.266600,0.007800,5.665300
2017,BGR,F,64776.894700,43788.846300,118818.890900,689.860900,63.470200,3093.885400
2017,BGR,F09,64756.810600,43777.162100,118788.421700,689.612900,63.465800,3092.342400
2017,BLR,B06,162.416900,55.926000,491.572300,2.383200,0.484500,26.255400
2017,BLR,B0609,207.923000,76.897000,627.380700,2.830600,0.604600,32.994800
2017,BLR,F,55992.145500,34134.169500,106923.008000,644.294000,168.503200,3630.797900
2017,BLR,F09,55946.639400,34113.198500,106787.199600,643.846600,168.383100,3624.058500
2017,BRA,B06,25624.034000,21110.207500,39287.209300,2556.213100,936.192200,2285.702100
2017,BRA,B0609,28394.612900,23620.797200,44052.894200,2565.854200,940.700000,2515.852100
2017,BRA,F,1559233.031300,1429309.732600,3414168.244400,5325.665600,2646.691700,89729.792300
2017,BRA,F09,1556462.452400,1426799.142900,3409402.559500,5316.024500,2642.183900,89499.642300
2017,BRN,B06,1558.058700,1306.595800,5048.838100,36.988000,35.087600,-20.762700
2017,BRN,B0609,1944.956700,1625.615800,5934.720500,46.634700,44.250000,-25.644100
2017,BRN,F,9177.821400,8034.578000,18011.907200,186.383500,178.390200,-91.377900
2017,BRN,F09,8790.923400,7715.558000,17126.024800,176.736800,169.227800,-86.496500
2017,CAN,B06,42385.174800,34535.854900,91084.082100,60.778500,33.462300,650.931900
2017,CAN,B0609,48284.006700,39058.052600,107817.824900,73.865000,39.509200,822.984600
2017,CAN,F,1293228.710000,1035973.922400,2803906.121200,5516.747100,1130.457000,24339.683900
2017,CAN,F09,1287329.878100,1031451.724700,2787172.378400,5503.660600,1124.410100,24167.631200
2017,CHE,B06,4.022000,2.882300,7.820000,0.031400,0.026200,0.122800
2017,CHE,B0609,11.864000,8.409300,30.642100,0.089600,0.078000,0.407400
2017,CHE,F,747632.507100,570561.016600,1430049.807400,12334.055800,8710.167100,8499.139500
2017,CHE,F09,747624.665100,570555.489600,1430026.985300,12333.997600,8710.115300,8498.854900
2017,CHL,B06,125.775400,107.250700,190.431300,0.957300,0.004900,1.976400
2017,CHL,B0609,308.046700,260.875700,810.934000,1.936900,0.067200,9.788800
2017,CHL,F,222475.446900,188483.256900,477896.726900,1644.071000,233.538900,6923.894500
2017,CHL,F09,222293.175600,188329.631900,477276.224200,1643.091400,233.476600,6916.082100
2017,CHN,B06,131356.942900,122229.636700,237828.681700,762.222700,556.338200,3533.021500
2017,CHN,B0609,149642.299200,139395.873400,263767.148800,889.201900,652.173700,4529.982600
2017,CHN,F,19111060.809900,17748076.704600,30785177.207600,166666.247300,122085.495900,445354.585900
2017,CHN,F09,19092775.453600,17730910.467900,30759238.740500,166539.268100,121989.660400,444357.624800
2017,CIV,B06,64.035000,49.078800,106.911300,1.262000,0.020000,1.783700
2017,CIV,B0609,87.733000,68.239400,141.436500,1.439300,0.040500,2.545200
2017,CIV,F,31436.936500,26435.032400,81047.379700,212.449400,49.784600,1075.027900
2017,CIV,F09,31413.238500,26415.871800,81012.854500,212.272100,49.764100,1074.266400
2017,CMR,B06,510.600200,346.355500,1664.956400,5.863000,3.876300,24.671600
2017,CMR,B0609,592.573700,402.509900,1905.717600,6.935300,4.591500,32.047300
2017,CMR,F,16766.223700,13733.446100,49511.204000,245.819600,152.371200,909.750400
2017,CMR,F09,16684.250200,13677.291700,49270.442800,244.747300,151.656000,902.374700
2017,COD,B06,38.856900,33.615200,185.793500,0.390900,0.063700,0.362900
2017,COD,B0609,108.573300,98.893800,415.164400,0.860500,0.428500,0.808900
2017,COD,F,16796.388700,11286.343300,52778.090500,259.581800,82.970500,364.101700
2017,COD,F09,16726.672300,11221.064700,52548.719600,259.112200,82.605700,363.655700
2017,COL,B06,8701.825400,7253.352400,19319.456800,714.540700,0.118600,1531.126800
2017,COL,B0609,8753.390600,7298.539100,19435.164300,714.581200,0.146600,1533.534100
2017,COL,F,245296.365200,215514.312900,529026.353000,358.471500,110.983300,9577.446400
2017,COL,F09,245244.800000,215469.126200,528910.645500,358.431000,110.955300,9575.039100
2017,CRI,B06,0.307000,0.258500,1.219200,0.020400,0.011200,0.041000
2017,CRI,B0609,0.498200,0.416400,1.662200,0.032200,0.017900,0.063000
2017,CRI,F,39658.027700,31016.250500,97119.248400,1226.793900,710.886000,1555.154400
2017,CRI,F09,39657.836500,31016.092600,97118.805400,1226.782100,710.879300,1555.132400
2017,CYP,B06,11.450000,7.849600,23.491600,5.120100,5.094400,0.267600
2017,CYP,B0609,11.901100,8.168400,24.212400,5.121000,5.095200,0.293800
2017,CYP,F,21839.156500,12778.068800,42498.499500,1295.545800,1277.910400,629.650300
2017,CYP,F09,21838.705400,12777.750000,42497.778700,1295.544900,1277.909600,629.624100
2017,CZE,B06,11.962200,9.912200,121.809900,0.378600,0.214100,0.209500
2017,CZE,B0609,86.198500,65.042100,268.152500,0.417200,0.220400,4.697300
2017,CZE,F,292225.979400,199651.567600,496243.454600,365.389300,157.641700,7395.467800
2017,CZE,F09,292151.743100,199596.437700,496097.112000,365.350700,157.635400,7390.980000
2017,DEU,B06,1655.490200,825.361600,2336.769400,4.900200,3.831100,94.006900
2017,DEU,B0609,1838.525200,963.127300,2689.403300,5.331600,4.082700,104.823800
2017,DEU,F,3369268.621400,2668512.254000,6793284.810200,9648.140900,4445.140100,98740.103000
2017,DEU,F09,3369085.586400,2668374.488300,6792932.176300,9647.709500,4444.888500,98729.286100
2017,DNK,B06,1035.722500,644.666100,3459.967100,13.074000,5.839200,38.576800
2017,DNK,B0609,1486.982200,936.068400,4127.815100,19.609600,8.814500,58.915200
2017,DNK,F,276616.636800,192001.275300,575402.203200,2148.349600,1301.685900,12377.138500
2017,DNK,F09,276165.377100,191709.873000,574734.355200,2141.814000,1298.710600,12356.800100
2017,EGY,B06,4037.853200,3031.137900,27406.582800,1280.319400,750.432600,-7.656300
2017,EGY,B0609,4232.527000,3179.272500,28167.607500,1281.366500,751.420100,-4.912400
2017,EGY,F,117838.689700,91911.835100,330736.930700,2571.307600,1742.908300,-941.669600
2017,EGY,F09,117644.015900,91763.700500,329975.906000,2570.260500,1741.920800,-944.413500
2017,ESP,B06,83.881900,71.706400,902.615400,0.654900,0.354200,6.334700
2017,ESP,B0609,189.734800,155.058300,1111.856100,1.377700,0.741600,14.193700
2017,ESP,F,1104861.702800,890304.324000,2327429.995100,1787.468700,940.231500,32917.396600
2017,ESP,F09,1104755.849900,890220.972100,2327220.754400,1786.745900,939.844100,32909.537600
2017,EST,B06,124.767500,67.137100,339.263500,1.331100,0.611100,15.088100
2017,EST,B0609,125.853000,67.719600,341.947500,1.341800,0.616500,15.212000
2017,EST,F,28291.120300,18663.711300,52684.451000,186.749800,115.271600,1234.819500
2017,EST,F09,28290.034800,18663.128800,52681.767000,186.739100,115.266200,1234.695600
2017,FIN,B06,0.000000,0.000000,0.000000,0.000000,0.000000,0.000000
2017,FIN,B0609,105.547400,66.886500,203.842300,0.714000,0.433400,4.978300
2017,FIN,F,238786.416100,182078.638000,470345.885700,1504.244600,669.471200,10472.726400
2017,FIN,F09,238680.868700,182011.751500,470142.043400,1503.530600,669.037800,10467.748100
2017,FRA,B06,113.150900,93.405900,253.912800,0.350700,0.220300,6.373300
2017,FRA,B0609,402.382900,306.243900,821.815900,1.196000,0.747600,31.081600
2017,FRA,F,2235474.538800,1814237.003700,4636092.789800,2545.875200,1559.183800,89280.272300
2017,FRA,F09,2235185.306800,1814024.165700,4635524.886700,2545.029900,1558.656500,89255.564000
2017,GBR,B06,12821.849500,9680.027600,30659.537900,274.770800,173.158500,413.905900
2017,GBR,B0609,17482.428300,13485.934300,36955.195400,278.625700,175.973000,542.534600
2017,GBR,F,2106627.472500,1760959.601500,4553186.258400,7532.996300,5080.393500,74253.886300
2017,GBR,F09,2101966.893700,1757153.694800,4546890.600900,7529.141400,5077.579000,74125.257600
2017,GRC,B06,42.567400,37.301400,58.635700,0.190100,0.142400,2.005800
2017,GRC,B0609,73.829800,61.098700,104.021000,0.485500,0.385000,4.575600
2017,GRC,F,145368.423200,106786.867100,324449.361900,5702.505300,966.429400,4734.951000
2017,GRC,F09,145337.160800,106763.069800,324403.976600,5702.209900,966.186800,4732.381200
2017,HKG,B06,0.000000,0.000000,0.000000,0.000000,0.000000,0.000000
2017,HKG,B0609,273.793200,153.802000,316.653000,8.972800,7.776300,0.322800
2017,HKG,F,282487.235200,227353.005000,615825.380100,17835.906500,9873.623500,5992.150000
2017,HKG,F09,282213.442000,227199.203000,615508.727100,17826.933700,9865.847200,5991.827200
2017,HRV,B06,16.258000,11.578200,51.764100,0.116900,0.069800,1.156700
2017,HRV,B0609,111.708600,82.268500,221.334700,0.504900,0.330300,9.829400
2017,HRV,F,44760.615200,33437.129300,93505.056700,230.663800,167.444000,2413.236900
2017,HRV,F09,44665.164600,33366.439000,93335.486100,230.275800,167.183500,2404.564200
2017,HUN,B06,15.392000,9.286200,72.039100,0.129300,0.062000,0.960800
2017,HUN,B0609,82.757300,47.752300,217.288900,0.162300,0.068300,4.571100
2017,HUN,F,153083.518200,81507.444400,281164.486900,240.478700,83.275700,6685.559200
2017,HUN,F09,153016.152900,81468.978300,281019.237100,240.445700,83.269400,6681.948900
2017,IDN,B06,31923.672000,27732.521200,60211.115300,284.870800,255.552900,261.671000
2017,IDN,B0609,32980.664100,28655.223100,65962.228700,290.799800,260.722400,272.110700
2017,IDN,F,846694.255200,743766.170300,1803598.826800,4787.314900,4273.633500,8414.214100
2017,IDN,F09,845637.263100,742843.468400,1797847.713400,4781.385900,4268.464000,8403.774400
2017,IND,B06,6326.478800,5232.898500,21151.418100,234.559200,0.008900,272.149300
2017,IND,B0609,10457.731900,8671.803100,39114.564100,324.764200,0.013500,501.376900
2017,IND,F,2150183.739500,1782599.900500,4542374.782000,16322.027200,2365.720000,84847.839300
2017,IND,F09,2146052.486400,1779160.995900,4524411.636000,16231.822200,2365.715400,84618.611700
2017,IRL,B06,148.421900,23.743500,174.627900,0.626400,0.205600,2.348300
2017,IRL,B0609,169.937800,33.653400,211.450800,0.686900,0.227400,2.935100
2017,IRL,F,320192.193500,122993.756600,638632.291900,839.772200,276.066600,7317.887300
2017,IRL,F09,320170.677600,122983.846700,638595.469000,839.711700,276.044800,7317.300500
2017,ISL,B06,0.490700,0.358500,1.324300,0.027400,0.010400,0.029900
2017,ISL,B0609,0.521100,0.383200,1.435400,0.028100,0.010800,0.032100
2017,ISL,F,22195.204700,16649.971100,45042.009200,576.601600,268.668700,903.565100
2017,ISL,F09,22195.174300,16649.946400,45041.898100,576.600900,268.668300,903.562900
2017,ISR,B06,272.232500,221.561700,701.709800,20.129700,16.284200,12.892300
2017,ISR,B0609,356.041200,288.686600,907.073300,22.641100,18.348400,17.649400
2017,ISR,F,270429.328700,219692.294200,601188.667300,7735.100800,6413.908400,7374.886500
2017,ISR,F09,270345.520000,219625.169300,600983.303800,7732.589400,6411.844200,7370.129400
2017,ITA,B06,5437.231400,4421.779100,8533.988800,30.484700,23.569300,236.483100
2017,ITA,B0609,5706.857300,4636.624100,9139.891500,33.849200,24.808000,256.618300
2017,ITA,F,1879591.883000,1569188.078500,3697980.224700,10849.832300,6076.638800,61436.772000
2017,ITA,F09,1879322.257100,1568973.233500,3697374.322000,10846.467800,6075.400100,61416.636800
2017,JOR,B06,124.253600,61.906800,409.912000,17.332300,0.007500,4.135100
2017,JOR,B0609,183.069900,103.418400,596.880300,18.064600,0.008800,5.298500
2017,JOR,F,31502.668700,20726.743000,69131.867400,553.487300,52.367000,744.003800
2017,JOR,F09,31443.852400,20685.231400,68944.899100,552.755000,52.365700,742.840400
2017,JPN,B06,733.698700,675.715200,1205.318900,3.549600,2.250700,32.871500
2017,JPN,B0609,1735.896100,1532.450500,3111.967000,12.456600,3.359100,197.299300
2017,JPN,F,4083735.048800,3557777.504100,8810690.244400,42600.667000,22832.424800,156433.095200
2017,JPN,F09,4082732.851400,3556920.768800,8808783.596300,42591.760000,22831.316400,156268.667400
2017,KAZ,B06,15903.386200,14067.818200,32539.610300,123.509600,12.611800,218.843000
2017,KAZ,B0609,16965.936100,14997.981500,34789.631800,126.943000,13.256700,271.090900
2017,KAZ,F,117651.465600,101758.798500,260155.384000,598.425500,75.743600,1878.826200
2017,KAZ,F09,116588.915700,100828.635200,257905.362500,594.992100,75.098700,1826.578300
2017,KHM,B06,0.000000,0.000000,0.000000,0.000000,0.000000,0.000000
2017,KHM,B0609,29.078000,24.991000,67.732800,0.112600,0.012000,0.397600
2017,KHM,F,17170.209700,10310.023700,38943.712300,213.860400,23.801100,470.444000
2017,KHM,F09,17141.131700,10285.032700,38875.979500,213.747800,23.789100,470.046400
2017,KOR,B06,21.971400,18.220900,108.448200,0.039000,0.030000,0.476600
2017,KOR,B0609,27.489200,22.599700,127.638500,0.071000,0.049900,0.846600
2017,KOR,F,2034628.275300,1603746.343000,3576236.066100,14507.530100,9054.656700,56394.363400
2017,KOR,F09,2034622.757500,1603741.964200,3576216.875800,14507.498100,9054.636800,56393.993400
2017,LAO,B06,28.549500,24.586100,207.180900,0.030100,0.013300,0.965000
2017,LAO,B0609,85.939800,73.526700,406.231800,0.092900,0.040700,2.552300
2017,LAO,F,9672.986500,7849.522600,24840.829400,22.755000,10.189000,354.687600
2017,LAO,F09,9615.596200,7800.582000,24641.778500,22.692200,10.161600,353.100300
2017,LTU,B06,43.390100,27.969300,95.281600,0.076200,0.029400,1.779900
2017,LTU,B0609,47.416300,30.494600,117.984400,0.089800,0.029700,2.026700
2017,LTU,F,37184.958400,21516.018700,81872.811400,207.473600,30.961200,1783.495900
2017,LTU,F09,37180.932200,21513.493400,81850.108600,207.460000,30.960900,1783.249100
2017,LUX,B06,0.000000,0.000000,0.000000,0.000000,0.000000,0.000000
2017,LUX,B0609,0.000000,0.000000,0.000000,0.000000,0.000000,0.000000
2017,LUX,F,154619.253800,75713.250800,217246.179900,361.104700,35.862700,2718.568500
2017,LUX,F09,154619.253800,75713.250800,217246.179900,361.104700,35.862700,2718.568500
2017,LVA,B06,0.000000,0.000000,0.000000,0.000000,0.000000,0.000000
2017,LVA,B0609,1.704600,1.032700,2.312900,0.013300,0.003100,0.270300
2017,LVA,F,28202.411000,21392.231700,56202.604400,207.223900,64.044300,1368.249700
2017,LVA,F09,28200.706400,21391.199000,56200.291500,207.210600,64.041200,1367.979400
2017,MAR,B06,4.166600,2.515200,21.858500,0.317700,0.001900,0.494600
2017,MAR,B0609,11.143200,6.788600,78.639600,0.513000,0.004800,1.593700
2017,MAR,F,85138.548000,61374.297300,196354.745900,1232.934800,123.268700,4862.826600
2017,MAR,F09,85131.571400,61370.023900,196297.964800,1232.739500,123.265800,4861.727500
2017,MEX,B06,11353.037600,8983.773200,40507.709500,265.966700,0.063000,315.745000
2017,MEX,B0609,15946.968700,12594.420900,48453.486500,306.136400,0.093200,462.413600
2017,MEX,F,916826.021800,667143.890600,2053794.421200,5222.021500,545.259600,16765.467400
2017,MEX,F09,912232.090700,663533.242900,2045848.644200,5181.851800,545.229400,16618.798800
2017,MLT,B06,7.170600,2.773600,11.127400,0.008200,0.006300,0.200800
2017,MLT,B0609,10.903400,4.187500,16.601900,0.011400,0.008700,0.301000
2017,MLT,F,22111.542100,12877.871300,35206.671000,227.989000,14.677100,445.637300
2017,MLT,F09,22107.809300,12876.457400,35201.196500,227.985800,14.674700,445.537100
2017,MMR,B06,2545.082700,1779.184200,4243.712900,207.836900,104.521600,55.137900
2017,MMR,B0609,2568.207400,1795.580300,4284.185900,208.595100,104.933800,55.725200
2017,MMR,F,83502.641100,74213.643800,140561.995000,1187.396900,723.205600,508.917000
2017,MMR,F09,83479.516400,74197.247700,140521.522000,1186.638700,722.793400,508.329700
2017,MYS,B06,29144.584200,22608.752800,40652.414200,292.657100,185.062500,181.245200
2017,MYS,B0609,31112.803500,24045.415000,44757.684400,307.670300,196.194500,196.671200
2017,MYS,F,439819.155400,320781.314500,745912.288000,3218.526000,2322.961700,2793.517100
2017,MYS,F09,437850.936100,319344.652300,741807.017800,3203.512800,2311.829700,2778.091100
2017,NGA,B06,13501.243500,11646.253600,47757.025400,685.607100,0.952000,70.345000
2017,NGA,B0609,13542.147800,11680.912800,47840.359500,686.637600,0.955500,70.669600
2017,NGA,F,259579.521700,239096.160700,600077.821200,2317.211400,87.875100,1845.425900
2017,NGA,F09,259538.617400,239061.501500,599994.487100,2316.180900,87.871600,1845.101300
2017,NLD,B06,3755.820000,2807.698700,17677.111600,19.483900,10.149400,165.016400
2017,NLD,B0609,5270.071000,3604.671700,20405.181500,20.453000,10.879100,212.979700
2017,NLD,F,836501.110400,582780.012200,1594917.927900,3743.407400,1852.991000,26659.830900
2017,NLD,F09,834986.859400,581983.039200,1592189.858000,3742.438300,1852.261300,26611.867600
2017,NOR,B06,6380.243200,5241.658700,64697.669100,84.969700,21.641500,74.839200
2017,NOR,B0609,13675.017600,11137.929600,76006.636500,122.568200,45.582400,309.360400
2017,NOR,F,286124.870700,226029.809700,596586.788700,4875.616000,2218.706200,12379.756500
2017,NOR,F09,278830.096300,220133.538800,585277.821300,4838.017500,2194.765300,12145.235300
2017,NZL,B06,1215.260300,982.926700,2498.328100,5.859500,5.035500,31.649500
2017,NZL,B0609,1403.053900,1140.091500,2969.428800,6.301900,5.386600,37.317100
2017,NZL,F,194557.692900,171399.691700,382179.847100,269.529300,208.694300,3990.708300
2017,NZL,F09,194369.899300,171242.526900,381708.746400,269.086900,208.343200,3985.040700
2017,PAK,B06,3572.918200,2888.635400,9249.876900,265.067800,187.404000,113.395800
2017,PAK,B0609,3788.394100,3066.652800,9792.784300,272.305900,192.671800,122.881800
2017,PAK,F,227432.827700,202770.254700,524533.185300,5304.059100,3998.594500,719.175400
2017,PAK,F09,227217.351800,202592.237300,523990.277900,5296.821000,3993.326700,709.689400
2017,PER,B06,1819.898900,1637.728100,3161.191800,13.882600,13.310100,50.193100
2017,PER,B0609,2467.308700,2179.662300,4784.952900,14.407800,13.724400,65.882500
2017,PER,F,155111.165400,130880.110200,352711.238000,222.661500,191.634100,4750.806600
2017,PER,F09,154463.755600,130338.176000,351087.476900,222.136300,191.219800,4735.117200
2017,PHL,B06,303.153500,200.009700,916.813100,10.153100,0.029500,10.953000
2017,PHL,B0609,412.935700,270.646800,1089.853200,11.580000,0.042400,15.820600
2017,PHL,F,288008.971200,225027.245100,601916.110500,2659.679000,326.632100,4646.193100
2017,PHL,F09,287899.189000,224956.608000,601743.070400,2658.252100,326.619200,4641.325500
2017,POL,B06,96.596800,65.542600,166.760000,0.287300,0.096500,3.628800
2017,POL,B0609,308.619000,210.824200,1357.390200,0.805600,0.272900,16.428000
2017,POL,F,579684.838600,440064.895600,1060210.560700,1415.587600,375.587500,20065.193600
2017,POL,F09,579472.816400,439919.614000,1059019.930500,1415.069300,375.411100,20052.394400
2017,PRT,B06,0.000000,0.000000,0.000000,0.000000,0.000000,0.000000
2017,PRT,B0609,46.170300,29.921700,70.682200,0.123500,0.060300,3.513600
2017,PRT,F,192991.995100,143722.472000,393101.022900,187.885800,98.008800,8415.117500
2017,PRT,F09,192945.824800,143692.550300,393030.340700,187.762300,97.948500,8411.603900
2017,ROU,B06,647.665700,521.811700,1611.328300,9.903400,0.001600,20.682900
2017,ROU,B0609,868.531000,708.961800,2027.330000,10.068000,0.138000,29.641900
2017,ROU,F,201106.832500,153872.091500,396757.058200,958.213800,270.056400,6495.803400
2017,ROU,F09,200885.967200,153684.941400,396341.056500,958.049200,269.920000,6486.844400
2017,RUS,B06,12124.614800,11413.095200,123157.743400,122.068200,15.185100,136.835400
2017,RUS,B0609,103209.763400,96903.375000,225344.706500,197.056800,49.882200,1395.658400
2017,RUS,F,1382619.610400,1240278.284800,2723061.058900,3815.598200,1286.301400,30469.882800
2017,RUS,F09,1291534.461800,1154788.005000,2620874.095800,3740.609600,1251.604300,29211.059800
2017,SAU,B06,15903.217900,10864.058600,174797.341500,33.996300,22.819900,32.860900
2017,SAU,B0609,16378.772900,11153.456600,175914.919700,34.900900,23.434100,34.746000
2017,SAU,F,349595.111100,275383.299200,874975.231500,1002.162000,662.193000,1889.090200
2017,SAU,F09,349119.556100,275093.901200,873857.653300,1001.257400,661.578800,1887.205100
2017,SEN,B06,3.011200,2.293800,5.434700,0.269900,0.000200,0.019700
2017,SEN,B0609,28.388000,24.049700,40.410000,0.444600,0.007900,0.542300
2017,SEN,F,14128.183200,10807.736800,33545.893300,527.156900,6.605900,412.472400
2017,SEN,F09,14102.806400,10785.980900,33510.918000,526.982200,6.598200,411.949800
2017,SGP,B06,0.000000,0.000000,0.000000,0.000000,0.000000,0.000000
2017,SGP,B0609,0.000000,0.000000,0.000000,0.000000,0.000000,0.000000
2017,SGP,F,513281.582300,266946.474600,843937.779900,31712.381300,6906.846400,8240.726000
2017,SGP,F09,513281.582300,266946.474600,843937.779900,31712.381300,6906.846400,8240.726000
2017,STP,B06,0.211600,0.146900,0.690800,0.030300,0.000200,0.001600
2017,STP,B0609,0.373300,0.263800,1.027700,0.039900,0.000400,0.003300
2017,STP,F,301.362700,246.338300,674.707600,8.472500,0.313600,1.767100
2017,STP,F09,301.201000,246.221400,674.370700,8.462900,0.313400,1.765400
2017,SVK,B06,0.209200,0.167100,0.406400,0.000900,0.000400,0.012400
2017,SVK,B0609,126.368400,113.617900,227.543100,0.023900,0.007200,2.992600
2017,SVK,F,127397.620000,79381.626300,216961.939900,197.075000,64.116000,4016.757900
2017,SVK,F09,127271.460800,79268.175500,216734.803200,197.052000,64.109200,4013.777700
2017,SVN,B06,0.000000,0.000000,0.000000,0.000000,0.000000,0.000000
2017,SVN,B0609,5.855300,3.433500,7.143700,0.021700,0.002600,0.755200
2017,SVN,F,47540.731500,30581.579100,92009.416500,175.132300,28.869800,2310.615800
2017,SVN,F09,47534.876200,30578.145600,92002.272800,175.110600,28.867200,2309.860600
2017,SWE,B06,47.955000,9.108600,69.714600,0.407300,0.286200,2.583200
2017,SWE,B0609,164.304900,101.415400,222.039700,1.713000,1.028200,10.260100
2017,SWE,F,478486.336600,376847.053900,978651.427400,3846.771900,2216.430100,20512.341200
2017,SWE,F09,478369.986700,376754.747100,978499.102300,3845.466200,2215.688100,20504.664300
2017,THA,B06,4976.938000,3468.629700,12640.332400,24.186100,18.073200,127.046800
2017,THA,B0609,5154.565700,3599.059400,14575.728300,24.895000,18.609100,146.038100
2017,THA,F,571255.387000,413192.455400,994805.533500,2807.651100,2135.940400,17519.602300
2017,THA,F09,571077.759300,413062.025700,992870.137600,2806.942200,2135.404500,17500.611000
2017,TUN,B06,589.394000,384.670500,1665.018700,22.502300,0.004100,-3.173800
2017,TUN,B0609,686.933900,459.793700,1844.307200,22.915000,0.072700,-2.608600
2017,TUN,F,31164.943600,20533.989600,67229.308200,513.357200,81.308200,484.472100
2017,TUN,F09,31067.403700,20458.866400,67050.019700,512.944500,81.239600,483.906900
2017,TUR,B06,699.133400,598.773300,2095.987900,9.893200,3.897600,22.011800
2017,TUR,B0609,802.939700,674.854100,2635.393200,14.276700,5.506600,29.564000
2017,TUR,F,837583.042500,686585.072600,1635063.576500,6929.046100,3428.876800,36873.627300
2017,TUR,F09,837479.236200,686508.991800,1634524.171200,6924.662600,3427.267800,36866.075100
2017,TWN,B06,137.416700,86.439500,442.037700,3.146200,2.688400,1.105400
2017,TWN,B0609,536.136400,367.459700,1168.966700,3.539800,2.854300,6.865200
2017,TWN,F,690503.468900,491755.203300,1270911.215200,3940.857500,2935.438500,4328.286600
2017,TWN,F09,690104.749200,491474.183100,1270184.286200,3940.463900,2935.272600,4322.526800
2017,UKR,B06,1587.155300,1111.076800,4893.924000,39.616200,11.440000,64.856600
2017,UKR,B0609,3252.915100,2339.671900,6690.375800,79.222800,21.856100,123.985600
2017,UKR,F,133841.471900,104376.665800,230377.445900,1920.356100,705.674200,5144.928800
2017,UKR,F09,132175.712100,103148.070700,228580.994100,1880.749500,695.258100,5085.799800
2017,USA,B06,128424.838700,105868.107800,298409.446600,1345.208600,678.460800,1959.621900
2017,USA,B0609,172149.620200,146618.329800,386408.956700,1376.687600,705.759600,2814.089900
2017,USA,F,14720167.269100,13614104.832800,33611456.380900,41030.407100,24276.272300,159817.855600
2017,USA,F09,14676442.487600,13573354.610800,33523456.870800,40998.928100,24248.973500,158963.387600
2017,VNM,B06,2323.350500,1707.250600,4277.209800,22.529200,14.935800,91.372600
2017,VNM,B0609,3003.138600,2240.379700,5392.861600,27.161200,18.701400,140.213600
2017,VNM,F,638922.908700,465664.207600,909264.791100,4499.234800,3501.004400,16450.889000
2017,VNM,F09,638243.120600,465131.078500,908149.139300,4494.602800,3497.238800,16402.048000
2017,ZAF,B06,765.674300,648.541800,1086.337800,5.211200,0.007000,19.493300
2017,ZAF,B0609,1389.581300,1185.014200,1994.566300,9.912200,0.030500,87.503500
2017,ZAF,F,396236.973700,334942.035900,754519.587100,2702.748000,180.753000,13876.748100
2017,ZAF,F09,395613.066700,334405.563500,753611.358600,2698.047000,180.729500,13808.737900
2017,ROW,B06,210120.986600,191396.161500,649840.218000,3844.059400,809.882700,1041.094100
2017,ROW,B0609,239423.322300,216632.896700,716067.349600,4183.115500,922.705300,1299.877100
2017,ROW,F,2495165.510100,2004442.361500,5701808.344700,41031.111700,17285.807600,40682.912000
2017,ROW,F09,2465863.174400,1979205.626300,5635581.213100,40692.055600,17172.985000,40424.129000
2018,AGO,B06,7933.036600,6720.906900,36436.327300,306.796200,68.304900,12.130600
2018,AGO,B0609,9125.701400,7691.137800,41888.982400,327.377800,74.693600,14.911300
2018,AGO,F,40024.867900,31248.262100,112735.513900,937.057800,285.788900,105.325900
2018,AGO,F09,38832.203100,30278.031200,107282.858800,916.476200,279.400200,102.545200
2018,ARE,B06,23104.317000,16998.513000,125508.251900,247.919500,2.000200,44.949000
2018,ARE,B0609,32772.418200,23957.067900,147564.121900,289.644000,3.033200,63.087300
2018,ARE,F,308530.873200,202786.325600,635403.668600,2459.468400,234.789900,794.586800
2018,ARE,F09,298862.772000,195827.770700,613347.798600,2417.743900,233.756900,776.448500
2018,ARG,B06,9656.489000,8759.364600,23710.953200,354.331400,0.087900,716.086000
2018,ARG,B0609,11649.140000,10576.879800,29115.663600,354.945300,0.574300,832.105600
2018,ARG,F,376258.750900,338503.454300,828268.962100,1154.745400,127.461800,20984.688800
2018,ARG,F09,374266.099900,336685.939100,822864.251700,1154.131500,126.975400,20868.669200
2018,AUS,B06,14842.672400,13613.017700,57170.948900,726.580600,707.301000,225.614600
2018,AUS,B0609,21325.141000,19530.280600,69484.276600,763.830500,742.769200,323.001700
2018,AUS,F,1286658.315400,1162907.173600,2591052.327400,4790.492000,4450.002300,24100.098300
2018,AUS,F09,1280175.846800,1156989.910700,2578738.999700,4753.242100,4414.534100,24002.711200
2018,AUT,B06,511.655100,268.017800,1221.502600,2.249000,0.177600,23.736400
2018,AUT,B0609,579.162600,319.676800,1356.527200,2.515600,0.182200,26.881300
2018,AUT,F,426812.619900,309358.218400,845564.915500,1492.347600,104.390800,12628.352500
2018,AUT,F09,426745.112400,309306.559400,845429.890900,1492.081000,104.386200,12625.207600
2018,BEL,B06,0.000000,0.000000,0.000000,0.000000,0.000000,0.000000
2018,BEL,B0609,12.744200,7.358500,15.433000,0.024900,0.015300,0.562800
2018,BEL,F,609402.663100,415338.723100,1112978.094600,3660.326700,862.340400,19146.844400
2018,BEL,F09,609389.918900,415331.364600,1112962.661600,3660.301800,862.325100,19146.281600
2018,BGD,B06,1398.252700,1185.135800,4112.531600,78.734600,50.403000,10.581700
2018,BGD,B0609,1477.588900,1252.488900,4301.690800,81.199600,52.034300,11.654900
2018,BGD,F,191126.729300,165083.392000,437866.687800,4781.665900,3320.315800,2602.251500
2018,BGD,F09,191047.393100,165016.038900,437677.528600,4779.200900,3318.684500,2601.178300
2018,BGR,B06,46.400200,3.408700,72.758900,0.350900,0.250600,6.548600
2018,BGR,B0609,77.303200,24.371800,118.630700,0.869100,0.253600,8.786900
2018,BGR,F,74620.537700,51037.745900,135429.081300,674.978100,61.220100,3279.195000
2018,BGR,F09,74589.634700,51016.782800,135383.209500,674.459900,61.217100,3276.956700
2018,BLR,B06,186.403300,56.820800,541.139700,1.977800,0.034200,25.066600
2018,BLR,B0609,232.949100,76.025400,684.238100,2.327900,0.066800,31.130700
2018,BLR,F,61700.013600,36150.311500,117480.544000,657.611200,119.753700,3849.777400
2018,BLR,F09,61653.467800,36131.106900,117337.445600,657.261100,119.721100,3843.713300
2018,BRA,B06,28382.597700,23128.077800,55409.628600,2779.458900,867.107500,2620.559500
2018,BRA,B0609,31337.299000,25800.040400,61098.685400,2789.443500,871.357900,2868.888900
2018,BRA,F,1523656.293500,1380686.756600,3231844.600400,4991.529800,2354.486100,87428.088300
2018,BRA,F09,1520701.592200,1378014.794000,3226155.543600,4981.545200,2350.235700,87179.758900
2018,BRN,B06,1827.032100,1460.539800,5732.894900,53.189200,50.999300,-16.974600
2018,BRN,B0609,2180.810600,1777.668400,6646.702700,56.874800,54.453000,-19.826800
2018,BRN,F,10145.077500,9097.115400,20011.863200,133.453000,125.970800,-122.353500
2018,BRN,F09,9791.299000,8779.986800,19098.055400,129.767400,122.517100,-119.501300
2018,CAN,B06,42924.576000,34968.746900,99244.101800,64.875300,28.894300,779.402800
2018,CAN,B0609,49028.696700,39719.802200,117462.246800,79.077200,34.272000,1004.522600
2018,CAN,F,1356666.076600,1078519.121200,2934741.378900,6380.651500,1013.142100,25843.795800
2018,CAN,F09,1350561.955900,1073768.065900,2916523.233900,6366.449600,1007.764400,25618.676000
2018,CHE,B06,4.533200,3.530800,8.534800,0.079200,0.050800,0.075100
2018,CHE,B0609,14.984600,11.761200,41.722000,0.167200,0.115600,0.271800
2018,CHE,F,802460.506200,619833.017600,1514679.936200,12515.930300,8610.431200,7469.048100
2018,CHE,F09,802450.054800,619824.787200,1514646.749000,12515.842300,8610.366400,7468.851400
2018,CHL,B06,115.456600,80.051900,246.376100,1.314100,0.110400,2.122500
2018,CHL,B0609,316.651100,228.485500,840.498100,2.795300,0.432100,8.967000
2018,CHL,F,236016.896700,196886.922300,508234.146900,2017.637900,315.861600,7102.964000
2018,CHL,F09,235815.702200,196738.488700,507640.024900,2016.156700,315.539900,7096.119500
2018,CHN,B06,148433.988600,136648.334300,267242.458600,872.993300,650.159900,3722.620400
2018,CHN,B0609,168058.306000,155036.656500,295360.230200,1008.554200,754.241600,4800.540100
2018,CHN,F,21160873.158200,19572854.596800,34343111.307400,190720.139700,141385.742700,507179.013600
2018,CHN,F09,21141248.840800,19554466.274600,34314993.535800,190584.578800,141281.661000,506101.093900
2018,CIV,B06,71.503400,57.675100,119.229000,0.659500,0.011000,1.907900
2018,CIV,B0609,98.329800,80.028300,157.732000,0.849900,0.019300,2.365100
2018,CIV,F,35008.146000,29172.407500,90381.474800,213.332800,52.114600,1238.817800
2018,CIV,F09,34981.319600,29150.054300,90342.971800,213.142400,52.106300,1238.360600
2018,CMR,B06,678.498700,461.486600,2213.245700,9.131200,5.970600,53.016300
2018,CMR,B0609,788.204300,535.562900,2511.688500,10.388000,6.830300,63.702800
2018,CMR,F,18629.201100,15167.938000,54799.749000,269.951700,169.621900,1024.757500
2018,CMR,F09,18519.495500,15093.861700,54501.306200,268.694900,168.762200,1014.071000
2018,COD,B06,77.312800,68.930600,334.419500,0.567300,0.247300,0.407200
2018,COD,B0609,164.183200,152.025800,622.439300,1.110200,0.732000,0.694900
2018,COD,F,21242.596600,14910.655400,66650.699500,277.148000,113.712400,323.453200
2018,COD,F09,21155.726200,14827.560200,66362.679700,276.605100,113.227700,323.165500
2018,COL,B06,9940.747600,8328.383400,23659.034400,739.204000,0.139200,1673.359300
2018,COL,B0609,9993.767000,8374.286200,23780.626100,739.247900,0.170500,1676.260500
2018,COL,F,261954.333500,229676.441900,562643.465900,409.068000,117.725700,9354.965000
2018,COL,F09,261901.314100,229630.539100,562521.874200,409.024100,117.694400,9352.063800
2018,CRI,B06,0.440900,0.355700,1.716100,0.039400,0.017500,0.055300
2018,CRI,B0609,0.651200,0.521900,2.267600,0.057100,0.025400,0.077900
2018,CRI,F,41293.050800,31619.224900,100747.976000,1225.847300,617.294400,1568.084600
2018,CRI,F09,41292.840500,31619.058700,100747.424500,1225.829600,617.286500,1568.062000
2018,CYP,B06,12.482600,8.550500,25.948200,4.148200,4.100400,0.433100
2018,CYP,B0609,12.979400,8.906200,26.744400,4.149000,4.101100,0.464100
2018,CYP,F,24601.384900,15050.938000,47631.912600,1312.760600,1285.708900,732.627700
2018,CYP,F09,24600.888100,15050.582300,47631.116400,1312.759800,1285.708200,732.596700
2018,CZE,B06,17.287100,14.735700,174.894400,0.505800,0.283500,0.193200
2018,CZE,B0609,94.641700,70.738100,315.082100,0.553600,0.290200,3.071000
2018,CZE,F,333296.505700,228688.173800,564905.820100,418.884800,175.754500,7071.304800
2018,CZE,F09,333219.151100,228632.171400,564765.632400,418.837000,175.747800,7068.427000
2018,DEU,B06,3506.857400,2324.756900,4313.402600,10.319600,5.283600,157.451000
2018,DEU,B0609,3558.030100,2361.478600,4498.459900,10.455900,5.352400,160.182500
2018,DEU,F,3665147.913400,2882412.539400,7364619.000900,11593.131600,5254.615300,118598.102500
2018,DEU,F09,3665096.740700,2882375.817700,7364433.943600,11592.995300,5254.546500,118595.371000
2018,DNK,B06,1066.126200,617.117000,4067.331500,16.103400,6.961600,42.899600
2018,DNK,B0609,1397.301500,821.904800,4531.337200,21.665600,9.340200,58.415800
2018,DNK,F,302322.821500,205778.945100,622640.242800,2455.647300,1429.133500,13651.221500
2018,DNK,F09,301991.646200,205574.157300,622176.237100,2450.085100,1426.754900,13635.705300
2018,EGY,B06,2221.787800,1865.543000,30317.617000,136.991100,89.438700,20.682700
2018,EGY,B0609,2405.074100,2012.575700,31243.593400,142.577800,93.229300,23.778700
2018,EGY,F,134739.448600,107025.312000,390022.199900,4190.586000,2900.991800,-90.311300
2018,EGY,F09,134556.162300,106878.279300,389096.223500,4184.999300,2897.201200,-93.407300
2018,ESP,B06,650.123300,554.391300,1195.601800,5.174100,2.847500,42.654200
2018,ESP,B0609,769.266900,647.378200,1514.360600,6.173600,3.394900,52.290400
2018,ESP,F,1222420.874400,979813.999800,2545411.350700,2056.577200,1110.903200,36938.040700
2018,ESP,F09,1222301.730800,979721.012900,2545092.591900,2055.577700,1110.355800,36928.404500
2018,EST,B06,144.709900,78.160900,351.391000,1.276600,0.600000,17.319300
2018,EST,B0609,149.499300,80.743700,360.736100,1.316100,0.620600,17.849600
2018,EST,F,32271.032400,21418.475900,60129.056400,236.944200,129.987000,1406.621600
2018,EST,F09,32266.243000,21415.893100,60119.711300,236.904700,129.966400,1406.091300
2018,FIN,B06,0.000000,0.000000,0.000000,0.000000,0.000000,0.000000
2018,FIN,B0609,127.002300,81.318400,218.781000,0.328200,0.243900,7.349900
2018,FIN,F,265797.061200,200059.904800,515132.154700,736.571600,531.255200,11599.289300
2018,FIN,F09,265670.058900,199978.586400,514913.373700,736.243400,531.011300,11591.939400
2018,FRA,B06,201.796200,168.381900,396.742100,0.455700,0.157500,11.343600
2018,FRA,B0609,527.934000,409.344700,1089.859900,1.285600,0.502400,39.736300
2018,FRA,F,2413257.813000,1952414.276400,4993242.585400,3618.224200,1775.878600,98074.375400
2018,FRA,F09,2412931.675200,1952173.313600,4992549.467600,3617.394300,1775.533700,98045.982700
2018,GBR,B06,14619.428400,10738.251700,40945.307600,427.283600,247.523400,521.720300
2018,GBR,B0609,19411.544500,14642.677300,47594.238100,430.859500,250.021800,664.147500
2018,GBR,F,2305510.934200,1909238.681400,4920623.851800,7520.542700,4799.939100,78932.809100
2018,GBR,F09,2300718.818100,1905334.255800,4913974.921300,7516.966800,4797.440700,78790.381900
2018,GRC,B06,46.348800,39.985200,64.770000,0.198600,0.145200,2.830700
2018,GRC,B0609,70.144300,57.311500,114.322900,0.462500,0.365700,4.903500
2018,GRC,F,159768.453500,112287.514300,349486.124500,7184.308700,1187.391200,5963.520800
2018,GRC,F09,159744.658000,112270.188000,349436.571600,7184.044800,1187.170700,5961.448000
2018,HKG,B06,0.000000,0.000000,0.000000,0.000000,0.000000,0.000000
2018,HKG,B0609,282.756700,224.205500,333.116700,8.891200,5.909500,6.457900
2018,HKG,F,295739.850300,239046.769400,647091.564800,18604.070100,10773.948600,6845.006900
2018,HKG,F09,295457.093600,238822.563900,646758.448100,18595.178900,10768.039100,6838.549000
2018,HRV,B06,21.792500,6.405000,51.727600,0.160800,0.110000,1.833800
2018,HRV,B0609,159.603700,107.218600,270.586900,0.257700,0.187800,9.036900
2018,HRV,F,50275.239800,35092.568800,103423.292100,267.298400,185.929000,2611.204400
2018,HRV,F09,50137.428600,34991.755200,103204.432800,267.201500,185.851200,2604.001300
2018,HUN,B06,55.675200,35.524700,146.798200,0.304200,0.157500,3.427900
2018,HUN,B0609,187.000900,110.593300,426.519200,0.367200,0.168800,10.208800
2018,HUN,F,172127.548200,93138.045600,315106.131900,260.868700,92.443700,7372.722300
2018,HUN,F09,171996.222500,93062.977000,314826.410900,260.805700,92.432400,7365.941400
2018,IDN,B06,30707.532100,26059.285300,61949.726000,313.216900,281.190500,264.874100
2018,IDN,B0609,31815.624300,26997.164500,67867.186100,319.986000,286.979500,276.024200
2018,IDN,F,868784.148100,746066.518400,1846659.455700,5072.450300,4486.650800,8864.960700
2018,IDN,F09,867676.055900,745128.639200,1840741.995600,5065.681200,4480.861800,8853.810600
2018,IND,B06,5416.476500,4088.479400,21965.214400,317.994100,0.004400,206.714400
2018,IND,B0609,9586.216600,7549.012100,41235.162000,418.749700,0.008800,479.942400
2018,IND,F,2380137.813900,1955635.649200,4901227.881800,18154.233700,2595.958500,87089.164800
2018,IND,F09,2375968.073800,1952175.116500,4881957.934200,18053.478100,2595.954100,86815.936800
2018,IRL,B06,95.455000,14.307400,115.078500,0.269300,0.085700,1.176900
2018,IRL,B0609,113.464200,22.024600,152.103500,0.310200,0.092400,1.508200
2018,IRL,F,373407.391100,145271.892000,745686.091800,1136.224200,142.624300,8353.826700
2018,IRL,F09,373389.381900,145264.174800,745649.066800,1136.183300,142.617600,8353.495400
2018,ISL,B06,0.635100,0.463600,1.637900,0.037700,0.014900,0.036100
2018,ISL,B0609,0.671000,0.492400,1.759600,0.038500,0.015400,0.038500
2018,ISL,F,23858.792700,17772.876300,48185.286500,633.114900,302.754600,939.591900
2018,ISL,F09,23858.756800,17772.847500,48185.164800,633.114100,302.754100,939.589500
2018,ISR,B06,326.894100,261.885700,777.798200,22.064600,17.110200,15.702100
2018,ISR,B0609,381.975400,305.138800,941.690400,23.523700,18.271800,18.929100
2018,ISR,F,295269.301700,237830.065800,643210.863800,7082.267900,5713.452300,7536.138100
2018,ISR,F09,295214.220400,237786.812700,643046.971600,7080.808800,5712.290700,7532.911100
2018,ITA,B06,5998.680000,4919.224800,9617.328000,27.319800,21.530700,267.784200
2018,ITA,B0609,6386.303600,5230.617300,10301.849700,31.404700,23.063500,295.941200
2018,ITA,F,2026419.023200,1679558.312000,3964982.501500,11185.021100,6362.313400,64697.693200
2018,ITA,F09,2026031.399600,1679246.919500,3964297.979800,11180.936200,6360.780600,64669.536200
2018,JOR,B06,128.864900,65.322600,425.177000,16.512400,0.008500,4.338900
2018,JOR,B0609,189.707600,108.937600,619.108000,17.164500,0.010100,5.723400
2018,JOR,F,32621.654100,21456.296200,71658.224300,541.766600,56.189200,756.122600
2018,JOR,F09,32560.811400,21412.681200,71464.293300,541.114500,56.187600,754.738100
2018,JPN,B06,761.284900,696.925500,1243.604200,3.412300,2.169700,34.193500
2018,JPN,B0609,1817.924000,1591.783300,3223.398800,12.260000,3.423100,197.343500
2018,JPN,F,4303842.404900,3712934.889100,9140164.885900,40278.489800,22455.048000,163115.534100
2018,JPN,F09,4302785.765800,3712040.031300,9138185.091300,40269.642100,22453.794600,162952.384100
2018,KAZ,B06,18987.676000,17643.294200,39222.382500,14.518800,5.131300,253.370500
2018,KAZ,B0609,20047.950300,18471.583800,41454.123400,16.761000,5.737700,301.647200
2018,KAZ,F,108834.360900,92167.732400,258949.263100,824.895700,89.242600,2628.207600
2018,KAZ,F09,107774.086600,91339.442800,256717.522200,822.653500,88.636200,2579.930900
2018,KHM,B06,0.000000,0.000000,0.000000,0.000000,0.000000,0.000000
2018,KHM,B0609,30.278800,22.564900,73.511400,0.265300,0.000400,0.460800
2018,KHM,F,19006.538500,11590.600800,42670.940200,208.502100,34.102200,490.591300
2018,KHM,F09,18976.259700,11568.035900,42597.428800,208.236800,34.101800,490.130500
2018,KOR,B06,22.750100,19.189900,107.585600,0.032600,0.024600,0.499100
2018,KOR,B0609,28.901100,24.101700,126.482900,0.064400,0.043800,0.898900
2018,KOR,F,2184036.134900,1709981.665800,3823300.595500,14484.863600,8853.315200,61392.499900
2018,KOR,F09,2184029.983900,1709976.754000,3823281.698200,14484.831800,8853.296000,61392.100100
2018,LAO,B06,34.173100,25.914700,225.431200,0.328400,0.154000,1.270800
2018,LAO,B0609,96.230400,75.330700,439.774000,0.554100,0.257300,3.674200
2018,LAO,F,10699.987700,8648.841300,26904.545500,28.745700,12.852100,379.813700
2018,LAO,F09,10637.930400,8599.425300,26690.202700,28.520000,12.748800,377.410300
2018,LTU,B06,51.861500,30.696500,111.759300,0.176800,0.027400,2.432900
2018,LTU,B0609,57.081000,34.031300,138.388300,0.193000,0.028500,2.709800
2018,LTU,F,44313.445700,25802.992400,94615.038300,281.970600,38.455100,1978.034300
2018,LTU,F09,44308.226200,25799.657600,94588.409300,281.954400,38.454000,1977.757400
2018,LUX,B06,0.000000,0.000000,0.000000,0.000000,0.000000,0.000000
2018,LUX,B0609,0.000000,0.000000,0.000000,0.000000,0.000000,0.000000
2018,LUX,F,171986.218000,83924.338400,239782.345600,387.210500,41.911200,3255.451400
2018,LUX,F09,171986.218000,83924.338400,239782.345600,387.210500,41.911200,3255.451400
2018,LVA,B06,0.000000,0.000000,0.000000,0.000000,0.000000,0.000000
2018,LVA,B0609,1.704100,1.053500,1.655600,0.010800,0.001000,0.261000
2018,LVA,F,32098.735600,24102.466900,63534.695900,197.010300,42.451000,1548.741700
2018,LVA,F09,32097.031500,24101.413400,63533.040300,196.999500,42.450000,1548.480700
2018,MAR,B06,4.582700,2.739200,23.686100,0.343400,0.002000,0.508400
2018,MAR,B0609,11.557800,6.883100,88.303500,0.533700,0.004800,1.600300
2018,MAR,F,93002.820300,66094.219900,212256.419400,1313.568800,133.364500,5042.803200
2018,MAR,F09,92995.845200,66090.076000,212191.802000,1313.378500,133.361700,5041.711300
2018,MEX,B06,13345.473800,7015.470800,44919.367500,3728.918700,0.074100,379.384600
2018,MEX,B0609,17835.720400,10421.680400,52668.325200,3945.390500,0.125900,540.498400
2018,MEX,F,961847.123900,690331.922800,2149755.943400,6753.495300,641.660500,16179.187000
2018,MEX,F09,957356.877300,686925.713200,2142006.985700,6537.023500,641.608700,16018.073200
2018,MLT,B06,8.045200,2.911600,12.544000,0.010700,0.007300,0.221700
2018,MLT,B0609,11.134500,3.989700,17.716200,0.013700,0.009400,0.305600
2018,MLT,F,24709.154200,13037.454300,39620.113700,260.889500,20.137900,502.960200
2018,MLT,F09,24706.064900,13036.376200,39614.941500,260.886500,20.135800,502.876300
2018,MMR,B06,2498.371100,1734.867700,4376.330600,169.261400,80.461900,47.799500
2018,MMR,B0609,2524.073300,1752.475300,4420.630900,169.989700,80.844600,48.416000
2018,MMR,F,91925.572600,81393.779200,152676.283700,1213.869800,732.751300,507.021400
2018,MMR,F09,91899.870400,81376.171600,152631.983400,1213.141500,732.368600,506.404900
2018,MYS,B06,33297.664500,26058.158500,45650.908100,318.473500,230.088400,168.802300
2018,MYS,B0609,35499.896000,27683.290700,50262.204600,335.296200,243.375600,182.653300
2018,MYS,F,495504.453500,363140.315300,840508.244000,3463.571700,2651.535700,2724.280100
2018,MYS,F09,493302.222000,361515.183100,835896.947500,3446.749000,2638.248500,2710.429100
2018,NGA,B06,16715.699200,14173.795900,60591.437700,26.461400,12.661100,151.355900
2018,NGA,B0609,16761.085800,14210.770600,60685.568700,28.310000,12.664600,151.655200
2018,NGA,F,297937.570700,267134.682000,674788.478700,4641.530700,83.895500,2064.118300
2018,NGA,F09,297892.184100,267097.707300,674694.347700,4639.682100,83.892000,2063.819000
2018,NLD,B06,4235.737700,3040.573500,19587.763400,20.790200,10.842400,187.464700
2018,NLD,B0609,5595.486700,3599.144200,22197.387900,21.615600,11.447500,227.771500
2018,NLD,F,936239.044500,640652.573300,1768071.617100,4062.931000,1974.294600,29429.070200
2018,NLD,F09,934879.295500,640094.002600,1765461.992600,4062.105600,1973.689500,29388.763400
2018,NOR,B06,8120.396300,6702.051000,82637.134400,133.208500,28.611300,110.117300
2018,NOR,B0609,16654.082800,13637.249400,95208.928200,185.257200,60.640400,421.107100
2018,NOR,F,312426.889700,249070.871300,642577.990100,5680.204900,2603.575800,13014.212000
2018,NOR,F09,303893.203200,242135.672900,630006.196300,5628.156200,2571.546700,12703.222200
2018,NZL,B06,1142.500500,948.664400,2480.279700,6.256600,5.332600,30.648700
2018,NZL,B0609,1314.896500,1094.298700,2947.977100,6.674500,5.665900,35.950100
2018,NZL,F,206823.599700,181633.350300,402546.791000,302.372200,232.237200,4175.095000
2018,NZL,F09,206651.203700,181487.716000,402079.093600,301.954300,231.903900,4169.793600
2018,PAK,B06,2841.822200,2189.495300,7441.920300,201.861800,141.794900,83.054900
2018,PAK,B0609,3044.699200,2353.122800,7940.481700,208.432500,146.551400,91.827900
2018,PAK,F,220939.375900,193099.404700,503304.184900,5102.249600,3828.773700,857.767600
2018,PAK,F09,220736.498900,192935.777200,502805.623500,5095.678900,3824.017200,848.994600
2018,PER,B06,1940.559800,1735.725400,4253.737500,16.572500,15.886900,52.297000
2018,PER,B0609,2595.488800,2285.241100,5828.388900,17.096400,16.299700,68.480500
2018,PER,F,165788.021400,138794.042700,373537.979400,253.298500,218.199200,5114.084900
2018,PER,F09,165133.092400,138244.527000,371963.328000,252.774600,217.786400,5097.901400
2018,PHL,B06,392.087900,279.862000,1088.174100,1.272500,0.869600,13.463000
2018,PHL,B0609,532.156500,365.300700,1385.911300,3.415300,0.903300,17.543500
2018,PHL,F,300115.533000,227446.026300,630372.548900,2907.350700,449.643500,6239.396200
2018,PHL,F09,299975.464400,227360.587600,630074.811700,2905.207900,449.609800,6235.315700
2018,POL,B06,103.858200,70.957200,170.927600,0.317200,0.088400,3.462200
2018,POL,B0609,386.616600,263.739000,1276.788800,1.128700,0.306800,19.661900
2018,POL,F,659383.374600,499032.568300,1197522.510200,1408.211100,350.591000,22502.933600
2018,POL,F09,659100.616200,498839.786500,1196416.649000,1407.399600,350.372600,22486.733900
2018,PRT,B06,0.000000,0.000000,0.000000,0.000000,0.000000,0.000000
2018,PRT,B0609,63.114600,43.591800,88.445700,0.162000,0.078600,4.694300
2018,PRT,F,214411.830300,158783.991200,433276.101300,216.075700,113.084500,9217.868200
2018,PRT,F09,214348.715700,158740.399400,433187.655600,215.913700,113.005900,9213.173900
2018,ROU,B06,916.045700,744.132200,2158.819100,15.075100,0.001700,29.888600
2018,ROU,B0609,1301.732600,1071.559000,2795.517700,15.342800,0.221100,45.215000
2018,ROU,F,230143.235800,176544.017200,456927.109700,1160.018100,297.982700,7928.258500
2018,ROU,F09,229757.548900,176216.590400,456290.411100,1159.750400,297.763300,7912.932100
2018,RUS,B06,12872.985600,12137.925300,131123.750200,100.819700,5.865800,175.254000
2018,RUS,B0609,122509.756500,115163.076200,255445.914400,169.083800,32.141800,1996.905300
2018,RUS,F,1433875.433900,1282335.403200,2836007.780000,3487.915000,950.403200,38930.915500
2018,RUS,F09,1324238.663000,1179310.252300,2711685.615800,3419.650900,924.127200,37109.264200
2018,SAU,B06,34211.867600,25675.096300,245893.969300,28.966700,23.830300,162.063900
2018,SAU,B0609,34828.815700,26137.553800,247247.621700,29.650200,24.425700,165.350400
2018,SAU,F,465568.146600,387939.943600,1058959.882400,1214.831000,906.372700,4737.579600
2018,SAU,F09,464951.198500,387477.486100,1057606.230000,1214.147500,905.777300,4734.293100
2018,SEN,B06,6.805000,5.286900,12.704100,0.145500,0.000500,0.047600
2018,SEN,B0609,48.144500,40.887300,75.523600,0.228600,0.015800,0.920700
2018,SEN,F,15983.402300,12056.640400,37523.534000,152.985800,9.298800,461.989100
2018,SEN,F09,15942.062800,12021.040000,37460.714500,152.902700,9.283500,461.116000
2018,SGP,B06,0.000000,0.000000,0.000000,0.000000,0.000000,0.000000
2018,SGP,B0609,0.000000,0.000000,0.000000,0.000000,0.000000,0.000000
2018,SGP,F,567053.299100,299195.920500,935012.334200,36266.489600,7278.257300,10793.522900
2018,SGP,F09,567053.299100,299195.920500,935012.334200,36266.489600,7278.257300,10793.522900
2018,STP,B06,0.213500,0.151000,0.728400,0.022400,0.000100,0.001800
2018,STP,B0609,0.380400,0.266800,1.083600,0.029000,0.000200,0.003800
2018,STP,F,316.755700,257.664800,724.704500,6.725900,0.274800,2.141800
2018,STP,F09,316.588800,257.549000,724.349300,6.719300,0.274700,2.139800
2018,SVK,B06,0.109700,0.102400,0.291200,0.001000,0.000400,0.003600
2018,SVK,B0609,122.181500,108.553700,222.248600,0.026700,0.009500,3.829500
2018,SVK,F,144159.201900,87860.700700,243923.757700,229.071700,75.163300,4617.068300
2018,SVK,F09,144037.130100,87752.249400,243701.800300,229.046000,75.154200,4613.242400
2018,SVN,B06,0.000000,0.000000,0.000000,0.000000,0.000000,0.000000
2018,SVN,B0609,6.936000,4.289800,8.072500,0.024200,0.002300,0.541600
2018,SVN,F,54339.932400,34769.818500,103679.671400,205.353000,32.868800,2115.196400
2018,SVN,F09,54332.996400,34765.528700,103671.598900,205.328800,32.866500,2114.654800
2018,SWE,B06,44.935800,30.279500,68.772800,0.445700,0.264700,4.092900
2018,SWE,B0609,72.591100,52.688900,225.960300,0.729100,0.435600,6.006100
2018,SWE,F,509771.255900,399841.880400,1023443.746600,3869.769600,2363.028600,21438.919000
2018,SWE,F09,509743.600600,399819.471000,1023286.559100,3869.486200,2362.857700,21437.005800
2018,THA,B06,5494.222600,3659.729800,14431.678400,31.711100,21.899000,133.116700
2018,THA,B0609,5675.205400,3789.286700,16423.813100,32.531900,22.492000,154.039300
2018,THA,F,628473.623600,451638.305500,1097658.211700,3215.737800,2383.629000,19635.223700
2018,THA,F09,628292.640800,451508.748600,1095666.077000,3214.917000,2383.036000,19614.301100
2018,TUN,B06,655.978700,394.008300,1850.347700,24.030900,0.003900,-0.112700
2018,TUN,B0609,742.190900,453.958200,2027.009900,24.400100,0.114900,0.451600
2018,TUN,F,29612.214400,18984.645200,68567.135400,499.902200,74.877200,436.156200
2018,TUN,F09,29526.002200,18924.695300,68390.473200,499.533000,74.766200,435.591900
2018,TUR,B06,586.435200,490.705000,1874.120900,8.207300,1.476000,15.623700
2018,TUR,B0609,666.683100,549.066000,2356.428400,9.108800,1.745100,21.634600
2018,TUR,F,738904.216800,592618.865900,1467053.509400,5991.811800,2047.457700,31050.619100
2018,TUR,F09,738823.968900,592560.504900,1466571.201900,5990.910300,2047.188600,31044.608200
2018,TWN,B06,145.383800,90.867800,459.933800,3.277200,2.850800,1.446700
2018,TWN,B0609,563.172600,390.514100,1216.292800,3.679300,3.031800,7.383600
2018,TWN,F,730643.760800,517544.459300,1329062.812600,4452.636600,3420.264600,4624.563500
2018,TWN,F09,730225.972000,517244.813000,1328306.453600,4452.234500,3420.083600,4618.626600
2018,UKR,B06,2041.107200,1513.773900,5847.969000,35.424100,14.496000,78.781400
2018,UKR,B0609,3890.027700,2924.131900,7965.608800,84.704100,31.245000,163.381600
2018,UKR,F,156202.412200,122615.299900,269684.359600,2335.739500,999.344100,6259.621900
2018,UKR,F09,154353.491700,121204.941900,267566.719800,2286.459500,982.595100,6175.021700
2018,USA,B06,200697.871000,172969.297000,399009.785600,1295.860100,712.412400,3226.143700
2018,USA,B0609,249678.909400,218219.837800,504943.813900,1335.175200,746.726900,4362.014900
2018,USA,F,15649838.752600,14452443.806300,35523284.176700,43538.344600,26822.383800,191399.732000
2018,USA,F09,15600857.714200,14407193.265500,35417350.148400,43499.029500,26788.069300,190263.860800
2018,VNM,B06,1621.674300,1207.167900,2886.690000,15.901000,10.819700,53.656500
2018,VNM,B0609,2361.925300,1785.958600,4100.734000,20.890000,14.889700,96.517700
2018,VNM,F,706736.842500,512433.760700,1005333.268600,5024.035600,3982.242700,17548.474200
2018,VNM,F09,705996.591500,511854.970000,1004119.224600,5019.046600,3978.172700,17505.613000
2018,ZAF,B06,899.212800,770.974800,1347.699900,7.126100,0.007600,22.793300
2018,ZAF,B0609,1493.036500,1278.982900,2288.231400,11.901900,0.029600,93.252200
2018,ZAF,F,410787.617100,346436.543400,790190.170300,3005.194200,175.354800,14826.227500
2018,ZAF,F09,410193.793400,345928.535300,789249.638800,3000.418400,175.332800,14755.768600
2018,ROW,B06,247214.677900,220901.760800,721171.209200,4724.051700,826.473900,727.507900
2018,ROW,B0609,278623.958200,247457.119100,791939.689400,5076.953300,941.455800,975.395900
2018,ROW,F,2520624.455700,2000972.292800,5721579.418000,39392.395700,16835.650800,42089.775600
2018,ROW,F09,2489215.175400,1974416.934500,5650810.937800,39039.494100,16720.668900,41841.887600
2019,AGO,B06,6311.364400,5727.696700,29693.660200,176.194400,58.167500,7.106700
2019,AGO,B0609,7434.790900,6726.688100,34311.862800,192.189700,65.037000,9.112900
2019,AGO,F,32810.962200,28117.185500,92446.837000,726.281800,285.815600,67.694800
2019,AGO,F09,31687.535700,27118.194100,87828.634400,710.286500,278.946100,65.688600
2019,ARE,B06,24050.107300,17780.153600,123266.971900,231.187800,1.869100,44.005300
2019,ARE,B0609,34454.786800,25187.684900,145674.396900,278.543500,5.300000,62.150000
2019,ARE,F,315597.845600,202514.278600,639130.255800,2759.893700,278.358000,829.882800
2019,ARE,F09,305193.166100,195106.747300,616722.830800,2712.538000,274.927100,811.738100
2019,ARG,B06,6740.347600,6145.795100,18673.377300,254.709200,0.042000,707.481000
2019,ARG,B0609,8505.412800,7758.270700,23334.783900,255.328900,0.531300,839.942500
2019,ARG,F,322127.093700,291309.491800,711634.739600,1121.827300,118.896900,24849.678200
2019,ARG,F09,320362.028500,289697.016200,706973.333000,1121.207600,118.407600,24717.216700
2019,AUS,B06,14257.506300,13143.785800,52410.779300,588.335800,567.364100,202.507000
2019,AUS,B0609,20745.330800,19049.242500,65685.814000,628.034400,604.749300,292.153900
2019,AUS,F,1246040.945500,1127099.748000,2509312.390100,3891.328900,3524.100400,22019.857300
2019,AUS,F09,1239553.121000,1121194.291300,2496037.355400,3851.630300,3486.715200,21930.210400
2019,AUT,B06,453.845800,226.978200,1023.320900,1.911200,0.236600,22.203300
2019,AUT,B0609,525.011700,281.193200,1155.117000,2.190600,0.240000,25.562700
2019,AUT,F,416204.930800,302634.718600,825861.351500,1555.663400,99.992100,12633.681200
2019,AUT,F09,416133.764900,302580.503600,825729.555400,1555.384000,99.988700,12630.321800
2019,BEL,B06,0.000000,0.000000,0.000000,0.000000,0.000000,0.000000
2019,BEL,B0609,12.176000,7.594200,14.404600,0.016400,0.010900,0.556500
2019,BEL,F,594030.242600,412045.199200,1091789.793100,3052.215600,349.257600,19355.958200
2019,BEL,F09,594018.066600,412037.605000,1091775.388500,3052.199200,349.246700,19355.401700
2019,BGD,B06,1485.009400,1189.252300,4508.861700,62.631800,41.649000,10.397200
2019,BGD,B0609,1578.818900,1267.503200,4725.073000,65.230000,43.417700,11.589000
2019,BGD,F,220982.814300,190421.331200,495062.814300,5576.439200,3932.452100,2827.511700
2019,BGD,F09,220889.004800,190343.080300,494846.603000,5573.841000,3930.683400,2826.319900
2019,BGR,B06,34.066800,19.290200,51.655800,0.700300,0.002400,2.571000
2019,BGR,B0609,81.735700,50.861700,115.450600,1.174500,0.007200,6.205800
2019,BGR,F,74610.495000,51628.642200,137738.117800,707.084700,68.505400,3568.188400
2019,BGR,F09,74562.826100,51597.070700,137674.323000,706.610500,68.500600,3564.553600
2019,BLR,B06,188.934200,60.545700,569.912900,1.570800,0.078500,22.701800
2019,BLR,B0609,244.190600,86.809600,729.657600,1.925600,0.110700,28.852300
2019,BLR,F,64174.349000,38679.271100,123576.265100,700.583100,125.721500,3627.221400
2019,BLR,F09,64119.092600,38653.007200,123416.520400,700.228300,125.689300,3621.070900
2019,BRA,B06,29490.230900,24170.216400,58438.600900,2438.631800,684.549900,2521.317300
2019,BRA,B0609,32111.872700,26542.835400,63556.461900,2446.539800,687.907800,2741.346000
2019,BRA,F,1510788.879400,1367801.018600,3188263.298500,5053.150100,2282.025600,85329.537800
2019,BRA,F09,1508167.237600,1365428.399600,3183145.437500,5045.242100,2278.667700,85109.509100
2019,BRN,B06,1668.973300,1317.959500,5673.313500,45.958800,43.316100,-13.735300
2019,BRN,B0609,2067.750700,1665.730200,6628.259100,49.966000,46.917200,-16.966400
2019,BRN,F,10618.400100,9056.600500,20634.749900,152.435800,140.380300,-104.887200
2019,BRN,F09,10219.622700,8708.829800,19679.804300,148.428600,136.779200,-101.656100
2019,CAN,B06,41453.479000,33457.750800,99981.546900,102.222500,10.945000,661.568900
2019,CAN,B0609,46909.765600,37717.846600,116672.282900,114.004100,15.718500,834.127000
2019,CAN,F,1365403.680600,1087754.191900,2962133.773400,6598.337000,948.449700,25235.417800
2019,CAN,F09,1359947.394000,1083494.096100,2945443.037400,6586.555400,943.676200,25062.859700
2019,CHE,B06,4.576000,3.541700,8.421200,0.075800,0.047300,0.046200
2019,CHE,B0609,18.625800,14.565400,52.293800,0.193100,0.131300,0.254000
2019,CHE,F,812309.070200,627782.245700,1521178.473400,13510.794900,8985.741800,7526.896000
2019,CHE,F09,812295.020400,627771.222000,1521134.600800,13510.677600,8985.657800,7526.688200
2019,CHL,B06,108.546400,79.909300,240.051600,1.186600,0.189400,2.489600
2019,CHL,B0609,347.260100,261.692200,909.944700,10.737100,0.285300,10.735400
2019,CHL,F,227188.516300,188848.385300,484591.415000,2155.066300,350.889500,6885.615100
2019,CHL,F09,226949.802600,188666.602400,483921.521900,2145.515800,350.793600,6877.369300
2019,CHN,B06,125887.914700,113755.807700,269542.108800,3242.761400,2214.492500,4426.648400
2019,CHN,B0609,145727.560400,132226.117200,298508.326300,3477.299500,2380.297400,5402.877200
2019,CHN,F,22044757.643100,20466980.856100,35564524.806600,198946.300200,148935.715400,514488.000500
2019,CHN,F09,22024917.997400,20448510.546600,35535558.589100,198711.762100,148769.910500,513511.771700
2019,CIV,B06,72.536300,54.678500,121.518100,1.020200,0.042300,2.288000
2019,CIV,B0609,99.324800,76.631900,160.760300,1.182600,0.062700,3.307400
2019,CIV,F,35790.570300,30167.926600,92345.617900,217.316800,55.476100,1323.261900
2019,CIV,F09,35763.781800,30145.973200,92306.375700,217.154400,55.455700,1322.242500
2019,CMR,B06,694.496600,404.562600,2224.248800,9.179500,5.517900,46.159700
2019,CMR,B0609,805.710200,473.257700,2532.056300,10.566300,6.376800,57.122000
2019,CMR,F,18334.836100,14728.784500,54171.900400,305.685300,164.577900,959.321300
2019,CMR,F09,18223.622500,14660.089400,53864.092900,304.298500,163.719000,948.359000
2019,COD,B06,51.745100,42.098600,279.230900,0.719600,0.014300,0.408700
2019,COD,B0609,127.211700,108.202800,558.607400,1.334100,0.340500,0.944600
2019,COD,F,19567.789100,13048.615600,65217.590100,320.157900,86.003500,306.813400
2019,COD,F09,19492.322500,12982.511400,64938.213600,319.543400,85.677300,306.277500
2019,COL,B06,9463.787700,7674.222800,22579.156700,826.053000,0.156300,1548.082200
2019,COL,B0609,9508.866700,7714.003000,22678.056400,826.089500,0.179800,1550.749400
2019,COL,F,253629.474400,221526.140400,543621.755600,452.952500,119.982900,8963.589100
2019,COL,F09,253584.395400,221486.360200,543522.855900,452.916000,119.959400,8960.921900
2019,CRI,B06,0.444500,0.358900,1.771000,0.042700,0.018200,0.059800
2019,CRI,B0609,0.657700,0.528600,2.340100,0.061400,0.026400,0.084500
2019,CRI,F,41606.029000,32181.934700,102882.238700,1283.218300,624.468700,1583.435300
2019,CRI,F09,41605.815800,32181.765000,102881.669600,1283.199600,624.460500,1583.410600
2019,CYP,B06,13.230700,9.115300,27.237700,2.655500,2.566100,0.608800
2019,CYP,B0609,13.756900,9.498700,28.073400,2.656500,2.567000,0.641200
2019,CYP,F,26568.515900,15577.191600,50051.845100,1259.768900,1207.634100,738.669300
2019,CYP,F09,26567.989700,15576.808200,50051.009400,1259.767900,1207.633200,738.636900
2019,CZE,B06,15.316700,13.173400,154.972600,0.225200,0.068500,0.171700
2019,CZE,B0609,114.753000,90.637400,346.360700,0.286400,0.085400,3.367200
2019,CZE,F,323466.694900,223461.391100,558897.047100,410.823800,136.259600,7095.328800
2019,CZE,F09,323367.258600,223383.927100,558705.659000,410.762600,136.242700,7092.133300
2019,DEU,B06,1136.955700,725.044000,1430.824000,3.590400,1.937400,49.749600
2019,DEU,B0609,1375.694100,890.434200,1902.633200,4.273800,2.300000,63.066000
2019,DEU,F,3548371.846100,2782233.192400,7168926.910200,11726.666400,5144.923000,116209.027700
2019,DEU,F09,3548133.107700,2782067.802200,7168455.101000,11725.983000,5144.560400,116195.711300
2019,DNK,B06,949.075000,726.871100,2935.101700,9.377200,4.702100,16.905700
2019,DNK,B0609,2057.643900,1504.020500,5129.156900,28.358500,14.259800,52.507100
2019,DNK,F,294470.796700,196976.971600,606862.468100,2864.646400,1662.848500,12749.467200
2019,DNK,F09,293362.227800,196199.822200,604668.412900,2845.665100,1653.290800,12713.865800
2019,EGY,B06,2799.071300,2414.814600,36665.436800,160.729300,106.737900,27.329100
2019,EGY,B0609,2989.227700,2572.749800,37750.490700,166.661300,110.799900,30.796800
2019,EGY,F,156059.499700,128230.416100,464595.980700,5323.340100,3706.217700,723.302500
2019,EGY,F09,155869.343300,128072.480900,463510.926800,5317.408100,3702.155700,719.834800
2019,ESP,B06,0.277000,0.233100,3.022100,0.005400,0.003200,0.016400
2019,ESP,B0609,178.805000,142.627500,440.397100,1.537600,0.842200,13.685900
2019,ESP,F,1209376.391700,973855.212900,2509687.547000,2165.551400,1203.125800,35733.936600
2019,ESP,F09,1209197.863700,973712.818500,2509250.172000,2164.019200,1202.286800,35720.267100
2019,EST,B06,133.305100,70.728200,332.236000,1.165100,0.413800,17.178600
2019,EST,B0609,137.945600,73.205800,341.933900,1.202500,0.429600,17.737400
2019,EST,F,32932.477700,22081.683900,61197.755200,231.468100,105.580700,1444.766200
2019,EST,F09,32927.837200,22079.206300,61188.057300,231.430700,105.564900,1444.207400
2019,FIN,B06,0.000000,0.000000,0.000000,0.000000,0.000000,0.000000
2019,FIN,B0609,103.158100,73.815100,198.112000,0.260500,0.199100,7.125600
2019,FIN,F,261358.132100,197364.303300,504852.778500,864.772900,548.223200,11437.319800
2019,FIN,F09,261254.974000,197290.488200,504654.666500,864.512400,548.024100,11430.194200
2019,FRA,B06,156.141300,119.585700,310.100600,0.240000,0.083400,8.291100
2019,FRA,B0609,446.156400,333.903000,892.239000,0.739100,0.304100,33.928000
2019,FRA,F,2360521.303000,1910813.105300,4883676.038900,3578.976900,1677.541100,94858.835900
2019,FRA,F09,2360231.287900,1910598.788000,4883093.900500,3578.477800,1677.320400,94833.199000
2019,GBR,B06,14251.576500,10507.130500,37347.933000,527.368700,346.114600,606.222600
2019,GBR,B0609,18902.565000,14323.525100,43976.520800,530.695400,348.393400,745.065700
2019,GBR,F,2251556.613600,1858699.133700,4849883.222800,7704.494500,5308.117500,73467.609300
2019,GBR,F09,2246905.625100,1854882.739100,4843254.635000,7701.167800,5305.838700,73328.766200
2019,GRC,B06,7.990900,6.720600,86.352600,0.080200,0.028000,0.616200
2019,GRC,B0609,14.477300,11.387500,96.587500,0.157600,0.097100,1.203700
2019,GRC,F,156519.976900,109974.720700,340379.767600,7071.574000,1216.854900,6053.978200
2019,GRC,F09,156513.490500,109970.053800,340369.532700,7071.496600,1216.785800,6053.390700
2019,HKG,B06,0.000000,0.000000,0.000000,0.000000,0.000000,0.000000
2019,HKG,B0609,283.690900,221.741300,333.281500,6.687000,4.182800,5.270200
2019,HKG,F,293830.650000,236930.270700,648847.727400,18199.359700,10238.310500,5252.742100
2019,HKG,F09,293546.959100,236708.529400,648514.445900,18192.672700,10234.127700,5247.471900
2019,HRV,B06,34.711100,11.309600,57.291900,0.139700,0.091600,2.110500
2019,HRV,B0609,182.211700,122.329900,290.064000,0.214500,0.149900,8.585900
2019,HRV,F,48660.527700,33365.922300,101676.743500,237.655000,174.730600,2528.042800
2019,HRV,F09,48513.027100,33254.902000,101443.971400,237.580200,174.672300,2521.567400
2019,HUN,B06,40.543500,25.976000,219.476700,0.390600,0.192600,2.440300
2019,HUN,B0609,206.451300,124.540200,521.083100,0.473500,0.206500,11.033000
2019,HUN,F,176304.189600,95408.359800,322881.673300,277.187500,92.732800,8142.651300
2019,HUN,F09,176138.281800,95309.795600,322580.066900,277.104600,92.718900,8134.058600
2019,IDN,B06,36396.431300,31944.893000,66678.201800,322.237400,284.502200,317.079200
2019,IDN,B0609,37560.753200,32956.429600,73035.436000,329.227700,290.248700,329.183400
2019,IDN,F,928908.548500,817092.809300,1981378.845400,5592.648900,4900.301700,9384.443200
2019,IDN,F09,927744.226600,816081.272700,1975021.611200,5585.658600,4894.555200,9372.339000
2019,IND,B06,4931.388500,3492.817300,20535.646300,284.171700,0.004400,89.461400
2019,IND,B0609,9799.186900,7510.108500,39016.526400,394.133400,0.012900,328.829900
2019,IND,F,2462020.448100,2046685.152000,5099860.960800,18683.912300,2513.068200,85955.397100
2019,IND,F09,2457152.649700,2042667.860800,5081380.080700,18573.950600,2513.059700,85716.028600
2019,IRL,B06,125.511500,8.153300,140.669700,0.346000,0.110900,1.628300
2019,IRL,B0609,144.084600,15.081500,173.937300,0.436400,0.117800,1.914100
2019,IRL,F,377840.567800,97229.715200,758971.786200,2895.948300,53.016000,6955.709400
2019,IRL,F09,377821.994700,97222.787000,758938.518600,2895.857900,53.009100,6955.423600
2019,ISL,B06,0.604500,0.443700,1.520000,0.030900,0.013200,0.030800
2019,ISL,B0609,0.646100,0.477300,1.644800,0.031700,0.013700,0.033400
2019,ISL,F,20718.079200,15510.241300,43661.583800,595.527200,291.234900,759.594500
2019,ISL,F09,20718.037600,15510.207700,43661.459000,595.526400,291.234400,759.591900
2019,ISR,B06,325.847900,264.792300,810.078700,20.255000,16.397800,14.965800
2019,ISR,B0609,438.093000,354.625800,1103.608200,23.190800,18.832600,21.395000
2019,ISR,F,302869.353100,247120.898300,675204.552700,8836.593000,7344.863900,6988.816100
2019,ISR,F09,302757.108000,247031.064800,674911.023200,8833.657200,7342.429100,6982.386900
2019,ITA,B06,5542.519800,4499.127400,8435.599200,27.976600,21.321200,245.786700
2019,ITA,B0609,5828.732600,4729.704700,8978.880700,31.022600,22.557600,266.899400
2019,ITA,F,1935212.009600,1612591.248600,3798884.890900,10460.407200,5812.252800,62433.967700
2019,ITA,F09,1934925.796800,1612360.671300,3798341.609400,10457.361200,5811.016400,62412.855000
2019,JOR,B06,128.260600,86.030800,435.352500,6.295400,0.003200,4.330700
2019,JOR,B0609,187.000500,128.893500,633.924700,7.785500,0.005300,7.596800
2019,JOR,F,33398.616600,22907.767900,73477.705700,550.753300,42.395500,459.292200
2019,JOR,F09,33339.876700,22864.905200,73279.133500,549.263200,42.393400,456.026100
2019,JPN,B06,785.545400,719.738500,1265.902800,3.443600,2.229700,35.222800
2019,JPN,B0609,1858.176400,1645.226300,3267.529300,11.693500,4.065200,189.524800
2019,JPN,F,4322944.926200,3747229.536300,9230972.449100,36406.898800,20868.359100,168245.948800
2019,JPN,F09,4321872.295200,3746304.048500,9228970.822600,36398.648900,20866.523600,168091.646800
2019,KAZ,B06,17826.969300,15682.577500,38192.349600,155.978700,16.713800,266.638900
2019,KAZ,B0609,18792.221500,16494.353400,40365.481900,160.641100,17.377200,344.728900
2019,KAZ,F,102407.002200,84689.574300,253730.010300,873.631100,95.322600,2302.230200
2019,KAZ,F09,101441.750000,83877.798400,251556.878000,868.968700,94.659200,2224.140200
2019,KHM,B06,0.000000,0.000000,0.000000,0.000000,0.000000,0.000000
2019,KHM,B0609,35.993200,26.957800,83.048200,0.270900,0.018800,0.506600
2019,KHM,F,21006.271900,13006.014700,47060.514600,248.072100,39.597900,483.043700
2019,KHM,F09,20970.278700,12979.056900,46977.466400,247.801200,39.579100,482.537100
2019,KOR,B06,56.968500,49.038800,127.354900,0.067600,0.051500,1.244200
2019,KOR,B0609,63.084900,54.126800,144.871900,0.088600,0.063500,1.579500
2019,KOR,F,2064612.080000,1624076.351800,3634678.209500,12835.419800,7258.004100,57792.917800
2019,KOR,F09,2064605.963600,1624071.263800,3634660.692500,12835.398800,7257.992100,57792.582500
2019,LAO,B06,37.578500,27.500300,237.791900,0.299500,0.129300,1.526200
2019,LAO,B0609,105.846300,79.109800,465.999800,0.553600,0.242100,4.706500
2019,LAO,F,11440.860800,9103.071300,28406.635000,30.976300,13.881200,399.961200
2019,LAO,F09,11372.593000,9051.461800,28178.427100,30.722200,13.768400,396.780900
2019,LTU,B06,49.666500,28.573000,106.177200,0.127500,0.034000,1.974200
2019,LTU,B0609,58.488100,34.228500,137.220800,0.155000,0.035900,2.405100
2019,LTU,F,46047.284300,26755.881400,97351.080900,326.773200,35.652700,2076.638600
2019,LTU,F09,46038.462700,26750.225900,97320.037300,326.745700,35.650800,2076.207700
2019,LUX,B06,0.000000,0.000000,0.000000,0.000000,0.000000,0.000000
2019,LUX,B0609,0.000000,0.000000,0.000000,0.000000,0.000000,0.000000
2019,LUX,F,177982.890900,82837.146500,244420.264700,422.619000,42.466400,2862.185700
2019,LUX,F09,177982.890900,82837.146500,244420.264700,422.619000,42.466400,2862.185700
2019,LVA,B06,0.000000,0.000000,0.000000,0.000000,0.000000,0.000000
2019,LVA,B0609,4.472500,2.885200,5.340800,0.020900,0.001900,1.122900
2019,LVA,F,31220.727900,23385.196700,62504.091700,169.247000,25.865000,1485.708600
2019,LVA,F09,31216.255400,23382.311500,62498.750900,169.226100,25.863100,1484.585700
2019,MAR,B06,4.480700,2.804500,23.759300,0.233000,0.001800,0.540100
2019,MAR,B0609,11.145900,6.872400,86.798600,0.371600,0.004200,1.731200
2019,MAR,F,93263.528400,66983.788300,213907.157000,1162.211500,135.658200,5083.186200
2019,MAR,F09,93256.863200,66979.720400,213844.117700,1162.072900,135.655800,5081.995100
2019,MEX,B06,12375.188000,9864.955300,47504.408300,395.502100,0.051000,298.390900
2019,MEX,B0609,17600.024000,13969.402300,56467.830900,470.968000,0.079600,478.040200
2019,MEX,F,970057.840800,701934.913600,2209504.736300,9349.970400,500.796300,19449.347000
2019,MEX,F09,964833.004800,697830.466600,2200541.313700,9274.504500,500.767700,19269.697700
2019,MLT,B06,8.445400,2.949900,12.962000,0.339300,0.065000,0.164100
2019,MLT,B0609,11.451700,4.028300,18.030600,0.393100,0.077100,0.245000
2019,MLT,F,26131.621400,13910.550300,41310.287900,350.357900,84.747500,518.748400
2019,MLT,F09,26128.615100,13909.471900,41305.219300,350.304100,84.735400,518.667500
2019,MMR,B06,2483.242500,1765.775000,4462.541800,163.328400,75.301800,47.232800
2019,MMR,B0609,2510.146200,1784.729400,4509.088000,164.131600,75.700000,47.894000
2019,MMR,F,96651.685700,86333.328900,160760.241600,1381.287200,800.318400,510.371900
2019,MMR,F09,96624.782000,86314.374500,160713.695400,1380.484000,799.920200,509.710700
2019,MYS,B06,34225.521100,27172.106300,46651.935900,145.124000,92.238200,118.343900
2019,MYS,B0609,36462.003500,28877.791100,51341.433600,154.395000,98.536000,127.510500
2019,MYS,F,504648.345600,376395.318300,856001.007800,2741.397300,1995.322600,2599.246600
2019,MYS,F09,502411.863200,374689.633500,851311.510100,2732.126300,1989.024800,2590.080000
2019,NGA,B06,14464.565500,11613.673200,54969.045700,31.737800,18.079300,149.544400
2019,NGA,B0609,14521.880800,11660.270300,55082.119100,33.472300,18.083200,149.941500
2019,NGA,F,358256.297100,319899.230500,792084.627500,5003.059600,126.307600,2350.071300
2019,NGA,F09,358198.981800,319852.633400,791971.554100,5001.325100,126.303700,2349.674200
2019,NLD,B06,4135.964200,2967.627900,19343.072700,21.455900,11.104400,193.107700
2019,NLD,B0609,5232.422100,3385.799500,21497.267200,22.288700,11.681000,231.259900
2019,NLD,F,912190.453100,635006.644900,1738149.487200,3900.935200,1883.875600,29398.539100
2019,NLD,F09,911093.995200,634588.473300,1735995.292700,3900.102400,1883.299000,29360.386900
2019,NOR,B06,6056.767100,5053.349800,61210.287900,74.126700,24.030400,59.073700
2019,NOR,B0609,15424.053200,12801.377900,75277.074000,119.758200,56.059800,324.587100
2019,NOR,F,305606.705200,240277.919000,626385.393900,5656.785100,2437.154100,12430.079000
2019,NOR,F09,296239.419100,232529.890900,612318.607800,5611.153600,2405.124700,12164.565600
2019,NZL,B06,1025.081300,842.043100,2259.894200,5.167000,4.267800,28.458500
2019,NZL,B0609,1178.682500,972.726900,2686.034300,5.532200,4.551600,33.352700
2019,NZL,F,208184.893800,182957.337200,406171.918000,326.882000,248.808100,4234.500900
2019,NZL,F09,208031.292600,182826.653400,405745.777900,326.516800,248.524300,4229.606700
2019,PAK,B06,2759.050600,2091.240100,6998.984600,154.740600,108.587600,76.672700
2019,PAK,B0609,2954.966400,2250.171800,7467.872200,160.364400,112.658100,85.201800
2019,PAK,F,209163.738300,181663.400500,464609.530300,4871.214200,3631.632300,923.407400
2019,PAK,F09,208967.822500,181504.468800,464140.642700,4865.590400,3627.561800,914.878300
2019,PER,B06,2028.812600,1819.253500,3457.619500,18.502700,16.748800,55.193500
2019,PER,B0609,2706.133000,2379.662800,5024.652300,19.063400,17.169800,72.566500
2019,PER,F,167405.848700,140816.523900,380821.433400,267.048700,221.895500,5428.163100
2019,PER,F09,166728.528300,140256.114600,379254.400600,266.488000,221.474500,5410.790100
2019,PHL,B06,350.442100,240.737200,1034.256100,8.384800,0.030000,15.945000
2019,PHL,B0609,419.985700,289.470500,1159.577300,9.094900,0.037000,20.248600
2019,PHL,F,326020.796300,250384.745400,684884.320000,2757.488600,393.893000,6852.925500
2019,PHL,F09,325951.252700,250336.012100,684758.998800,2756.778500,393.886000,6848.621900
2019,POL,B06,84.473000,55.972100,140.015500,0.288400,0.083400,2.507400
2019,POL,B0609,425.753300,332.108700,1112.157800,0.837400,0.250300,16.931300
2019,POL,F,666575.051100,508196.854000,1210648.470400,1611.315300,387.593000,20171.603200
2019,POL,F09,666233.770800,507920.717400,1209676.328100,1610.766300,387.426100,20157.179300
2019,PRT,B06,0.000000,0.000000,0.000000,0.000000,0.000000,0.000000
2019,PRT,B0609,64.082800,34.423600,80.232800,0.146400,0.079100,4.076300
2019,PRT,F,210428.270000,155270.038100,427155.717900,296.745600,166.694100,9023.948500
2019,PRT,F09,210364.187200,155235.614500,427075.485100,296.599200,166.615000,9019.872200
2019,ROU,B06,1056.557100,847.603100,2638.880400,19.932800,0.001900,35.522400
2019,ROU,B0609,1450.491100,1181.975400,3389.265800,20.214400,0.234400,51.756500
2019,ROU,F,233342.388700,177614.510600,467357.049600,1298.330200,334.610200,8474.346200
2019,ROU,F09,232948.454700,177280.138300,466606.664200,1298.048600,334.377700,8458.112100
2019,RUS,B06,13150.871600,12471.607100,133587.548000,117.700300,0.654000,145.220500
2019,RUS,B0609,121851.532700,115499.863700,256511.224300,184.165400,18.649000,1693.177700
2019,RUS,F,1476407.200000,1324536.251200,2909654.166300,3498.597300,753.653200,39330.014800
2019,RUS,F09,1367706.538900,1221507.994600,2786730.490000,3432.132200,735.658200,37782.057600
2019,SAU,B06,34124.508700,25758.999600,231423.565700,33.219900,27.078000,199.671500
2019,SAU,B0609,34703.070900,26191.233800,232727.251100,33.886000,27.648100,202.668900
2019,SAU,F,481813.306400,408024.166400,1074639.580200,1227.780300,902.915700,4330.105500
2019,SAU,F09,481234.744200,407591.932200,1073335.894800,1227.114200,902.345600,4327.108100
2019,SEN,B06,2.318700,1.833600,4.890700,0.338500,0.000200,0.017800
2019,SEN,B0609,88.038500,77.917000,146.927200,1.149700,0.009600,2.155500
2019,SEN,F,15784.594500,11741.385900,37275.530100,825.829800,6.688500,541.053500
2019,SEN,F09,15698.874700,11665.302500,37133.493600,825.018600,6.679100,538.915800
2019,SGP,B06,0.000000,0.000000,0.000000,0.000000,0.000000,0.000000
2019,SGP,B0609,0.000000,0.000000,0.000000,0.000000,0.000000,0.000000
2019,SGP,F,571124.761800,296311.560100,936840.149400,44610.929700,11362.102400,7813.912400
2019,SGP,F09,571124.761800,296311.560100,936840.149400,44610.929700,11362.102400,7813.912400
2019,STP,B06,0.206500,0.165200,0.740000,0.020600,0.000200,0.000300
2019,STP,B0609,0.372700,0.222100,1.100800,0.025400,0.000300,0.001700
2019,STP,F,310.672500,255.467400,735.821900,7.450200,0.245400,1.746500
2019,STP,F09,310.506300,255.410500,735.461100,7.445400,0.245300,1.745100
2019,SVK,B06,0.100200,0.085700,0.408900,0.000600,0.000300,0.004000
2019,SVK,B0609,117.153400,94.248800,216.323900,0.040300,0.020600,3.401900
2019,SVK,F,138043.606000,84120.833000,237252.333800,222.592500,69.850800,4593.761100
2019,SVK,F09,137926.552800,84026.669900,237036.418800,222.552800,69.830500,4590.363200
2019,SVN,B06,0.000000,0.000000,0.000000,0.000000,0.000000,0.000000
2019,SVN,B0609,6.802100,4.219100,7.939100,0.023000,0.002500,0.539800
2019,SVN,F,52800.543900,33909.573200,102369.506600,215.156500,31.490700,2077.811400
2019,SVN,F09,52793.741800,33905.354100,102361.567500,215.133500,31.488200,2077.271600
2019,SWE,B06,61.386900,13.082800,89.549900,0.533700,0.360900,2.407000
2019,SWE,B0609,84.462100,31.787500,263.000400,0.770100,0.504900,3.820800
2019,SWE,F,489070.687900,381585.359900,983393.913900,4090.335900,2435.231200,20205.146100
2019,SWE,F09,489047.612700,381566.655200,983220.463400,4090.099500,2435.087200,20203.732300
2019,THA,B06,5985.403900,4200.875400,15172.882500,34.044200,23.423400,159.327800
2019,THA,B0609,6183.643900,4351.631800,17331.273900,34.885900,24.025400,179.742600
2019,THA,F,651658.889000,482704.314200,1155609.268100,3467.673000,2539.057400,20714.612200
2019,THA,F09,651460.649000,482553.557800,1153450.876700,3466.831300,2538.455400,20694.197400
2019,TUN,B06,594.686900,271.961000,1764.480900,10.936200,0.002100,2.538900
2019,TUN,B0609,678.956900,320.082100,1937.505900,12.082400,0.056600,3.457700
2019,TUN,F,29269.233400,18729.070800,67275.566400,583.435300,64.876400,224.653900
2019,TUN,F09,29184.963400,18680.949700,67102.541400,582.289100,64.821900,223.735100
2019,TUR,B06,580.450400,492.280400,1829.818300,6.855600,1.581500,14.182400
2019,TUR,B0609,660.977100,554.895200,2300.724500,7.320000,1.790600,19.995500
2019,TUR,F,727458.046000,586408.525400,1439487.888800,5611.429600,2131.348700,28020.790200
2019,TUR,F09,727377.519300,586345.910600,1439016.982600,5610.965200,2131.139600,28014.977100
2019,TWN,B06,132.114100,85.867200,445.806800,3.401900,2.966300,1.297500
2019,TWN,B0609,526.496200,370.230000,1178.933900,3.815300,3.149400,8.161900
2019,TWN,F,690826.040700,493804.757100,1288625.806800,4371.377800,3365.282800,5314.352400
2019,TWN,F09,690431.658600,493520.394300,1287892.679700,4370.964400,3365.099700,5307.488000
2019,UKR,B06,2100.464700,1591.447700,5869.178400,33.621300,14.191100,80.131700
2019,UKR,B0609,4328.238300,3329.388800,8425.510000,97.374300,35.852900,156.733800
2019,UKR,F,182661.585400,145717.717900,318046.708800,2580.931900,1125.353500,6686.060400
2019,UKR,F09,180433.811800,143979.776800,315490.377200,2517.178900,1103.691700,6609.458300
2019,USA,B06,184970.357400,162470.862800,365299.313000,1228.959200,644.102400,2567.320700
2019,USA,B0609,238207.071700,211792.112900,473127.802300,1271.408900,681.182900,3618.570900
2019,USA,F,16044407.073600,14851084.760000,36767300.184600,46998.086400,28125.038600,191397.706800
2019,USA,F09,15991170.359300,14801763.509900,36659471.695300,46955.636700,28087.958100,190346.456600
2019,VNM,B06,1362.967800,1036.187700,2497.248500,11.283600,7.699000,55.346700
2019,VNM,B0609,2186.297800,1679.277600,3840.837100,16.497300,11.873300,109.625700
2019,VNM,F,762346.593300,552843.672000,1085027.398800,5432.742600,4256.041400,19298.492500
2019,VNM,F09,761523.263300,552200.582100,1083683.810200,5427.528900,4251.867100,19244.213500
2019,ZAF,B06,815.188100,710.153700,1021.994000,6.896400,0.005100,19.311800
2019,ZAF,B0609,1371.313700,1186.062200,1901.793300,11.902700,0.021500,80.967500
2019,ZAF,F,391922.599000,331664.821400,756053.182900,3027.297700,165.558100,14124.458000
2019,ZAF,F09,391366.473400,331188.912900,755173.383600,3022.291400,165.541700,14062.802300
2019,ROW,B06,238038.379600,216685.543000,694868.034200,3887.209100,744.196300,629.117000
2019,ROW,B0609,270239.423600,244036.492600,765257.856200,4270.918800,862.624400,863.046700
2019,ROW,F,2545519.308100,2027877.069000,5702547.412800,42702.810700,17745.531200,40348.794600
2019,ROW,F09,2513318.264100,2000526.119400,5632157.590800,42319.101000,17627.103100,40114.864900
2020,AGO,B06,5438.230900,5139.666200,20937.123500,90.949500,36.159000,-1.709500
2020,AGO,B0609,6108.609500,5753.174600,23923.267200,97.407200,39.423600,-2.084100
2020,AGO,F,21302.958400,18691.589500,60623.880500,487.325300,208.413600,-11.270400
2020,AGO,F09,20632.579800,18078.081100,57637.736800,480.867600,205.149000,-10.895800
2020,ARE,B06,24031.535700,15807.901500,104220.004200,322.928800,1.795400,50.433400
2020,ARE,B0609,31953.171000,20790.342900,121839.374100,365.776600,6.377500,63.840900
2020,ARE,F,279837.845200,165035.575100,556906.858000,3037.282400,278.610800,754.339900
2020,ARE,F09,271916.209900,160053.133700,539287.488100,2994.434600,274.028700,740.932400
2020,ARG,B06,4508.093500,4033.177500,12715.610200,179.446700,0.018500,585.982600
2020,ARG,B0609,5262.753600,4728.694900,14713.071400,179.666100,0.189300,662.832600
2020,ARG,F,281111.630300,255138.574500,616059.246600,802.587900,114.369400,20114.515300
2020,ARG,F09,280356.970200,254443.057100,614061.785400,802.368500,114.198600,20037.665300
2020,AUS,B06,12972.964600,11967.890500,37917.006200,57.152500,53.459600,169.956100
2020,AUS,B0609,18932.412800,17416.183500,50754.020900,107.081800,100.981400,243.652300
2020,AUS,F,1281049.624100,1162563.558700,2587838.901300,4221.298500,3860.851800,20386.252900
2020,AUS,F09,1275090.175900,1157115.265700,2575001.886600,4171.369200,3813.330000,20312.556700
2020,AUT,B06,186.282500,97.734800,417.602300,0.815800,0.077000,9.843600
2020,AUT,B0609,255.475500,150.382000,536.551200,1.082700,0.078900,13.007600
2020,AUT,F,400348.676900,295006.795900,802940.661700,1394.412200,85.855600,11852.850400
2020,AUT,F09,400279.483900,294954.148700,802821.712800,1394.145300,85.853700,11849.686400
2020,BEL,B06,0.000000,0.000000,0.000000,0.000000,0.000000,0.000000
2020,BEL,B0609,7.561000,5.155400,10.978800,0.004200,0.002900,0.295100
2020,BEL,F,563181.727000,392226.151000,1054181.675200,3413.231200,312.144000,18563.456900
2020,BEL,F09,563174.166000,392220.995600,1054170.696400,3413.227000,312.141100,18563.161800
2020,BGD,B06,2098.740300,1907.622800,5685.060400,98.435900,66.944100,14.555600
2020,BGD,B0609,2200.736200,1998.784600,5931.892200,101.242400,68.901700,15.726300
2020,BGD,F,263906.536200,234002.681700,589015.138600,6795.018500,4945.598300,3244.386700
2020,BGD,F09,263804.540300,233911.519900,588768.306800,6792.212000,4943.640700,3243.216000
2020,BGR,B06,41.005300,27.131000,63.054700,0.900800,0.003200,2.495000
2020,BGR,B0609,77.998600,52.995800,122.267100,1.231900,0.006500,4.585400
2020,BGR,F,73833.441600,53341.896000,137869.868600,637.987600,47.432400,3061.595900
2020,BGR,F09,73796.448300,53316.031200,137810.656200,637.656500,47.429100,3059.505500
2020,BLR,B06,153.374800,72.841800,516.458100,1.619100,0.016000,20.372600
2020,BLR,B0609,198.754000,99.980200,661.601000,1.883300,0.024200,26.069500
2020,BLR,F,56519.443900,35859.770800,113452.273300,582.741700,113.551300,3438.246300
2020,BLR,F09,56474.064700,35832.632400,113307.130400,582.477500,113.543100,3432.549400
2020,BRA,B06,24031.307700,19379.112300,42022.354500,1549.455200,555.651300,1963.425400
2020,BRA,B0609,25646.257600,20814.943100,44961.343600,1553.348800,557.749800,2088.115400
2020,BRA,F,1211389.930900,1083618.782900,2539264.286900,3974.260200,2139.333200,64617.768000
2020,BRA,F09,1209774.981000,1082182.952100,2536325.297800,3970.366600,2137.234700,64493.078000
2020,BRN,B06,1967.397100,1497.044100,5328.476000,54.200200,51.088300,-12.672300
2020,BRN,B0609,2285.215900,1768.482100,6127.881200,57.920500,54.486600,-15.178600
2020,BRN,F,11221.530500,8984.827200,20127.986400,183.421500,171.812300,-68.053700
2020,BRN,F09,10903.711700,8713.389200,19328.581200,179.701200,168.414000,-65.547400
2020,CAN,B06,36857.042800,29268.487100,67691.845100,85.021100,7.607300,559.780000
2020,CAN,B0609,41623.395600,32995.433900,81499.096500,93.624700,11.755200,703.147900
2020,CAN,F,1309080.968100,1039218.306600,2852569.266400,6623.286300,861.119400,19883.244100
2020,CAN,F09,1304314.615300,1035491.359800,2838762.015000,6614.682700,856.971500,19739.876200
2020,CHE,B06,4.646500,3.506900,8.697500,0.081600,0.051700,0.071700
2020,CHE,B0609,18.113200,13.963500,48.466600,0.190300,0.129900,0.317400
2020,CHE,F,800811.346600,609991.251500,1530162.355400,14819.038400,9828.788500,7509.487500
2020,CHE,F09,800797.879900,609980.794900,1530122.586300,14818.929700,9828.710300,7509.241800
2020,CHL,B06,83.986300,70.857200,141.568200,0.488900,0.062800,1.853700
2020,CHL,B0609,211.788700,179.009200,597.812300,1.098200,0.219800,7.622100
2020,CHL,F,195160.896500,162923.412400,430077.381300,1865.930800,265.342600,5706.225400
2020,CHL,F09,195033.094100,162815.260400,429621.137200,1865.321500,265.185600,5700.457000
2020,CHN,B06,125687.529800,117877.367200,278211.829100,670.232100,514.609900,3164.358600
2020,CHN,B0609,145184.940500,136238.950700,308109.734300,791.667800,612.385000,4211.643100
2020,CHN,F,22557177.950200,20986836.215600,36484139.449700,202403.896700,155154.396300,556561.790100
2020,CHN,F09,22537680.539500,20968474.632100,36454241.544500,202282.461000,155056.621200,555514.505600
2020,CIV,B06,76.515700,59.334800,128.142000,1.091100,0.180300,2.428100
2020,CIV,B0609,104.840400,82.714100,169.523300,1.260400,0.222800,3.437300
2020,CIV,F,38089.616500,32529.645500,97624.051100,245.420100,75.496100,1312.117100
2020,CIV,F09,38061.291800,32506.266200,97582.669800,245.250800,75.453600,1311.107900
2020,CMR,B06,157.628300,109.705600,1675.646800,1.523000,1.271700,9.912300
2020,CMR,B0609,251.758100,200.706300,1942.986800,1.837300,1.577000,10.467100
2020,CMR,F,18368.337100,15135.597900,55492.491700,271.837300,188.262600,800.511800
2020,CMR,F09,18274.207300,15044.597200,55225.151700,271.523000,187.957300,799.957000
2020,COD,B06,62.481000,57.194300,281.750500,0.510400,0.103100,0.171700
2020,COD,B0609,131.194900,121.722400,547.150000,0.923600,0.384900,0.349400
2020,COD,F,19171.483200,14016.584100,63440.939700,385.054900,86.628500,184.509000
2020,COD,F09,19102.769300,13952.056000,63175.540200,384.641700,86.346700,184.331300
2020,COL,B06,6213.030900,5170.518500,13853.601400,511.771800,0.084900,1161.177300
2020,COL,B0609,6256.118600,5208.339300,13941.277000,511.802700,0.104700,1163.394900
2020,COL,F,211734.684100,186250.370100,458297.001000,311.188300,86.419500,7138.761600
2020,COL,F09,211691.596400,186212.549300,458209.325400,311.157400,86.399700,7136.544000
2020,CRI,B06,0.423500,0.316100,1.706800,0.021100,0.009800,0.032300
2020,CRI,B0609,0.663700,0.500200,2.255300,0.025700,0.012400,0.052500
2020,CRI,F,38624.567600,30178.631100,98217.975500,1132.675700,583.754600,1600.932600
2020,CRI,F09,38624.327400,30178.447000,98217.427000,1132.671100,583.752000,1600.912400
2020,CYP,B06,12.806200,8.432700,26.480700,3.949900,3.791800,0.492000
2020,CYP,B0609,13.318100,8.735900,27.293200,3.951200,3.792900,0.520600
2020,CYP,F,25774.600700,12920.345200,48641.245800,1297.705900,1234.731900,626.591000
2020,CYP,F09,25774.088800,12920.042000,48640.433300,1297.704600,1234.730800,626.562400
2020,CZE,B06,44.383000,35.887200,253.788000,0.326500,0.004500,-1.239100
2020,CZE,B0609,130.861000,105.256600,411.662100,0.373300,0.023800,1.831000
2020,CZE,F,299002.797500,207874.542000,528966.301700,376.801400,94.306000,6087.175800
2020,CZE,F09,298916.319500,207805.172600,528808.427600,376.754600,94.286700,6084.105700
2020,DEU,B06,180.718300,123.010000,274.744000,0.478400,0.199500,8.068600
2020,DEU,B0609,233.648800,161.203500,828.254000,0.610700,0.248500,10.604700
2020,DEU,F,3525569.212000,2835524.798000,7162172.058800,10704.833500,4391.862300,111440.805100
2020,DEU,F09,3525516.281500,2835486.604500,7161618.548800,10704.701200,4391.813300,111438.269000
2020,DNK,B06,777.739400,525.612000,1306.001200,3.783100,2.479800,39.789700
2020,DNK,B0609,1247.019900,855.167800,2191.314600,5.850100,4.065100,66.482100
2020,DNK,F,297412.185700,201498.561300,618705.712100,2981.165200,1682.224900,13633.636000
2020,DNK,F09,296942.905200,201169.005500,617820.398700,2979.098200,1680.639600,13606.943600
2020,EGY,B06,2969.095200,2631.386800,41415.943900,142.303200,104.368700,36.132000
2020,EGY,B0609,3176.133700,2811.249400,42639.085000,147.183000,108.039500,40.369600
2020,EGY,F,171734.546900,146086.999600,517992.147300,5400.608000,4092.475800,1373.677700
2020,EGY,F09,171527.508400,145907.137000,516769.006200,5395.728200,4088.805000,1369.440100
2020,ESP,B06,0.254000,0.197100,2.787200,0.001500,0.001000,0.016700
2020,ESP,B0609,177.920900,138.766400,378.120100,1.372700,0.808300,14.092800
2020,ESP,F,1105268.919300,897600.649600,2304896.406300,1972.818400,1178.925200,33349.264600
2020,ESP,F09,1105091.252400,897462.080300,2304521.073400,1971.447200,1178.117900,33335.188500
2020,EST,B06,135.200700,71.974100,335.002600,1.420700,0.932200,13.674700
2020,EST,B0609,142.845000,76.112400,348.755400,1.496500,0.982700,14.401100
2020,EST,F,32321.387100,21531.216300,60949.464000,182.653000,127.276600,1260.465700
2020,EST,F09,32313.742800,21527.078000,60935.711200,182.577200,127.226100,1259.739300
2020,FIN,B06,0.000000,0.000000,0.000000,0.000000,0.000000,0.000000
2020,FIN,B0609,110.667600,74.791400,222.150400,0.239300,0.157200,6.792300
2020,FIN,F,253463.664700,193288.512700,500476.068800,657.839900,388.497300,11539.188900
2020,FIN,F09,253352.997100,193213.721300,500253.918400,657.600600,388.340100,11532.396600
2020,FRA,B06,126.558300,95.480500,192.381000,0.287200,0.147900,7.214300
2020,FRA,B0609,384.749300,283.209400,777.492400,0.891900,0.498700,30.786000
2020,FRA,F,2198449.839200,1808352.439500,4651130.469100,3193.037000,1920.549500,89713.434500
2020,FRA,F09,2198191.648200,1808164.710600,4650545.357700,3192.432300,1920.198700,89689.862800
2020,GBR,B06,11937.064900,9159.074900,26870.293700,182.933400,17.874500,439.701700
2020,GBR,B0609,15770.636600,12382.979700,32327.784700,184.904500,19.340300,558.909300
2020,GBR,F,2112337.491700,1758367.946800,4600417.079600,3929.174800,1625.169500,69293.319700
2020,GBR,F09,2108503.920000,1755144.042000,4594959.588600,3927.203700,1623.703700,69174.112100
2020,GRC,B06,22.445700,18.447500,65.147100,0.131700,0.087800,1.595500
2020,GRC,B0609,28.063600,22.522800,74.137300,0.184400,0.134100,2.078200
2020,GRC,F,132347.911000,93580.189300,301944.202900,6590.987100,885.415700,4309.426300
2020,GRC,F09,132342.293100,93576.114000,301935.212700,6590.934400,885.369400,4308.943600
2020,HKG,B06,0.000000,0.000000,0.000000,0.000000,0.000000,0.000000
2020,HKG,B0609,272.004100,213.732400,320.678100,4.155200,2.793900,6.594100
2020,HKG,F,280807.006300,229385.823100,616845.275400,13218.631300,7749.444100,5978.762000
2020,HKG,F09,280535.002200,229172.090700,616524.597300,13214.476100,7746.650200,5972.167900
2020,HRV,B06,5.374500,2.030500,7.401500,0.026200,0.016400,0.464800
2020,HRV,B0609,23.101700,10.756100,44.354500,0.039800,0.028000,1.461900
2020,HRV,F,45858.569400,32556.142400,96292.717000,183.589700,116.453300,2223.044600
2020,HRV,F09,45840.842200,32547.416800,96255.764000,183.576100,116.441700,2222.047500
2020,HUN,B06,39.579400,27.526700,118.847000,0.273200,0.142000,1.828400
2020,HUN,B0609,143.236100,92.763600,300.841500,0.314000,0.149600,7.639400
2020,HUN,F,163998.748900,88489.745600,304126.260400,242.682000,84.654800,7432.873600
2020,HUN,F09,163895.092200,88424.508700,303944.265900,242.641200,84.647200,7427.062600
2020,IDN,B06,41335.204800,37357.752600,63848.832800,516.396700,484.113400,286.460700
2020,IDN,B0609,42404.819600,38315.129900,69906.202200,524.043400,490.999200,295.101200
2020,IDN,F,877942.277900,788629.563700,1883724.865900,6629.761600,6118.627500,7607.445900
2020,IDN,F09,876872.663100,787672.186400,1877667.496500,6622.114900,6111.741700,7598.805400
2020,IND,B06,4659.514600,3736.473200,19181.922600,65.529700,0.003200,107.638100
2020,IND,B0609,10482.430500,8739.882200,36468.591500,105.659600,0.008500,291.733200
2020,IND,F,2268390.464600,1920348.396800,4789858.628800,14993.620000,1863.386900,73906.108300
2020,IND,F09,2262567.548700,1915344.987800,4772571.959900,14953.490100,1863.381600,73722.013200
2020,IRL,B06,32.998300,4.335300,52.918500,0.554500,0.009600,0.431200
2020,IRL,B0609,42.956500,10.116500,79.853800,0.628400,0.010600,0.550800
2020,IRL,F,401286.296200,107599.880700,815053.038400,3041.194600,56.687900,6699.835700
2020,IRL,F09,401276.338000,107594.099500,815026.103100,3041.120700,56.686900,6699.716100
2020,ISL,B06,0.562600,0.408000,1.325100,0.028800,0.013100,0.033300
2020,ISL,B0609,0.592900,0.432800,1.428500,0.029500,0.013500,0.035500
2020,ISL,F,17713.394500,13552.850100,37800.861800,512.625700,265.383600,684.152600
2020,ISL,F09,17713.364200,13552.825300,37800.758400,512.625000,265.383200,684.150400
2020,ISR,B06,396.487400,323.608500,903.112500,15.805500,11.390900,18.081900
2020,ISR,B0609,511.630600,417.107500,1226.647400,17.720400,12.836400,24.431300
2020,ISR,F,302074.482200,250150.740300,685915.165400,5798.378200,4385.783500,7041.207100
2020,ISR,F09,301959.339000,250057.241300,685591.630500,5796.463300,4384.338000,7034.857700
2020,ITA,B06,4852.862000,4076.540100,7069.569900,18.309600,15.171000,221.248200
2020,ITA,B0609,5054.951700,4241.476900,7547.551900,19.327400,15.694100,235.972100
2020,ITA,F,1804157.087500,1522017.431100,3573577.368400,5270.444900,3401.803500,54853.760700
2020,ITA,F09,1803954.997800,1521852.494300,3573099.386400,5269.427100,3401.280400,54839.036800
2020,JOR,B06,130.439700,96.255300,433.530600,5.195000,0.005200,3.965500
2020,JOR,B0609,190.641900,145.092900,631.271800,6.272500,0.008400,6.576700
2020,JOR,F,32835.370200,23866.301300,72182.499600,436.590200,33.776500,307.783000
2020,JOR,F09,32775.168000,23817.463700,71984.758400,435.512700,33.773300,305.171800
2020,JPN,B06,243.553800,219.209200,965.268800,0.871200,0.025000,11.363700
2020,JPN,B0609,1336.025700,1160.771200,2902.828600,19.111200,0.039600,93.344300
2020,JPN,F,4045496.131700,3535348.610300,8867104.077300,24685.649900,8569.813100,173504.918300
2020,JPN,F09,4044403.659800,3534407.048300,8865166.517500,24667.409900,8569.798500,173422.937700
2020,KAZ,B06,14708.712500,12590.944000,33680.944200,102.285800,4.076900,229.942300
2020,KAZ,B0609,15521.347800,13252.478400,35597.379000,105.439300,4.410500,280.199100
2020,KAZ,F,87188.273900,69713.461300,232058.121100,612.036500,35.447800,1685.700600
2020,KAZ,F09,86375.638600,69051.926900,230141.686300,608.883000,35.114200,1635.443800
2020,KHM,B06,0.000000,0.000000,0.000000,0.000000,0.000000,0.000000
2020,KHM,B0609,30.207700,22.646700,74.251300,0.246100,0.001800,0.408500
2020,KHM,F,20011.433400,12113.809500,44840.488400,275.241800,35.588100,459.254900
2020,KHM,F09,19981.225700,12091.162800,44766.237100,274.995700,35.586300,458.846400
2020,KOR,B06,52.039400,43.368600,119.813100,1.453700,0.314100,1.248100
2020,KOR,B0609,57.975700,48.367100,135.998800,1.533100,0.333700,1.671300
2020,KOR,F,1921997.724400,1533663.612200,3482495.276400,9547.273700,4305.556100,59118.738200
2020,KOR,F09,1921991.788100,1533658.613700,3482479.090700,9547.194300,4305.536500,59118.315000
2020,LAO,B06,43.585700,36.326500,243.466000,0.283100,0.104600,1.790400
2020,LAO,B0609,118.569100,99.912900,477.846000,0.499300,0.187200,4.986300
2020,LAO,F,11918.596900,10048.257900,29276.134800,23.460100,9.003700,410.455300
2020,LAO,F09,11843.613500,9984.671500,29041.754800,23.243900,8.921100,407.259400
2020,LTU,B06,53.067400,29.945400,115.162700,0.151900,0.032900,2.752700
2020,LTU,B0609,62.118500,35.939600,148.666800,0.176400,0.035100,3.221700
2020,LTU,F,46344.954400,28314.587500,99503.776400,302.669200,31.162800,2114.379300
2020,LTU,F09,46335.903300,28308.593300,99470.272300,302.644700,31.160600,2113.910300
2020,LUX,B06,0.000000,0.000000,0.000000,0.000000,0.000000,0.000000
2020,LUX,B0609,0.000000,0.000000,0.000000,0.000000,0.000000,0.000000
2020,LUX,F,188206.372600,88697.471400,258769.986900,517.164500,38.002000,3280.561500
2020,LUX,F09,188206.372600,88697.471400,258769.986900,517.164500,38.002000,3280.561500
2020,LVA,B06,0.000000,0.000000,0.000000,0.000000,0.000000,0.000000
2020,LVA,B0609,1.335900,0.861100,3.331600,0.005300,0.000700,0.355500
2020,LVA,F,29260.458800,22014.056400,60678.513900,149.947900,24.542600,1399.666300
2020,LVA,F09,29259.122900,22013.195300,60675.182300,149.942600,24.541900,1399.310800
2020,MAR,B06,3.891900,2.489200,21.713800,0.252700,0.001300,0.436800
2020,MAR,B0609,10.892100,7.008400,81.109500,0.425500,0.003500,1.585900
2020,MAR,F,84253.146000,60790.160200,197802.482800,1148.474200,82.861100,4416.327700
2020,MAR,F09,84246.145800,60785.641000,197743.087100,1148.301400,82.858900,4415.178600
2020,MEX,B06,8759.253600,7072.602500,31131.066400,332.538800,0.032900,184.466200
2020,MEX,B0609,14029.229600,11353.488000,40196.779600,417.015000,0.057600,328.335800
2020,MEX,F,808246.064800,581757.857500,1875824.070800,9761.454800,421.405200,15743.235700
2020,MEX,F09,802976.088800,577476.972000,1866758.357600,9676.978600,421.380500,15599.366100
2020,MLT,B06,8.458400,2.048900,12.919900,0.425100,0.000100,0.121900
2020,MLT,B0609,11.333800,2.757100,17.903400,0.478800,0.000100,0.176600
2020,MLT,F,26111.925900,11345.971400,41587.317900,400.348900,10.789400,478.498100
2020,MLT,F09,26109.050500,11345.263200,41582.334400,400.295200,10.789400,478.443400
2020,MMR,B06,3436.472100,2781.401400,5768.956500,201.335100,118.112000,40.263800
2020,MMR,B0609,3466.696400,2805.467600,5822.199000,202.168300,118.618800,40.764600
2020,MMR,F,108359.713000,100134.672400,184053.676200,1516.258400,1022.402700,399.290800
2020,MMR,F09,108329.488700,100110.606200,184000.433700,1515.425200,1021.895900,398.790000
2020,MYS,B06,32784.226600,26340.619800,43272.871700,139.120300,104.419800,142.684300
2020,MYS,B0609,34855.008100,27952.752400,47610.731400,148.604500,112.033600,153.666500
2020,MYS,F,465117.660400,348204.367200,790705.373600,2316.627200,1697.830900,2342.101400
2020,MYS,F09,463046.878900,346592.234600,786367.513900,2307.143000,1690.217100,2331.119200
2020,NGA,B06,12809.254000,10962.669800,48006.843200,17.557400,11.569000,122.197600
2020,NGA,B0609,12855.021100,11002.774400,48101.008000,18.629200,11.570900,122.431000
2020,NGA,F,331125.495900,298930.074300,724794.907500,4670.579100,97.062700,2779.038400
2020,NGA,F09,331079.728800,298889.969700,724700.742700,4669.507300,97.060800,2778.805000
2020,NLD,B06,4043.122800,2959.870100,18910.889000,19.240900,9.171400,85.695200
2020,NLD,B0609,5237.336200,3510.462100,22003.739600,20.135500,9.848300,135.326000
2020,NLD,F,891464.204300,633704.846600,1717773.166000,4151.418300,1912.183100,30556.422300
2020,NLD,F09,890269.990900,633154.254600,1714680.315400,4150.523700,1911.506200,30506.791500
2020,NOR,B06,4779.443800,4047.598500,42707.675900,24.731100,5.812300,47.230000
2020,NOR,B0609,14211.292400,12072.216000,57293.977400,45.809800,20.284500,273.712300
2020,NOR,F,279309.558200,219025.314800,578104.820900,3591.913500,1438.921500,11940.901900
2020,NOR,F09,269877.709600,211000.697300,563518.519400,3570.834800,1424.449300,11714.419600
2020,NZL,B06,912.396100,773.647100,1925.408000,5.741300,5.012600,24.764300
2020,NZL,B0609,1052.319100,895.270200,2288.475200,6.101000,5.310500,28.655700
2020,NZL,F,202353.032000,180484.410800,400836.476800,361.647500,293.965700,3946.406500
2020,NZL,F09,202213.109000,180362.787700,400473.409600,361.287800,293.667800,3942.515100
2020,PAK,B06,2766.794700,2216.830400,7054.537600,129.804100,98.013200,75.429800
2020,PAK,B0609,2964.396100,2380.904800,7527.146900,134.165200,101.412800,82.878200
2020,PAK,F,213617.675600,187443.312700,475347.698000,4403.109400,3502.457800,686.584300
2020,PAK,F09,213420.074200,187279.238300,474875.088700,4398.748300,3499.058200,679.135900
2020,PER,B06,1721.247700,1545.062100,2416.583500,21.561900,19.298800,44.606000
2020,PER,B0609,2286.592400,2008.843100,3662.548300,22.009600,19.625200,58.632600
2020,PER,F,139960.137500,117639.852500,330754.915700,217.063600,177.400300,4063.205100
2020,PER,F09,139394.792800,117176.071500,329508.950900,216.615900,177.073900,4049.178500
2020,PHL,B06,262.507800,191.752900,689.766900,5.707400,0.025100,10.650600
2020,PHL,B0609,297.089600,216.912100,752.916800,6.005600,0.028800,12.352100
2020,PHL,F,313765.326700,248903.647800,657541.000900,2552.387800,344.043900,5749.111200
2020,PHL,F09,313730.744900,248878.488600,657477.851000,2552.089600,344.040200,5747.409700
2020,POL,B06,83.911300,63.512300,142.988500,0.773100,0.072300,2.731600
2020,POL,B0609,737.899200,605.962200,1677.570900,1.687100,0.321900,28.618100
2020,POL,F,644237.191600,491062.175500,1190321.802800,1525.844100,329.432700,18086.412000
2020,POL,F09,643583.203700,490519.725600,1188787.220400,1524.930100,329.183100,18060.525500
2020,PRT,B06,0.000000,0.000000,0.000000,0.000000,0.000000,0.000000
2020,PRT,B0609,47.550800,23.419600,55.843300,0.149600,0.098200,2.867800
2020,PRT,F,195201.568300,146768.909000,403050.093700,388.682400,248.328700,8163.872600
2020,PRT,F09,195154.017500,146745.489400,402994.250400,388.532800,248.230500,8161.004800
2020,ROU,B06,538.594300,424.907100,2049.628900,10.575300,0.000900,14.042700
2020,ROU,B0609,823.916800,666.376600,2520.219300,10.801600,0.199100,23.327200
2020,ROU,F,226459.121000,173451.175700,459256.201400,1076.493000,411.380300,6300.834900
2020,ROU,F09,226173.798500,173209.706200,458785.611000,1076.266700,411.182100,6291.550400
2020,RUS,B06,11330.152700,10701.554100,114782.313800,15.538000,1.338100,102.362100
2020,RUS,B0609,87466.196500,81486.999100,200307.640000,80.570900,19.873000,1267.214100
2020,RUS,F,1326135.680200,1177815.626600,2587376.111800,2671.246400,844.427000,30121.891500
2020,RUS,F09,1249999.636400,1107030.181600,2501850.785600,2606.213500,825.892100,28957.039500
2020,SAU,B06,60645.798200,49894.992600,190152.981200,74.543800,63.879400,631.981000
2020,SAU,B0609,61132.620900,50293.639200,191285.307200,75.299000,64.552500,636.794300
2020,SAU,F,429957.598000,372599.418700,984367.384200,1089.296200,826.113500,4180.515100
2020,SAU,F09,429470.775300,372200.772100,983235.058200,1088.541000,825.440400,4175.701800
2020,SEN,B06,2.697800,1.957800,5.324000,0.369400,0.000200,0.015400
2020,SEN,B0609,109.405400,97.680200,197.539500,1.418200,0.007600,1.741700
2020,SEN,F,15726.958900,11283.145100,38247.922000,1002.122300,3.814800,458.465900
2020,SEN,F09,15620.251300,11187.422700,38055.706500,1001.073500,3.807400,456.739600
2020,SGP,B06,0.000000,0.000000,0.000000,0.000000,0.000000,0.000000
2020,SGP,B0609,0.000000,0.000000,0.000000,0.000000,0.000000,0.000000
2020,SGP,F,529653.646800,243679.735600,872929.630700,50591.094300,9445.858100,9395.986300
2020,SGP,F09,529653.646800,243679.735600,872929.630700,50591.094300,9445.858100,9395.986300
2020,STP,B06,0.261400,0.205400,0.862400,0.016300,0.000200,0.001900
2020,STP,B0609,0.463100,0.359600,1.283000,0.020900,0.000300,0.003800
2020,STP,F,366.339800,319.593100,835.106700,5.670600,0.354400,1.871000
2020,STP,F09,366.138100,319.438900,834.686100,5.666000,0.354300,1.869100
2020,SVK,B06,0.072700,0.063700,0.377600,0.000600,0.000200,0.002200
2020,SVK,B0609,109.920400,81.464500,209.675700,0.014100,0.004800,2.791400
2020,SVK,F,129934.586500,80310.282500,229979.262700,202.361700,55.303200,4278.170700
2020,SVK,F09,129824.738800,80228.881700,229769.964600,202.348200,55.298600,4275.381500
2020,SVN,B06,0.000000,0.000000,0.000000,0.000000,0.000000,0.000000
2020,SVN,B0609,7.091100,4.808600,7.692500,0.022200,0.001500,0.492100
2020,SVN,F,50092.883400,33693.197400,99363.340700,226.974500,23.978700,1763.697800
2020,SVN,F09,50085.792300,33688.388800,99355.648200,226.952300,23.977200,1763.205700
2020,SWE,B06,61.208900,29.041400,91.069900,0.551200,0.321500,3.493200
2020,SWE,B0609,93.759100,55.341400,258.981600,0.825100,0.479400,5.423000
2020,SWE,F,485533.065300,385842.292100,991570.878800,3026.867300,1711.590700,20478.063100
2020,SWE,F09,485500.515100,385815.992100,991402.967100,3026.593400,1711.432800,20476.133300
2020,THA,B06,6961.343100,5143.145200,13943.952000,97.504400,55.369000,200.244400
2020,THA,B0609,7152.102900,5294.167500,15990.796100,98.970400,56.258100,216.164000
2020,THA,F,598355.184000,449569.207600,1064742.242700,5822.735700,3743.403800,17764.811600
2020,THA,F09,598164.424200,449418.185300,1062695.398600,5821.269700,3742.514700,17748.892000
2020,TUN,B06,683.849500,415.991300,1835.176500,9.296300,1.515100,2.195700
2020,TUN,B0609,769.144200,475.475000,2007.804200,10.181100,1.661000,3.053300
2020,TUN,F,29204.769800,20185.283100,67458.971400,513.660300,77.934800,223.971000
2020,TUN,F09,29119.475100,20125.799400,67286.343700,512.775500,77.788900,223.113400
2020,TUR,B06,536.655600,461.777100,1709.570300,7.237100,2.818600,15.061900
2020,TUR,B0609,609.700700,516.415400,2149.530500,7.822000,3.119100,21.486900
2020,TUR,F,676386.071000,541018.327700,1345196.367400,6082.631300,3021.657600,29609.686000
2020,TUR,F09,676313.025900,540963.689400,1344756.407200,6082.046400,3021.357100,29603.261000
2020,TWN,B06,131.232800,88.159900,476.057400,3.930700,3.509200,1.650200
2020,TWN,B0609,541.790700,397.957200,1258.931500,4.304400,3.682000,9.387600
2020,TWN,F,704607.379700,521005.892900,1361797.201500,5316.100800,4347.373200,5834.380200
2020,TWN,F09,704196.821800,520696.095600,1361014.327400,5315.727100,4347.200400,5826.642800
2020,UKR,B06,2845.194700,2211.191800,5311.876800,37.601300,17.314000,71.596800
2020,UKR,B0609,5107.992200,3970.467400,7877.767200,55.397100,27.465900,162.681300
2020,UKR,F,178901.890600,146521.780900,317291.262700,2393.446400,1188.653000,6249.308500
2020,UKR,F09,176639.093100,144762.505300,314725.372300,2375.650600,1178.501100,6158.224000
2020,USA,B06,139190.631400,122617.603900,246962.826200,897.740600,254.482000,2599.318300
2020,USA,B0609,168496.543700,149842.531900,311134.941000,919.321500,273.506700,3294.874100
2020,USA,F,15324217.497200,14261343.013900,35939396.811000,36410.517600,15371.651700,183190.523800
2020,USA,F09,15294911.584900,14234118.085900,35875224.696200,36388.936700,15352.627000,182494.968000
2020,VNM,B06,1127.533800,876.274400,1939.807800,8.711800,5.960900,46.643800
2020,VNM,B0609,1913.791300,1505.351700,3247.013600,13.222400,9.609800,95.105700
2020,VNM,F,792714.969900,573722.356500,1127582.460800,5591.044300,4362.654500,19414.297800
2020,VNM,F09,791928.712400,573093.279200,1126275.255000,5586.533700,4359.005600,19365.835900
2020,ZAF,B06,601.381200,505.826600,805.780600,13.073700,0.011700,28.578200
2020,ZAF,B0609,1083.092500,927.004200,1526.420800,16.790800,0.022000,53.427500
2020,ZAF,F,328019.967500,281144.082500,645856.222100,2265.549200,105.914100,11583.647500
2020,ZAF,F09,327538.256200,280722.904900,645135.581900,2261.832100,105.903800,11558.798200
2020,ROW,B06,204113.459100,191847.105100,578304.116800,2344.453900,648.399100,566.415200
2020,ROW,B0609,229229.125500,213895.125200,635756.071100,2589.630000,736.752200,727.926200
2020,ROW,F,2340295.031800,1900361.048700,5241786.990600,42729.378000,18974.503900,34591.980600
2020,ROW,F09,2315179.365400,1878313.028600,5184335.036300,42484.201900,18886.150800,34430.469600
2021,AGO,B06,7925.450100,7009.770200,31354.958000,271.034000,97.713400,-46.601400
2021,AGO,B0609,8754.575800,7726.129200,35209.541500,281.232600,101.830300,-54.851400
2021,AGO,F,26860.747000,23143.455100,73663.610200,609.636200,250.534500,-210.258300
2021,AGO,F09,26031.621300,22427.096100,69809.026700,599.437600,246.417600,-202.008300
2021,ARE,B06,28529.317100,17445.389500,126748.986400,586.668700,2.164800,79.322800
2021,ARE,B0609,38602.534300,23730.837200,148700.783300,652.323600,7.765800,98.073700
2021,ARE,F,329177.436600,179851.814000,655577.720600,4973.401200,374.782100,982.882300
2021,ARE,F09,319104.219400,173566.366300,633625.923700,4907.746300,369.181100,964.131400
2021,ARG,B06,8026.483500,7282.887300,18294.384900,79.568500,0.020800,1117.869100
2021,ARG,B0609,9858.805100,8981.555500,23011.321300,84.622200,0.025400,1239.972500
2021,ARG,F,370252.812000,331173.719200,791522.622900,1365.040100,142.379900,24929.462600
2021,ARG,F09,368420.490400,329475.051000,786805.686500,1359.986400,142.375300,24807.359200
2021,AUS,B06,18936.444700,17419.160600,76697.301500,94.388700,87.022400,203.386600
2021,AUS,B0609,26558.861500,24504.346800,92687.824200,113.601900,103.748600,299.346900
2021,AUS,F,1513378.158600,1371048.499400,3031564.766800,5312.427600,4720.781500,23626.322300
2021,AUS,F09,1505755.741800,1363963.313200,3015574.244100,5293.214400,4704.055300,23530.362000
2021,AUT,B06,191.580500,75.056800,733.770600,1.834000,0.021000,8.989000
2021,AUT,B0609,257.777200,122.715900,861.391100,2.486400,0.023100,12.297600
2021,AUT,F,473395.876500,337014.368000,917251.703200,2093.888700,106.114900,15425.890700
2021,AUT,F09,473329.679800,336966.708900,917124.082700,2093.236300,106.112800,15422.582100
2021,BEL,B06,0.000000,0.000000,0.000000,0.000000,0.000000,0.000000
2021,BEL,B0609,11.280200,7.631500,15.159800,0.068600,0.007300,0.672500
2021,BEL,F,686934.460800,459935.459800,1246087.246200,5541.956100,384.837300,23347.607600
2021,BEL,F09,686923.180600,459927.828300,1246072.086400,5541.887500,384.830000,23346.935100
2021,BGD,B06,2052.425300,1873.662500,6238.318200,99.829200,67.083900,16.151800
2021,BGD,B0609,2173.275100,1983.827400,6528.234600,102.604800,69.012100,17.506400
2021,BGD,F,308499.637000,277300.009000,687759.540400,7812.960200,5637.038900,3655.447800
2021,BGD,F09,308378.787200,277189.844100,687469.624000,7810.184600,5635.110700,3654.093200
2021,BGR,B06,51.506700,27.886200,74.561600,1.019300,0.003600,3.723100
2021,BGR,B0609,83.015600,48.712000,121.436500,1.286400,0.007000,5.572200
2021,BGR,F,92624.585200,65189.332500,169947.829400,959.308600,73.744200,3706.742800
2021,BGR,F09,92593.076300,65168.506700,169900.954500,959.041500,73.740800,3704.893700
2021,BLR,B06,200.309100,99.798900,608.187400,2.304000,0.064300,18.289400
2021,BLR,B0609,250.324900,129.647800,769.143500,2.590000,0.120200,22.299300
2021,BLR,F,68335.435200,43197.679300,132734.058500,825.559800,168.623600,3586.685400
2021,BLR,F09,68285.419400,43167.830400,132573.102400,825.273800,168.567700,3582.675500
2021,BRA,B06,25887.208200,20873.972000,66578.102000,1130.892800,49.733300,2252.992900
2021,BRA,B0609,28558.798200,23241.927900,71037.476000,1136.767000,52.243800,2458.544500
2021,BRA,F,1505284.916100,1330813.952300,2961380.747600,4804.288600,2171.941000,85875.392900
2021,BRA,F09,1502613.326100,1328445.996400,2956921.373600,4798.414400,2169.430500,85669.841300
2021,BRN,B06,2615.344100,1866.644500,6528.612700,63.374700,59.158800,4.498200
2021,BRN,B0609,2997.853800,2203.243700,7470.409500,66.786700,62.221300,2.923800
2021,BRN,F,13644.407600,9130.329100,24202.032300,170.123800,154.844300,79.624200
2021,BRN,F09,13261.897900,8793.729900,23260.235500,166.711800,151.781800,81.198600
2021,CAN,B06,47078.061200,38311.421200,132413.547000,567.720700,1.965200,840.989900
2021,CAN,B0609,52907.702000,43162.834200,149607.222300,589.933100,2.245800,981.273900
2021,CAN,F,1571727.494500,1238438.300300,3395041.973100,7427.559500,841.088900,30838.973000
2021,CAN,F09,1565897.853700,1233586.887300,3377848.297800,7405.347100,840.808300,30698.689000
2021,CHE,B06,4.996800,3.874200,9.547900,0.111700,0.079900,0.065800
2021,CHE,B0609,17.750500,13.998200,52.785600,0.228100,0.171200,0.293700
2021,CHE,F,991529.560800,772616.247400,1791912.592600,26382.783900,19244.636000,7941.640300
2021,CHE,F09,991516.807100,772606.123400,1791869.354900,26382.667500,19244.544700,7941.412400
2021,CHL,B06,86.471500,68.769500,210.615400,0.340500,0.118600,2.000900
2021,CHL,B0609,211.524200,174.161800,765.556700,0.741200,0.254600,6.737600
2021,CHL,F,252704.611400,205854.079500,542523.300200,1751.798800,354.760700,6776.609600
2021,CHL,F09,252579.558700,205748.687200,541968.358900,1751.398100,354.624700,6771.872900
2021,CHN,B06,142222.666500,129669.601200,337822.540500,3259.604500,2161.421800,4666.593200
2021,CHN,B0609,165884.709200,151871.192500,374126.485000,3461.749700,2303.132000,5712.403100
2021,CHN,F,27488487.705600,25406102.901600,44350616.945600,241580.016900,179149.665200,649526.718400
2021,CHN,F09,27464825.662900,25383901.310300,44314313.001100,241377.871700,179007.955000,648480.908500
2021,CIV,B06,86.646800,66.392600,145.239000,1.381100,0.110600,2.783600
2021,CIV,B0609,118.779400,92.271300,192.141400,1.572500,0.149700,3.890700
2021,CIV,F,43120.874600,36327.366400,110749.671400,323.985300,77.229900,1584.344600
2021,CIV,F09,43088.742000,36301.487700,110702.769000,323.793900,77.190800,1583.237500
2021,CMR,B06,607.655300,366.052500,2247.224900,13.156300,7.957600,37.215500
2021,CMR,B0609,716.294600,429.960500,2577.350500,14.965900,9.098000,45.257800
2021,CMR,F,18444.611100,14930.795500,59636.844600,267.913700,154.354800,872.632300
2021,CMR,F09,18335.971800,14866.887500,59306.719000,266.104100,153.214400,864.590000
2021,COD,B06,60.306600,37.817700,315.525600,2.826800,0.004000,0.678800
2021,COD,B0609,141.003700,93.265600,625.198200,4.096900,0.011200,1.682100
2021,COD,F,22135.312300,12503.576000,74649.721500,572.963000,64.738300,369.129100
2021,COD,F09,22054.615200,12448.128100,74340.048900,571.692900,64.731100,368.125800
2021,COL,B06,8617.456600,7228.924000,19414.784500,207.541300,0.191300,684.169100
2021,COL,B0609,8677.100800,7279.694600,19545.249200,207.968600,0.192800,691.030900
2021,COL,F,263300.323600,227278.923700,552315.620000,1476.840400,90.556300,10691.265600
2021,COL,F09,263240.679400,227228.153100,552185.155300,1476.413100,90.554800,10684.403800
2021,CRI,B06,0.479000,0.347900,1.809700,0.026500,0.008900,0.032800
2021,CRI,B0609,0.736800,0.542500,2.391300,0.031300,0.011100,0.050700
2021,CRI,F,41469.485500,31035.449600,102988.983700,1355.389100,566.766400,1722.769200
2021,CRI,F09,41469.227700,31035.255000,102988.402100,1355.384300,566.764200,1722.751300
2021,CYP,B06,13.868700,7.085600,29.554500,1.765100,1.658400,0.792300
2021,CYP,B0609,14.426400,7.382100,30.461300,1.790800,1.682500,0.835800
2021,CYP,F,28544.287400,14166.385900,54478.764300,1245.463500,1163.507100,931.624300
2021,CYP,F09,28543.729700,14166.089400,54477.857500,1245.437800,1163.483000,931.580800
2021,CZE,B06,20.950200,17.766600,180.377200,0.380500,0.000300,-0.612000
2021,CZE,B0609,123.813700,100.170200,355.056400,0.443000,0.024800,3.807300
2021,CZE,F,360181.395200,248043.470300,624169.153800,610.035900,109.434400,7879.449600
2021,CZE,F09,360078.531700,247961.066700,623994.474600,609.973400,109.409900,7875.030300
2021,DEU,B06,12.964500,8.771000,136.523900,0.119800,0.003000,0.672700
2021,DEU,B0609,749.311700,507.820200,1564.249200,5.984500,0.165900,38.533400
2021,DEU,F,4053830.400000,3183178.150600,8056934.112800,20337.323000,5948.290700,128123.248300
2021,DEU,F09,4053094.052800,3182679.101400,8055506.387500,20331.458300,5948.127800,128085.387600
2021,DNK,B06,786.592300,518.662600,1579.579000,4.658700,3.302700,42.727200
2021,DNK,B0609,1247.618700,833.572700,2387.472800,6.834600,5.094200,66.362500
2021,DNK,F,346817.977900,230679.918300,716638.893800,4325.224800,2645.480600,14523.999600
2021,DNK,F09,346356.951500,230365.008200,715831.000000,4323.048900,2643.689100,14500.364300
2021,EGY,B06,3400.967000,2929.958300,47462.386900,192.921100,130.489200,43.001800
2021,EGY,B0609,3638.688800,3134.721600,48864.098000,197.609000,133.803200,47.404400
2021,EGY,F,196511.388600,162866.604500,593661.361000,6486.638600,4601.025000,1915.324200
2021,EGY,F09,196273.666800,162661.841200,592259.649900,6481.950700,4597.711000,1910.921600
2021,ESP,B06,0.284800,0.238500,3.125800,0.001000,0.000300,0.019600
2021,ESP,B0609,185.598600,149.987000,454.243000,0.978800,0.201700,13.935900
2021,ESP,F,1327318.792400,1061200.602000,2678280.177800,1509.102500,613.455400,42252.619800
2021,ESP,F09,1327133.478600,1061050.853500,2677829.060600,1508.124700,613.254000,42238.703500
2021,EST,B06,171.208800,95.777600,398.398600,1.688200,0.118300,9.167000
2021,EST,B0609,178.241800,99.826000,411.393500,1.720100,0.128500,9.594100
2021,EST,F,39540.736500,24377.296700,73471.900500,286.010800,80.160400,1528.420200
2021,EST,F09,39533.703500,24373.248300,73458.905600,285.978900,80.150200,1527.993100
2021,FIN,B06,0.000000,0.000000,0.000000,0.000000,0.000000,0.000000
2021,FIN,B0609,106.738600,66.006000,218.051000,0.246400,0.152800,6.402400
2021,FIN,F,290028.602800,216163.391400,559962.486300,801.029700,424.032400,13034.061300
2021,FIN,F09,289921.864200,216097.385400,559744.435300,800.783300,423.879600,13027.658900
2021,FRA,B06,165.145200,131.161200,308.406000,3.343200,2.963100,9.299900
2021,FRA,B0609,468.728800,338.089600,946.406200,7.411500,6.556200,39.052400
2021,FRA,F,2595542.328600,2110918.899200,5333395.652000,17753.340700,15459.184400,114899.677500
2021,FRA,F09,2595238.745000,2110711.970800,5332757.651800,17749.272400,15455.591300,114869.925000
2021,GBR,B06,14260.741800,10068.776800,31599.693000,284.156200,62.908900,515.456200
2021,GBR,B0609,18772.530200,13817.963600,38018.271700,287.163000,65.086300,675.634500
2021,GBR,F,2513239.756400,2062730.308400,5401420.734900,6016.349100,2597.672400,88292.950900
2021,GBR,F09,2508727.968000,2058981.121600,5395002.156200,6013.342300,2595.495000,88132.772600
2021,GRC,B06,20.687900,12.219600,67.522300,1.095600,0.144700,1.070500
2021,GRC,B0609,27.735700,17.246400,78.570500,1.261600,0.198900,1.685900
2021,GRC,F,173290.386900,112819.844900,369079.811400,13303.376600,1379.184500,5330.155400
2021,GRC,F09,173283.339100,112814.818100,369068.763200,13303.210600,1379.130300,5329.540000
2021,HKG,B06,0.000000,0.000000,0.000000,0.000000,0.000000,0.000000
2021,HKG,B0609,290.573300,230.887900,341.618900,4.494500,3.109500,6.396500
2021,HKG,F,310541.272700,249738.711600,669636.117700,19331.540200,11399.928100,5984.116600
2021,HKG,F09,310250.699400,249507.823700,669294.498800,19327.045700,11396.818600,5977.720100
2021,HRV,B06,2.813500,1.470100,3.360400,0.014600,0.006700,0.315200
2021,HRV,B0609,20.801100,11.993000,45.221500,0.066400,0.041400,1.954900
2021,HRV,F,56504.061800,39016.011200,116937.028000,284.628700,188.259500,3280.966700
2021,HRV,F09,56486.074200,39005.488300,116895.166900,284.576900,188.224800,3279.327000
2021,HUN,B06,49.097800,28.673300,249.847700,0.491900,0.197000,3.078700
2021,HUN,B0609,164.431300,100.384300,481.709700,0.544900,0.207700,9.386800
2021,HUN,F,199551.403600,109395.624100,362636.909400,328.985800,97.727800,9067.276100
2021,HUN,F09,199436.070100,109323.913100,362405.047400,328.932800,97.717100,9060.968000
2021,IDN,B06,39222.039400,34088.211600,70986.530500,547.945500,496.126900,351.791500
2021,IDN,B0609,40430.565200,35142.469300,77754.502300,556.348500,503.058200,362.740800
2021,IDN,F,984805.138400,858576.632100,2101830.871700,7685.098300,6799.362400,10012.271900
2021,IDN,F09,983596.612600,857522.374400,2095062.899900,7676.695300,6792.431100,10001.322600
2021,IND,B06,4889.313900,3926.950300,21480.146300,93.419800,0.002500,132.505700
2021,IND,B0609,10733.954900,8961.983900,39400.675700,130.677100,0.006100,298.962100
2021,IND,F,2808976.746700,2315473.036900,5676313.593600,21791.853400,2726.709800,93011.183800
2021,IND,F09,2803132.105700,2310438.003300,5658393.064200,21754.596100,2726.706200,92844.727400
2021,IRL,B06,7.366600,0.943000,77.138600,0.177200,0.000900,0.129400
2021,IRL,B0609,36.922200,5.132400,157.986600,0.409200,0.004500,0.629500
2021,IRL,F,445067.355300,133103.595900,939578.409200,3733.757400,113.016900,10505.038400
2021,IRL,F09,445037.799700,133099.406500,939497.561200,3733.525400,113.013300,10504.538300
2021,ISL,B06,0.568800,0.400200,1.520100,0.032600,0.014300,0.033300
2021,ISL,B0609,0.605200,0.429100,1.642300,0.033400,0.014800,0.035900
2021,ISL,F,22634.907400,16869.028200,46443.648100,722.793000,364.444600,893.974600
2021,ISL,F09,22634.871000,16868.999300,46443.525900,722.792200,364.444100,893.972000
2021,ISR,B06,404.936700,320.811500,1000.881300,16.855400,10.847600,18.207000
2021,ISR,B0609,530.054600,421.365000,1372.648800,18.806300,12.190600,25.221300
2021,ISR,F,367728.451900,298334.813400,821341.434400,7238.562700,5030.187100,10137.958200
2021,ISR,F09,367603.334000,298234.259900,820969.666900,7236.611800,5028.844100,10130.943900
2021,ITA,B06,5856.236100,4679.608300,10130.947900,31.184500,12.676700,273.033100
2021,ITA,B0609,6038.440600,4834.375000,10923.931000,31.713000,13.013700,284.020300
2021,ITA,F,2172092.227700,1789996.702200,4175982.399500,6435.837500,3586.456700,71405.686000
2021,ITA,F09,2171910.023200,1789841.935500,4175189.416400,6435.309000,3586.119700,71394.698800
2021,JOR,B06,136.425300,94.914700,449.949400,7.561900,0.004400,3.518500
2021,JOR,B0609,199.545500,145.507600,655.179500,8.711600,0.007200,5.791700
2021,JOR,F,34007.890900,22733.708400,74763.641600,577.985400,35.584200,351.217400
2021,JOR,F09,33944.770700,22683.115500,74558.411500,576.835700,35.581400,348.944200
2021,JPN,B06,695.798400,637.706900,1093.839700,2.950800,1.651400,35.457300
2021,JPN,B0609,1762.990200,1558.517900,3068.353300,10.000300,2.100800,190.540800
2021,JPN,F,4287539.348700,3668552.148800,9070309.198100,39662.938800,19142.530900,187786.758400
2021,JPN,F09,4286472.156900,3667631.337800,9068334.684500,39655.889300,19142.081500,187631.674900
2021,KAZ,B06,20944.621000,17994.973200,42840.468100,124.343400,6.320400,278.739500
2021,KAZ,B0609,22113.753000,18987.743400,45278.076900,127.342600,6.769100,332.075000
2021,KAZ,F,122218.627900,101480.744700,288551.499800,606.245700,47.853300,2125.432200
2021,KAZ,F09,121049.495900,100487.974500,286113.891000,603.246500,47.404600,2072.096700
2021,KHM,B06,0.000000,0.000000,0.000000,0.000000,0.000000,0.000000
2021,KHM,B0609,32.711000,23.529400,78.282300,0.401800,0.000300,0.429500
2021,KHM,F,20730.223300,11673.892200,46589.210900,419.763200,34.358900,476.157300
2021,KHM,F09,20697.512300,11650.362800,46510.928600,419.361400,34.358600,475.727800
2021,KOR,B06,73.578100,52.704800,153.685500,0.638000,0.149200,3.009500
2021,KOR,B0609,82.401900,59.750500,174.447100,0.670800,0.161600,3.557200
2021,KOR,F,2487786.144900,1969352.297500,4335633.082000,12415.956700,4737.788700,66470.594800
2021,KOR,F09,2487777.321100,1969345.251800,4335612.320400,12415.923900,4737.776300,66470.047100
2021,LAO,B06,43.747100,34.416000,238.485700,0.320600,0.095400,2.283900
2021,LAO,B0609,117.793500,97.896300,467.794300,0.509300,0.156900,5.801700
2021,LAO,F,11818.507300,9698.872800,29015.706300,25.730500,8.480800,544.022800
2021,LAO,F09,11744.460900,9635.392500,28786.397700,25.541800,8.419300,540.505000
2021,LTU,B06,63.648200,28.507100,131.170000,0.960300,0.005800,3.376300
2021,LTU,B0609,75.790500,35.315200,169.481400,1.033100,0.007700,3.965300
2021,LTU,F,62070.285400,35744.577300,124521.378700,491.099800,44.905600,2669.932800
2021,LTU,F09,62058.143100,35737.769200,124483.067300,491.027000,44.903700,2669.343800
2021,LUX,B06,0.000000,0.000000,0.000000,0.000000,0.000000,0.000000
2021,LUX,B0609,0.000000,0.000000,0.000000,0.000000,0.000000,0.000000
2021,LUX,F,233488.935000,111158.220900,315575.995000,483.025600,60.245800,4143.121500
2021,LUX,F09,233488.935000,111158.220900,315575.995000,483.025600,60.245800,4143.121500
2021,LVA,B06,0.000000,0.000000,0.000000,0.000000,0.000000,0.000000
2021,LVA,B0609,0.298100,0.204000,1.233000,0.001200,0.000000,0.024900
2021,LVA,F,35809.865200,25972.979900,71850.823400,220.553400,23.248400,1567.127400
2021,LVA,F09,35809.567100,25972.775900,71849.590400,220.552200,23.248400,1567.102500
2021,MAR,B06,5.262400,3.273400,26.160100,0.405800,0.001500,0.434800
2021,MAR,B0609,12.936800,8.046900,96.753700,0.592300,0.003600,1.408100
2021,MAR,F,104800.431300,73578.968900,237151.320900,1584.391400,82.500800,5085.371500
2021,MAR,F09,104792.756900,73574.195400,237080.727300,1584.204900,82.498700,5084.398200
2021,MEX,B06,10949.650300,8056.384000,36384.618200,677.832800,0.050900,196.612300
2021,MEX,B0609,17097.677800,12961.653900,46929.921600,795.582500,0.087600,317.975200
2021,MEX,F,986650.182000,680294.778100,2244364.202400,16210.198100,623.959800,17426.924500
2021,MEX,F09,980502.154500,675389.508200,2233818.899000,16092.448400,623.923100,17305.561600
2021,MLT,B06,9.605000,3.079000,15.144200,0.365800,0.000100,0.148600
2021,MLT,B0609,12.683900,4.035100,20.660500,0.398800,0.001200,0.205800
2021,MLT,F,29581.413000,15431.907500,48227.598100,471.114500,30.852800,508.852900
2021,MLT,F09,29578.334100,15430.951400,48222.081800,471.081500,30.851700,508.795700
2021,MMR,B06,2650.625900,2038.669300,4719.873500,171.469500,103.473800,38.994500
2021,MMR,B0609,2675.265700,2058.179400,4764.924700,172.081000,103.840700,39.463300
2021,MMR,F,89560.132400,81709.749700,156789.748600,1312.895500,893.963400,399.388700
2021,MMR,F09,89535.492600,81690.239600,156744.697400,1312.284000,893.596500,398.919900
2021,MYS,B06,34784.648300,27807.438600,47856.355600,189.762400,121.720700,177.066400
2021,MYS,B0609,37124.944900,29629.734300,52666.922700,203.515500,132.053500,191.559300
2021,MYS,F,515584.493500,383845.462200,874326.376700,2971.558000,2015.088200,2763.162000
2021,MYS,F09,513244.196900,382023.166500,869515.809600,2957.804900,2004.755400,2748.669100
2021,NGA,B06,13615.558700,11222.166700,48034.455400,72.640200,11.064800,148.001800
2021,NGA,B0609,13662.014300,11263.802800,48128.168200,73.654300,11.067900,148.241100
2021,NGA,F,346207.243000,323696.285600,741270.496900,3686.736200,101.414300,3248.740900
2021,NGA,F09,346160.787400,323654.649500,741176.784100,3685.722100,101.411200,3248.501600
2021,NLD,B06,4340.808000,3091.042700,21568.811100,34.381300,12.925100,189.709400
2021,NLD,B0609,5492.869400,3773.819000,23247.997400,35.603500,13.872800,240.229300
2021,NLD,F,1025096.523900,724160.670500,1958320.727000,6253.732100,2577.408900,34233.419000
2021,NLD,F09,1023944.462500,723477.894200,1956641.540700,6252.509900,2576.461200,34182.899100
2021,NOR,B06,11768.804900,9857.209800,121867.884000,30.412100,8.836100,291.066500
2021,NOR,B0609,21923.510300,18413.665100,137158.773800,49.905800,21.605600,501.332500
2021,NOR,F,330254.037800,258848.343000,675362.034800,3817.999400,1474.095700,14610.331900
2021,NOR,F09,320099.332400,250291.887700,660071.145000,3798.505700,1461.326200,14400.065900
2021,NZL,B06,1041.766100,885.003700,2184.669500,7.237100,6.172000,28.349000
2021,NZL,B0609,1202.081600,1024.930500,2596.624700,7.618200,6.464000,32.712100
2021,NZL,F,234797.661200,207427.742600,461878.779000,462.874300,361.751300,4544.721100
2021,NZL,F09,234637.345700,207287.815800,461466.823800,462.493200,361.459300,4540.358000
2021,PAK,B06,3006.921900,2363.236300,7792.105700,157.426400,114.674600,85.084200
2021,PAK,B0609,3221.584800,2540.727300,8314.127300,162.044000,118.169700,93.901800
2021,PAK,F,231352.053600,202446.865300,525162.263700,5030.178000,3883.730000,914.911400
2021,PAK,F09,231137.390700,202269.374300,524640.242100,5025.560400,3880.234900,906.093800
2021,PER,B06,857.983200,753.865300,4123.427800,3.232600,2.617700,28.222200
2021,PER,B0609,1283.340700,1097.800000,5285.580800,3.420300,2.697100,40.127500
2021,PER,F,132333.337800,103684.557000,338150.894300,163.247300,108.609400,4436.169100
2021,PER,F09,131907.980300,103340.622300,336988.741300,163.059600,108.530000,4424.263800
2021,PHL,B06,345.745200,243.256100,1014.254100,9.770700,0.029300,14.377000
2021,PHL,B0609,380.355700,267.167800,1078.679300,10.123500,0.032900,16.295900
2021,PHL,F,341114.096900,260983.110800,716017.006300,3515.040000,373.584300,6779.504800
2021,PHL,F09,341079.486400,260959.199100,715952.581100,3514.687200,373.580700,6777.585900
2021,POL,B06,94.678200,70.621900,174.048300,0.787900,0.177900,4.182400
2021,POL,B0609,468.473000,337.639500,849.189900,1.959300,0.590800,23.922500
2021,POL,F,780244.338300,577693.658600,1398344.994900,2755.376400,832.492800,25288.391000
2021,POL,F09,779870.543500,577426.641000,1397669.853300,2754.205000,832.079900,25268.650900
2021,PRT,B06,0.000000,0.000000,0.000000,0.000000,0.000000,0.000000
2021,PRT,B0609,221.783400,105.296800,242.588200,0.490400,0.299900,12.750800
2021,PRT,F,236608.458100,173753.584300,468006.011200,405.833900,224.934400,10061.520400
2021,PRT,F09,236386.674700,173648.287500,467763.423000,405.343500,224.634500,10048.769600
2021,ROU,B06,1047.142600,776.952000,2191.664500,9.571000,0.001900,36.193900
2021,ROU,B0609,1402.821000,1046.371200,2780.152000,10.659500,0.002800,51.890800
2021,ROU,F,271652.069800,202917.616900,536833.262100,1391.107400,327.974600,7931.884100
2021,ROU,F09,271296.391400,202648.197700,536244.774600,1390.018900,327.973700,7916.187200
2021,RUS,B06,14073.074100,13196.319300,142716.583500,23.846600,0.584800,137.877000
2021,RUS,B0609,107819.015200,100872.126900,247843.746800,84.605700,13.284500,1292.806300
2021,RUS,F,1615019.326300,1428489.657800,3175125.532400,3516.522700,891.578000,39917.967700
2021,RUS,F09,1521273.385200,1340813.850200,3069998.369100,3455.763600,878.878300,38763.038400
2021,SAU,B06,35186.763000,26797.027600,226520.678400,59.884100,46.917300,1059.013800
2021,SAU,B0609,35788.026600,27257.008000,227862.237400,60.851500,47.712000,1072.282800
2021,SAU,F,524368.924800,448809.522000,1130345.647000,1302.310600,963.918900,8327.462600
2021,SAU,F09,523767.661200,448349.541600,1129004.088000,1301.343200,963.124200,8314.193600
2021,SEN,B06,38.409900,23.830900,74.750100,6.048700,0.001300,0.415500
2021,SEN,B0609,95.577500,55.917100,173.874700,6.230400,0.004500,1.086000
2021,SEN,F,18796.805600,12613.147400,44362.869200,1370.651000,6.868200,713.323400
2021,SEN,F09,18739.638000,12581.061200,44263.744600,1370.469300,6.865000,712.652900
2021,SGP,B06,0.000000,0.000000,0.000000,0.000000,0.000000,0.000000
2021,SGP,B0609,0.000000,0.000000,0.000000,0.000000,0.000000,0.000000
2021,SGP,F,640791.789400,291884.408200,1059485.610700,77895.325900,21193.616700,10810.009200
2021,SGP,F09,640791.789400,291884.408200,1059485.610700,77895.325900,21193.616700,10810.009200
2021,STP,B06,0.254300,0.201400,0.910700,0.018200,0.000200,0.000200
2021,STP,B0609,0.461600,0.368000,1.354800,0.022800,0.000300,0.000000
2021,STP,F,377.059000,328.411700,898.230600,6.103700,0.329000,0.238500
2021,STP,F09,376.851700,328.245100,897.786500,6.099100,0.328900,0.238700
2021,SVK,B06,0.080600,0.063000,0.423000,0.000200,0.000100,0.004100
2021,SVK,B0609,128.061100,100.984200,240.884200,0.215100,0.071600,5.612700
2021,SVK,F,152709.776400,92372.386400,265510.392000,339.365400,109.155300,5580.634500
2021,SVK,F09,152581.795900,92271.465200,265269.930800,339.150500,109.083800,5575.025900
2021,SVN,B06,0.000000,0.000000,0.000000,0.000000,0.000000,0.000000
2021,SVN,B0609,8.573500,5.695200,9.191700,0.026500,0.002000,0.498200
2021,SVN,F,62618.261800,39708.147600,119016.071200,336.326100,33.053800,2066.961600
2021,SVN,F09,62609.688300,39702.452400,119006.879500,336.299600,33.051800,2066.463400
2021,SWE,B06,70.178000,51.002800,105.491700,0.924500,0.432100,4.759300
2021,SWE,B0609,94.033500,69.803000,373.666200,1.059000,0.517600,6.350700
2021,SWE,F,562331.298900,435819.165800,1152013.178400,3575.177500,1949.148000,24127.544800
2021,SWE,F09,562307.443400,435800.365600,1151745.003900,3575.043000,1949.062500,24125.953400
2021,THA,B06,6941.318000,4723.992500,14450.728100,133.840800,51.146400,156.381500
2021,THA,B0609,7147.512900,4879.283800,16625.386600,135.642600,51.931500,170.129400
2021,THA,F,629052.754500,438618.702200,1101080.656500,8005.258700,3860.736700,17763.725100
2021,THA,F09,628846.559600,438463.410900,1098905.998000,8003.456900,3859.951600,17749.977200
2021,TUN,B06,655.622800,316.249900,1942.244300,13.536900,0.069500,2.738700
2021,TUN,B0609,749.646300,379.701200,2133.683800,14.561200,0.168900,3.541500
2021,TUN,F,32605.605700,21226.568400,75189.558000,710.780000,84.841100,264.324600
2021,TUN,F09,32511.582200,21163.117100,74998.118500,709.755700,84.741700,263.521800
2021,TUR,B06,582.845400,485.365900,1945.982300,8.780600,2.289600,14.146900
2021,TUR,B0609,657.058200,544.130700,2446.783400,9.281300,2.503800,20.737000
2021,TUR,F,773335.547400,601358.868100,1540104.241500,7368.794900,2963.992300,34982.221100
2021,TUR,F09,773261.334600,601300.103300,1539603.440400,7368.294200,2963.778100,34975.631000
2021,TWN,B06,155.656400,93.434100,562.635600,29.188600,28.229700,1.621800
2021,TWN,B0609,641.944300,373.192700,1487.887200,30.142500,28.685300,9.944300
2021,TWN,F,861137.643100,624198.409900,1621209.455900,13207.253000,12063.368100,5255.477500
2021,TWN,F09,860651.355200,623918.651300,1620284.204300,13206.299100,12062.912500,5247.155000
2021,UKR,B06,4430.696400,3430.088300,7677.772000,65.965000,30.064900,114.736900
2021,UKR,B0609,7382.573600,5744.349200,11021.867700,86.342200,41.872900,229.686500
2021,UKR,F,233355.203200,192280.716900,410491.831700,3282.224100,1620.094200,8580.091800
2021,UKR,F09,230403.326000,189966.456000,407147.736000,3261.846900,1608.286200,8465.142200
2021,USA,B06,240713.052000,202895.031800,475550.795500,2359.930600,249.630400,4485.696300
2021,USA,B0609,260057.576000,220664.721000,528362.287400,2377.771100,264.787800,4964.250900
2021,USA,F,17814145.769100,16467728.033800,40518101.186700,41704.173100,13803.498500,216742.362100
2021,USA,F09,17794801.245100,16449958.344600,40465289.694800,41686.332600,13788.341100,216263.807500
2021,VNM,B06,1269.401300,958.813700,2174.027900,10.745100,6.877500,44.179700
2021,VNM,B0609,2186.709400,1682.136800,3626.059600,15.859200,10.838500,91.420900
2021,VNM,F,956654.757600,678381.479100,1310764.176900,7046.803700,5320.470300,20890.993400
2021,VNM,F09,955737.449500,677658.156000,1309312.145200,7041.689600,5316.509300,20843.752200
2021,ZAF,B06,903.390600,757.574000,1279.336800,22.483900,0.023300,45.364200
2021,ZAF,B0609,1666.146500,1418.933700,2284.749200,27.835900,0.045500,87.107800
2021,ZAF,F,417313.737900,353726.467900,811805.609700,3092.446000,136.521900,16141.721900
2021,ZAF,F09,416550.982000,353065.108200,810800.197300,3087.094000,136.499700,16099.978300
2021,ROW,B06,213492.028200,194046.964800,652999.033400,4096.315100,817.056500,763.046400
2021,ROW,B0609,240804.404500,217426.831600,716155.848900,4402.170000,906.900300,962.461600
2021,ROW,F,2586563.259300,2060451.901400,5793820.180300,48199.556300,19535.518000,41786.779800
2021,ROW,F09,2559250.883000,2037072.034600,5730663.364800,47893.701400,19445.674200,41587.364600
2022,AGO,B06,10412.756100,9156.088200,43070.500700,324.930600,118.083500,-3.670900
2022,AGO,B0609,11767.012200,10377.643800,49199.696900,333.983000,123.086700,-4.472700
2022,AGO,F,45187.208900,39607.296300,125894.421900,938.421300,401.274400,-41.458500
2022,AGO,F09,43832.952800,38385.740700,119765.225700,929.368900,396.271200,-40.656700
2022,ARE,B06,29717.615000,18241.040200,153333.812000,672.351100,2.204300,88.852100
2022,ARE,B0609,41176.750300,25727.309100,179740.571700,734.982100,11.632300,108.744700
2022,ARE,F,382531.466400,207722.849800,776042.791800,6011.806800,475.804800,1238.291400
2022,ARE,F09,371072.331100,200236.580900,749636.032100,5949.175800,466.376800,1218.398800
2022,ARG,B06,11895.455300,10626.660000,23898.183500,136.598300,0.031400,1598.389900
2022,ARG,B0609,13884.981000,12461.259400,29342.107800,140.792900,0.036800,1734.190400
2022,ARG,F,471667.379800,421035.477400,1018197.405900,1770.344400,195.310700,32436.979400
2022,ARG,F09,469677.854100,419200.878000,1012753.481600,1766.149800,195.305300,32301.178900
2022,AUS,B06,20589.502600,18827.550200,87600.789500,122.609600,113.776700,267.646000
2022,AUS,B0609,28932.091100,26548.491700,104392.986000,140.555100,129.462800,362.726900
2022,AUS,F,1550872.808500,1388057.235200,3098602.300300,5535.367900,4912.016700,23434.448900
2022,AUS,F09,1542530.220000,1380336.293700,3081810.103800,5517.422400,4896.330600,23339.368000
2022,AUT,B06,263.925400,188.437300,1224.493000,4.151700,0.005300,12.975900
2022,AUT,B0609,336.880900,240.859800,1359.355800,4.439400,0.007100,17.388900
2022,AUT,F,526727.110700,376308.195100,964376.525200,2231.276200,155.610400,16095.931600
2022,AUT,F09,526654.155200,376255.772600,964241.662400,2230.988500,155.608600,16091.518600
2022,BEL,B06,0.000000,0.000000,0.000000,0.000000,0.000000,0.000000
2022,BEL,B0609,6.592500,4.348000,13.405300,0.029000,0.004100,0.349700
2022,BEL,F,729341.909000,475148.982400,1273965.424000,5583.675600,426.186700,21847.335000
2022,BEL,F09,729335.316500,475144.634400,1273952.018700,5583.646600,426.182600,21846.985300
2022,BGD,B06,1803.237000,1610.266500,6307.040600,89.137900,54.552300,16.200600
2022,BGD,B0609,1916.271300,1711.782900,6601.881000,90.990200,55.773900,17.510100
2022,BGD,F,331467.044500,292942.715900,738997.775100,7765.779600,5252.635900,4167.608000
2022,BGD,F09,331354.010200,292841.199500,738702.934700,7763.927300,5251.414300,4166.298500
2022,BGR,B06,56.456600,25.331400,75.349900,0.812200,0.025900,5.108000
2022,BGR,B0609,98.758000,50.296400,130.344700,1.070600,0.060400,8.160900
2022,BGR,F,100026.683700,66241.207200,184203.847900,1085.768600,93.090300,3901.350100
2022,BGR,F09,99984.382300,66216.242200,184148.853100,1085.510200,93.055800,3898.297200
2022,BLR,B06,206.688800,127.474100,636.529900,2.753800,0.032300,14.804300
2022,BLR,B0609,257.598800,160.264600,805.059600,2.953900,0.065000,18.506400
2022,BLR,F,71333.765100,46236.844700,139658.037100,711.936300,149.493400,3554.558300
2022,BLR,F09,71282.855100,46204.054200,139489.507400,711.736200,149.460700,3550.856200
2022,BRA,B06,32678.722300,28593.653900,80492.550500,287.800300,39.675300,2450.465000
2022,BRA,B0609,35755.011600,31325.766200,85655.111700,295.632700,42.711600,2669.430200
2022,BRA,F,1865666.238200,1645005.462600,3576203.093500,7349.306000,2763.522000,96537.941300
2022,BRA,F09,1862589.948900,1642273.350300,3571040.532300,7341.473600,2760.485700,96318.976100
2022,BRN,B06,3673.046500,2739.107800,8292.779700,69.759700,64.941100,-6.144400
2022,BRN,B0609,4110.395400,3133.404100,9392.248400,72.136100,67.060000,-7.779800
2022,BRN,F,17124.115100,11973.380300,29635.848000,140.873500,123.374100,9.393700
2022,BRN,F09,16686.766200,11579.084000,28536.379300,138.497100,121.255200,11.029100
2022,CAN,B06,50755.636800,41049.286400,142635.485900,533.195200,2.339700,862.616400
2022,CAN,B0609,57043.854700,46324.191500,161156.462700,547.923200,2.646000,1005.186800
2022,CAN,F,1692474.104500,1320874.966000,3657129.300100,7317.624200,881.349700,33805.678300
2022,CAN,F09,1686185.886600,1315600.060900,3638608.323300,7302.896200,881.043400,33663.107900
2022,CHE,B06,5.403200,4.267500,9.396100,0.110700,0.083400,0.025800
2022,CHE,B0609,22.005400,17.530300,49.282300,0.236300,0.188100,0.249900
2022,CHE,F,1079493.452300,840945.204700,1889169.328400,28978.046500,21933.081000,3282.599600
2022,CHE,F09,1079476.850100,840931.941900,1889129.442200,28977.920900,21932.976300,3282.375500
2022,CHL,B06,96.646600,72.295600,278.167100,1.717500,0.009400,3.365900
2022,CHL,B0609,295.191700,235.142400,1010.706000,2.599900,0.195300,11.416600
2022,CHL,F,272637.770500,214536.220600,551649.805100,2002.280300,420.715300,9255.663300
2022,CHL,F09,272439.225400,214373.373800,550917.266200,2001.397900,420.529400,9247.612600
2022,CHN,B06,151046.415000,137927.634800,340860.015600,3705.750100,2520.934700,4594.650700
2022,CHN,B0609,175068.711400,160556.746400,377490.381500,3869.920700,2640.088200,5635.419900
2022,CHN,F,27738603.795800,25609754.158600,44754059.877900,248713.323900,187528.740900,665691.398500
2022,CHN,F09,27714581.499400,25587125.047000,44717429.512000,248549.153300,187409.587400,664650.629300
2022,CIV,B06,84.588400,59.918700,141.564100,1.450400,0.001400,2.579600
2022,CIV,B0609,115.906300,83.070900,187.279800,1.610100,0.034400,3.659800
2022,CIV,F,42255.864300,33778.162500,108258.320200,353.372800,74.043300,1552.773500
2022,CIV,F09,42224.546400,33755.010300,108212.604500,353.213100,74.010300,1551.693300
2022,CMR,B06,410.727700,213.423800,3101.287800,9.367700,4.876000,33.979200
2022,CMR,B0609,488.657800,259.582800,3391.862300,10.542600,5.564700,40.327400
2022,CMR,F,15110.109600,11962.806200,54418.223700,199.564500,102.410200,785.454900
2022,CMR,F09,15032.179500,11916.647200,54127.649200,198.389600,101.721500,779.106700
2022,COD,B06,78.925700,38.014000,377.291100,3.489700,0.004300,1.577900
2022,COD,B0609,158.219200,86.743900,723.839400,4.368700,0.149000,3.022800
2022,COD,F,27663.713600,12055.826000,90413.655400,768.088100,82.358100,601.425600
2022,COD,F09,27584.420100,12007.096100,90067.107100,767.209100,82.213400,599.980700
2022,COL,B06,12049.476200,9827.523600,26268.354400,420.490200,0.349500,791.208000
2022,COL,B0609,12139.235100,9902.477300,26465.158000,421.158800,0.352800,800.541800
2022,COL,F,293228.730600,248525.939900,602323.483000,2268.479500,116.500200,11937.557200
2022,COL,F09,293138.971700,248450.986200,602126.679400,2267.810900,116.496900,11928.223400
2022,CRI,B06,0.522700,0.357500,1.937700,0.036100,0.009400,0.034500
2022,CRI,B0609,0.800800,0.559500,2.560400,0.041100,0.011400,0.052800
2022,CRI,F,44936.647000,31962.665400,110561.089300,1474.931100,556.132600,1846.726900
2022,CRI,F09,44936.368900,31962.463400,110560.466600,1474.926100,556.130600,1846.708600
2022,CYP,B06,14.046100,6.587900,29.596700,1.979800,1.855300,0.732600
2022,CYP,B0609,14.603700,6.857100,30.504800,2.002600,1.876600,0.777100
2022,CYP,F,28617.869100,13102.685300,54398.294500,1162.130100,1080.939600,921.351200
2022,CYP,F09,28617.311500,13102.416100,54397.386400,1162.107300,1080.918300,921.306700
2022,CZE,B06,76.633300,67.266900,134.928200,0.171000,0.001000,1.504300
2022,CZE,B0609,184.570800,152.397600,313.079400,0.241600,0.027600,6.132700
2022,CZE,F,395668.376400,269261.950300,668697.626600,691.404300,130.198800,9348.082300
2022,CZE,F09,395560.438900,269176.819600,668519.475400,691.333700,130.172200,9343.453900
2022,DEU,B06,668.870600,510.660900,1094.443900,5.812700,0.320700,34.629200
2022,DEU,B0609,1363.238800,1056.209600,2826.191800,7.817000,1.052400,68.555700
2022,DEU,F,4151053.603200,3204198.304700,7971655.742300,23231.125100,7089.964200,130204.551500
2022,DEU,F09,4150359.235000,3203652.756000,7969923.994400,23229.120800,7089.232500,130170.625000
2022,DNK,B06,882.041800,542.432200,2610.316400,12.308500,10.568200,53.207200
2022,DNK,B0609,1148.324000,707.611500,3289.248200,14.277900,12.305700,66.446300
2022,DNK,F,376316.118800,240290.421200,743937.919300,13351.290100,11298.250800,14896.792800
2022,DNK,F09,376049.836600,240125.241900,743258.987500,13349.320700,11296.513300,14883.553700
2022,EGY,B06,3012.471200,2550.815400,42053.387100,186.445400,122.226600,39.009400
2022,EGY,B0609,3223.142800,2732.230700,43295.353700,189.514200,124.374100,42.870500
2022,EGY,F,174171.445600,142173.600300,526041.060100,5836.428600,4041.733600,1677.446800
2022,EGY,F09,173960.774000,141992.185000,524799.093500,5833.359800,4039.586100,1673.585700
2022,ESP,B06,0.440600,0.370000,4.655800,0.000600,0.000300,0.014700
2022,ESP,B0609,210.020200,176.285700,555.436700,0.140800,0.060800,10.556000
2022,ESP,F,1427611.869800,1132735.003000,2754515.574600,1528.613300,677.167900,37192.435300
2022,ESP,F09,1427402.290200,1132559.087300,2753964.793700,1528.473100,677.107400,37181.894000
2022,EST,B06,188.473900,103.835200,425.031700,1.400300,0.117000,12.724200
2022,EST,B0609,195.097900,107.490300,437.770000,1.424300,0.128400,13.251200
2022,EST,F,43257.009000,26224.289500,78398.891200,283.625600,96.010800,1861.627500
2022,EST,F09,43250.385000,26220.634400,78386.152900,283.601600,95.999400,1861.100500
2022,FIN,B06,0.000000,0.000000,0.000000,0.000000,0.000000,0.000000
2022,FIN,B0609,130.641100,95.104500,258.139700,0.412400,0.296500,8.661500
2022,FIN,F,300895.510900,214615.473200,558821.452400,1660.420500,1196.682000,12462.179600
2022,FIN,F09,300764.869800,214520.368700,558563.312700,1660.008100,1196.385500,12453.518100
2022,FRA,B06,166.794000,122.400800,468.806400,3.614800,3.303900,12.991200
2022,FRA,B0609,516.892100,373.433700,1123.680100,5.421600,4.903300,42.363800
2022,FRA,F,2727098.416600,2149676.037000,5327977.995400,29038.272100,26200.721700,118108.728800
2022,FRA,F09,2726748.318500,2149425.004100,5327323.121700,29036.465300,26199.122300,118079.356200
2022,GBR,B06,15506.982200,9758.570000,32729.615800,331.739500,190.198100,419.077600
2022,GBR,B0609,20278.353800,13566.107200,39377.798400,335.813600,193.138400,551.346100
2022,GBR,F,2730951.613900,2192093.516800,5573517.874600,11256.418900,6959.944100,66226.164900
2022,GBR,F09,2726180.242300,2188285.979600,5566869.692000,11252.344800,6957.003800,66093.896400
2022,GRC,B06,21.121800,11.880900,44.344700,1.134900,0.173400,0.739800
2022,GRC,B0609,28.545200,17.056800,56.000000,1.285800,0.233800,1.543700
2022,GRC,F,191366.639700,116509.729400,389200.824900,14668.002600,1700.202000,4902.988200
2022,GRC,F09,191359.216300,116504.553500,389189.169600,14667.851700,1700.141600,4902.184300
2022,HKG,B06,0.000000,0.000000,0.000000,0.000000,0.000000,0.000000
2022,HKG,B0609,281.167700,225.341300,330.886800,3.326600,2.458500,6.344800
2022,HKG,F,302717.202800,242710.518400,652702.810500,18481.166300,11017.711400,5804.084300
2022,HKG,F09,302436.035100,242485.177100,652371.923700,18477.839700,11015.252900,5797.739500
2022,HRV,B06,3.065200,1.715700,3.597600,0.015300,0.008900,0.291500
2022,HRV,B0609,23.158800,13.198800,48.136700,0.072500,0.054800,2.083600
2022,HRV,F,62393.502400,41084.418400,125549.861000,345.885700,261.027500,3133.460000
2022,HRV,F09,62373.408800,41072.935300,125505.321900,345.828500,260.981600,3131.667900
2022,HUN,B06,123.463100,72.246400,524.093600,0.762600,0.360400,6.475400
2022,HUN,B0609,260.315900,159.842700,876.326300,1.004300,0.456900,14.797400
2022,HUN,F,220525.125200,117144.721100,381775.696700,495.354100,183.807900,8664.765600
2022,HUN,F09,220388.272400,117057.124800,381423.464000,495.112400,183.711400,8656.443600
2022,IDN,B06,39309.942900,33071.814800,77351.190200,457.471400,401.001300,362.555000
2022,IDN,B0609,40659.300100,34214.910900,84725.979100,464.966700,406.884400,374.880800
2022,IDN,F,1094490.124300,937929.413800,2330040.617600,7719.114300,6645.085200,11907.760400
2022,IDN,F09,1093140.767100,936786.317700,2322665.828700,7711.619000,6639.202100,11895.434600
2022,IND,B06,5904.400300,4554.507900,23775.543000,122.011200,0.002600,163.521000
2022,IND,B0609,12918.078600,10606.925200,43611.083800,154.936400,0.006300,328.877800
2022,IND,F,3136871.712400,2524613.604800,6273905.797900,25460.883100,3141.548600,111770.747200
2022,IND,F09,3129858.034100,2518561.187500,6254070.257100,25427.957900,3141.544900,111605.390400
2022,IRL,B06,40.222900,5.101000,92.685600,0.644000,0.000700,0.286000
2022,IRL,B0609,50.869600,6.403900,126.276100,0.684700,0.002000,0.349800
2022,IRL,F,529432.014000,188142.078000,1057738.825600,3680.430000,161.106000,4766.896500
2022,IRL,F09,529421.367300,188140.775100,1057705.235100,3680.389300,161.104700,4766.832700
2022,ISL,B06,0.686900,0.464400,1.725600,0.034600,0.012400,0.036500
2022,ISL,B0609,0.724200,0.492600,1.855700,0.035300,0.012800,0.039100
2022,ISL,F,25181.881200,17734.794200,51303.626700,776.470700,337.420800,980.327300
2022,ISL,F09,25181.843900,17734.766000,51303.496600,776.470000,337.420400,980.324700
2022,ISR,B06,358.009000,281.826300,991.988700,13.023400,6.641900,15.542100
2022,ISR,B0609,478.735000,376.857600,1375.985600,14.366400,7.442200,22.296000
2022,ISR,F,388431.674500,309455.721600,873609.248400,6381.215600,3757.116800,10507.505700
2022,ISR,F09,388310.948500,309360.690300,873225.251500,6379.872600,3756.316500,10500.751800
2022,ITA,B06,7959.700000,6037.233600,10136.676700,30.002300,9.999600,328.720500
2022,ITA,B0609,8170.066200,6210.354000,10930.108300,30.503000,10.352100,341.932000
2022,ITA,F,2269797.992400,1792582.884100,4180209.678500,5924.885100,3286.831100,70400.769900
2022,ITA,F09,2269587.626200,1792409.763700,4179416.246900,5924.384400,3286.478600,70387.558400
2022,JOR,B06,143.373300,92.863700,474.945600,10.255000,0.003200,3.511400
2022,JOR,B0609,209.673600,144.741700,691.576900,11.298400,0.005400,5.861300
2022,JOR,F,36172.214200,22382.019600,79064.606800,732.131800,34.986500,365.085200
2022,JOR,F09,36105.913900,22330.141600,78847.975500,731.088400,34.984300,362.735300
2022,JPN,B06,684.564200,618.248900,1189.649600,3.014500,1.870300,35.144900
2022,JPN,B0609,1685.108600,1464.830200,2954.659000,8.618400,2.794300,169.433300
2022,JPN,F,4050818.144400,3316480.105700,8093999.585300,41290.157000,20323.517100,171184.763400
2022,JPN,F09,4049817.600000,3315633.524400,8092234.575900,41284.553100,20322.593100,171050.475000
2022,KAZ,B06,17950.481000,14865.010600,41989.828400,212.058800,27.110400,305.170400
2022,KAZ,B0609,18780.667800,15538.932900,44054.454200,215.015700,27.639900,353.573600
2022,KAZ,F,117979.094200,91149.235600,306765.640000,741.724700,120.852500,2882.183000
2022,KAZ,F09,117148.907400,90475.313300,304701.014200,738.767800,120.323000,2833.779800
2022,KHM,B06,0.000000,0.000000,0.000000,0.000000,0.000000,0.000000
2022,KHM,B0609,36.104600,14.563600,86.239100,0.421300,0.067600,0.233500
2022,KHM,F,22963.584300,8463.148400,51493.414500,666.857200,44.053000,453.522200
2022,KHM,F09,22927.479700,8448.584800,51407.175400,666.435900,43.985400,453.288700
2022,KOR,B06,71.356100,51.034200,139.391200,0.494400,0.003500,2.129300
2022,KOR,B0609,80.013700,57.864800,158.221800,0.517900,0.011000,2.563400
2022,KOR,F,2588249.629400,1974518.829800,4309433.774700,12481.790200,4360.182400,65276.335400
2022,KOR,F09,2588240.971800,1974511.999200,4309414.944100,12481.766700,4360.174900,65275.901300
2022,LAO,B06,62.295800,41.749300,221.443800,1.237900,0.203400,2.901600
2022,LAO,B0609,145.637500,106.271100,432.198200,1.657500,0.289200,7.093700
2022,LAO,F,13081.423300,9772.476300,27152.306700,59.197200,12.596400,510.269300
2022,LAO,F09,12998.081600,9707.954500,26941.552300,58.777600,12.510600,506.077200
2022,LTU,B06,69.452900,21.617300,132.929400,0.787500,0.018000,1.848600
2022,LTU,B0609,83.257000,28.214100,171.755400,0.853700,0.025700,2.294900
2022,LTU,F,73113.606900,39469.079800,139699.395400,566.413900,57.323400,2101.732600
2022,LTU,F09,73099.802800,39462.483000,139660.569400,566.347700,57.315700,2101.286300
2022,LUX,B06,0.000000,0.000000,0.000000,0.000000,0.000000,0.000000
2022,LUX,B0609,0.000000,0.000000,0.000000,0.000000,0.000000,0.000000
2022,LUX,F,217554.265300,102186.975400,295838.794700,479.478400,60.500700,4037.646100
2022,LUX,F09,217554.265300,102186.975400,295838.794700,479.478400,60.500700,4037.646100
2022,LVA,B06,0.000000,0.000000,0.000000,0.000000,0.000000,0.000000
2022,LVA,B0609,1.134200,0.788000,2.187600,0.003600,0.000300,0.101100
2022,LVA,F,39872.501400,27926.628100,77606.088400,247.626500,25.482000,1655.823500
2022,LVA,F09,39871.367200,27925.840100,77603.900800,247.622900,25.481700,1655.722400
2022,MAR,B06,6.040900,3.260500,25.367400,0.449500,0.001000,0.387600
2022,MAR,B0609,13.690000,7.093300,80.469600,0.568400,0.002500,1.131700
2022,MAR,F,110126.970200,70133.001400,232575.467900,1615.446700,141.348900,3973.467200
2022,MAR,F09,110119.321100,70129.168600,232520.365700,1615.327800,141.347400,3972.723100
2022,MEX,B06,12154.782400,8686.806600,39413.722100,922.242000,0.056600,182.213000
2022,MEX,B0609,19292.303200,14236.440200,51471.822200,1034.431500,0.101100,312.177900
2022,MEX,F,1135545.802800,761246.197900,2555259.310700,20588.267100,766.541400,19100.965800
2022,MEX,F09,1128408.282000,755696.564300,2543201.210600,20476.077600,766.496900,18971.000900
2022,MLT,B06,9.562700,2.944600,14.944300,0.347100,0.000100,0.091200
2022,MLT,B0609,12.851200,3.855400,20.592800,0.370300,0.001500,0.143800
2022,MLT,F,29180.648700,14162.397300,47387.050500,463.342300,28.840000,410.364400
2022,MLT,F09,29177.360200,14161.486500,47381.402000,463.319100,28.838600,410.311800
2022,MMR,B06,2421.613500,1740.864000,4196.597400,159.885300,84.524900,25.415700
2022,MMR,B0609,2442.925500,1757.108000,4235.335700,160.309700,84.761900,25.655900
2022,MMR,F,77026.243400,69007.194300,134983.881000,1159.959200,719.929600,366.806400
2022,MMR,F09,77004.931400,68990.950300,134945.142700,1159.534800,719.692600,366.566200
2022,MYS,B06,34045.089900,26439.748400,52134.207000,199.402500,122.508300,167.448100
2022,MYS,B0609,36601.138100,28415.395100,57374.787900,214.044000,133.605100,182.113700
2022,MYS,F,565845.968100,418181.925600,952929.021200,3407.141400,2319.152900,2979.157700
2022,MYS,F09,563289.919900,416206.278900,947688.440300,3392.499900,2308.056100,2964.492100
2022,NGA,B06,14947.494300,11348.982500,53117.556800,1183.508800,0.987100,117.137600
2022,NGA,B0609,14993.790900,11387.754100,53215.833600,1184.310100,0.991100,117.461200
2022,NGA,F,379456.740600,343737.672600,815217.183100,4586.885600,173.078200,3706.149300
2022,NGA,F09,379410.444000,343698.901000,815118.906300,4586.084300,173.074200,3705.825700
2022,NLD,B06,4972.811600,3675.452800,22169.607200,35.591500,21.632600,20.073900
2022,NLD,B0609,5353.026300,3887.159900,23677.745100,36.044400,21.988900,32.403200
2022,NLD,F,1079597.996600,761842.592800,1997965.906100,7723.343500,4409.728000,31359.950700
2022,NLD,F09,1079217.781900,761630.885700,1996457.768200,7722.890600,4409.371700,31347.621400
2022,NOR,B06,20833.514400,17011.227100,223098.334000,82.927900,37.216600,758.150400
2022,NOR,B0609,30912.430900,25305.827800,239011.827100,107.748400,55.749700,1011.528000
2022,NOR,F,340773.491900,263034.448600,688516.369600,4244.022500,1723.628600,13823.328700
2022,NOR,F09,330694.575400,254739.847900,672602.876500,4219.202000,1705.095500,13569.951100
2022,NZL,B06,1040.611200,882.588600,2313.309700,6.941300,5.842400,26.044700
2022,NZL,B0609,1196.328600,1016.787800,2749.522200,7.233600,6.033600,29.956500
2022,NZL,F,239162.689600,208021.709200,470299.210100,503.955700,377.044000,4749.271500
2022,NZL,F09,239006.972200,207887.510000,469862.997600,503.663400,376.852800,4745.359700
2022,PAK,B06,2942.877000,2369.687900,7534.042700,155.498800,110.734200,92.143600
2022,PAK,B0609,3152.099900,2541.045900,8038.775800,158.929500,113.337900,101.886900
2022,PAK,F,226176.828000,195069.970500,503221.708200,4843.710000,3685.673700,1140.246900
2022,PAK,F09,225967.605100,194898.612500,502716.975100,4840.279300,3683.070000,1130.503600
2022,PER,B06,848.320900,741.697000,5874.932000,2.295800,1.769100,25.303400
2022,PER,B0609,1335.493200,1130.956800,7231.541600,2.499900,1.838000,38.642000
2022,PER,F,154688.853400,119357.024300,376519.032900,158.487000,92.889400,5045.550900
2022,PER,F09,154201.681100,118967.764500,375162.423300,158.282900,92.820500,5032.212300
2022,PHL,B06,399.316400,268.692300,1344.008100,12.795200,0.029100,17.193900
2022,PHL,B0609,431.466100,289.045900,1406.787400,13.079900,0.032300,19.278200
2022,PHL,F,349081.102300,255560.670600,734252.870100,4016.967600,389.451500,7746.198700
2022,PHL,F09,349048.952600,255540.317000,734190.090800,4016.682900,389.448300,7744.114400
2022,POL,B06,136.876200,102.252500,215.559000,1.185600,0.298900,5.780200
2022,POL,B0609,496.235500,350.921900,918.562900,2.140000,0.681900,24.964000
2022,POL,F,867220.381600,632754.089500,1505524.209000,3132.950700,1006.879500,25312.501800
2022,POL,F09,866861.022300,632505.420100,1504821.205100,3131.996300,1006.496500,25293.318000
2022,PRT,B06,0.000000,0.000000,0.000000,0.000000,0.000000,0.000000
2022,PRT,B0609,73.119600,55.443100,85.411700,0.100300,0.057400,5.856800
2022,PRT,F,264492.036100,186738.351600,495999.895500,541.088300,309.609900,10887.782700
2022,PRT,F09,264418.916500,186682.908500,495914.483800,540.988000,309.552500,10881.925900
2022,ROU,B06,906.460800,662.940600,5488.389300,5.926400,0.001200,25.129900
2022,ROU,B0609,1214.153800,893.775000,6039.529200,6.609200,0.152000,37.632200
2022,ROU,F,315887.704900,236495.603100,592836.324700,1622.049500,495.586900,7926.953600
2022,ROU,F09,315580.011900,236264.768700,592285.184800,1621.366700,495.436100,7914.451300
2022,RUS,B06,17361.706100,16505.956200,175872.329500,25.192900,3.101500,151.379800
2022,RUS,B0609,133395.393800,127051.089400,305635.809600,74.392800,22.238500,1279.173000
2022,RUS,F,2008919.092700,1836132.852000,3918906.597300,3570.804700,1198.836700,36928.542100
2022,RUS,F09,1892885.405000,1725587.718800,3789143.117200,3521.604800,1179.699700,35800.748900
2022,SAU,B06,35799.562400,25664.224500,301279.476000,122.239200,83.095800,892.177700
2022,SAU,B0609,36555.487500,26181.247000,303060.091000,123.303000,83.880900,905.904400
2022,SAU,F,651326.670100,552947.671300,1452058.506400,1581.990400,1183.391100,13319.556000
2022,SAU,F09,650570.745000,552430.648800,1450277.891400,1580.926600,1182.606000,13305.829300
2022,SEN,B06,30.405100,18.315400,57.302000,5.257300,0.001000,0.306900
2022,SEN,B0609,169.108600,92.872100,352.148400,5.754300,0.012700,1.814300
2022,SEN,F,19362.330600,12050.693500,45488.210700,1416.029800,7.808500,635.496400
2022,SEN,F09,19223.627100,11976.136800,45193.364300,1415.532800,7.796800,633.989000
2022,SGP,B06,0.000000,0.000000,0.000000,0.000000,0.000000,0.000000
2022,SGP,B0609,0.000000,0.000000,0.000000,0.000000,0.000000,0.000000
2022,SGP,F,706284.544300,347732.495200,1168099.206100,101541.255500,31948.623500,13779.375400
2022,SGP,F09,706284.544300,347732.495200,1168099.206100,101541.255500,31948.623500,13779.375400
2022,STP,B06,0.260500,0.205300,0.937800,0.020000,0.000100,0.001500
2022,STP,B0609,0.472600,0.376100,1.395100,0.023800,0.000300,0.003000
2022,STP,F,388.464400,332.339600,926.447200,6.736700,0.326900,1.619200
2022,STP,F09,388.252300,332.168800,925.989900,6.732900,0.326700,1.617700
2022,SVK,B06,0.123200,0.097400,0.457800,0.000500,0.000200,0.005500
2022,SVK,B0609,147.666100,115.537700,257.799300,0.203400,0.070600,5.988100
2022,SVK,F,173717.003200,103664.686200,284396.797500,360.414500,118.539100,6141.968900
2022,SVK,F09,173569.460300,103549.245900,284139.456000,360.211600,118.468700,6135.986300
2022,SVN,B06,0.000000,0.000000,0.000000,0.000000,0.000000,0.000000
2022,SVN,B0609,8.687300,5.932500,9.386400,0.028200,0.003800,0.555700
2022,SVN,F,66380.778300,38719.414900,121667.367100,371.938600,49.441600,2392.693200
2022,SVN,F09,66372.091000,38713.482400,121657.980700,371.910400,49.437800,2392.137500
2022,SWE,B06,67.673300,47.839800,101.405300,1.134800,0.572000,5.832000
2022,SWE,B0609,102.192400,73.808400,304.134100,1.348200,0.722200,8.789500
2022,SWE,F,565626.509200,418548.889200,1108739.235400,4591.404300,2622.366300,28323.245400
2022,SWE,F09,565591.990100,418522.920600,1108536.506600,4591.190900,2622.216100,28320.287900
2022,THA,B06,6678.577500,3941.159600,14153.150000,72.570900,34.203000,107.001500
2022,THA,B0609,6871.500800,4078.697100,16169.709500,73.552200,34.756700,118.020500
2022,THA,F,616192.302100,401777.060100,1078811.358900,6059.587600,3007.031900,17707.806200
2022,THA,F09,615999.378800,401639.522600,1076794.799400,6058.606300,3006.478200,17696.787200
2022,TUN,B06,553.433500,222.060500,1844.007000,15.943000,0.002400,2.236000
2022,TUN,B0609,643.975300,279.829600,2031.966300,16.795200,0.087300,2.706900
2022,TUN,F,32490.372900,18956.104800,74553.804800,786.054800,72.368500,228.194500
2022,TUN,F09,32399.831100,18898.335700,74365.845500,785.202600,72.283600,227.723600
2022,TUR,B06,629.461600,472.310400,2155.237700,22.384300,4.604900,40.674500
2022,TUR,B0609,713.919500,533.509000,2709.891000,23.316600,4.937900,48.494800
2022,TUR,F,857736.968600,629386.755400,1705663.092600,9124.196500,3452.330900,37464.605100
2022,TUR,F09,857652.510700,629325.556800,1705108.439300,9123.264200,3451.997900,37456.784800
2022,TWN,B06,169.980100,94.777400,564.322100,23.390800,22.278800,2.190100
2022,TWN,B0609,670.623300,381.744900,1492.347100,24.356200,22.769500,12.959500
2022,TWN,F,877278.363600,610458.498300,1620070.632400,12565.812400,11181.224000,6894.181500
2022,TWN,F09,876777.720400,610171.530800,1619142.607400,12564.847000,11180.733300,6883.412100
2022,UKR,B06,4035.918700,3025.597100,6419.360200,63.000900,27.210900,95.617400
2022,UKR,B0609,6543.649000,4885.877100,9215.347700,77.659500,36.582500,181.359200
2022,UKR,F,191815.407300,147380.833700,338335.226300,3062.840600,1445.769100,7184.943000
2022,UKR,F09,189307.677000,145520.553700,335539.238800,3048.182000,1436.397500,7099.201200
2022,USA,B06,359071.270400,324626.539700,714042.119600,2906.983100,1009.037100,7371.718300
2022,USA,B0609,374517.819100,339002.223000,777681.320900,2942.573400,1026.907500,7794.109600
2022,USA,F,19852704.226300,18238590.314100,44585594.803400,60726.980300,29725.459200,244308.641600
2022,USA,F09,19837257.677600,18224214.630800,44521955.602100,60691.390000,29707.588800,243886.250300
2022,VNM,B06,1652.417600,1276.811600,2955.557700,11.645200,6.650900,47.601800
2022,VNM,B0609,2614.263800,2044.193000,4520.444200,15.540400,9.535400,89.584300
2022,VNM,F,1141668.241800,834320.106100,1542382.163800,6784.003200,4931.160200,23673.780900
2022,VNM,F09,1140706.395600,833552.724700,1540817.277300,6780.108000,4928.275700,23631.798400
2022,ZAF,B06,859.218800,678.670000,1224.289200,31.251000,0.029800,47.123200
2022,ZAF,B0609,1582.223600,1266.631100,2186.440500,36.228000,0.058900,93.040400
2022,ZAF,F,396992.863400,320223.235700,777852.043400,4098.668800,176.588600,16905.656400
2022,ZAF,F09,396269.858600,319635.274600,776889.892100,4093.691800,176.559500,16859.739200
2022,ROW,B06,244760.734200,208680.648000,794086.319800,8542.877700,1347.152200,1192.016200
2022,ROW,B0609,274494.348400,233623.349900,866481.660100,8862.319700,1433.972500,1458.223100
2022,ROW,F,2895552.410200,2271042.872800,6477879.051300,52290.621800,19489.094900,48358.222300
2022,ROW,F09,2865818.796000,2246100.170900,6405483.711000,51971.179800,19402.274600,48092.015400
